Country,CustomerID,Recency,Frequency,Monetary,R_Score,F_Score,M_Score,RFM_Score,CustomerSegment
United Kingdom,13085.0,158,8,2134.08,3,4,5,345,Premium Customers
United Kingdom,13078.0,3,57,18859.53,5,5,5,555,New Customers
United Kingdom,15362.0,449,2,444.81,1,2,3,123,Regular Customers
France,12682.0,4,50,16406.81,5,5,5,555,New Customers
United Kingdom,18087.0,380,12,1675.26,2,5,4,254,Regular Customers
United Kingdom,13635.0,68,4,2764.06,3,3,5,335,Premium Customers
United Kingdom,14110.0,37,31,7944.110000000001,4,5,5,455,New Customers
United Kingdom,17519.0,17,15,2989.5,5,5,5,555,Premium Customers
United Kingdom,13758.0,12,14,5271.52,5,5,5,555,Premium Customers
Australia,16321.0,72,7,577.7,3,4,3,343,Premium Customers
United Kingdom,16167.0,414,5,1006.83,1,4,4,144,Regular Customers
United Kingdom,17865.0,31,43,17797.44,4,5,5,455,New Customers
United Kingdom,17592.0,739,1,148.3,1,2,1,121,Regular Customers
United Kingdom,13767.0,2,69,18546.48,5,5,5,555,New Customers
United Kingdom,17238.0,3,32,6473.36,5,5,5,555,New Customers
United Kingdom,15712.0,9,12,2954.25,5,5,5,555,Premium Customers
United Kingdom,15311.0,1,202,40503.78,5,5,5,555,High Value Customers
United Kingdom,16329.0,428,4,1126.22,1,4,4,144,Regular Customers
United Kingdom,17700.0,17,14,5109.31,5,5,5,555,Premium Customers
EIRE,14911.0,1,367,174896.61000000002,5,5,5,555,Occasional Customers
United Kingdom,15998.0,37,16,6962.87,4,5,5,455,New Customers
Germany,12533.0,628,2,1100.89,1,2,4,124,Regular Customers
United Kingdom,17984.0,145,5,968.69,3,4,4,344,Premium Customers
United Kingdom,14871.0,3,9,1133.02,5,5,4,554,Premium Customers
United Kingdom,13394.0,2,19,5508.29,5,5,5,555,New Customers
United Kingdom,16011.0,8,29,5211.68,5,5,5,555,New Customers
United Kingdom,16393.0,2,23,5217.6,5,5,5,555,New Customers
United Kingdom,14040.0,41,34,8711.67,4,5,5,455,New Customers
United Kingdom,12913.0,5,10,2063.33,5,5,5,555,Premium Customers
United Kingdom,15061.0,4,60,10397.41,5,5,5,555,New Customers
United Kingdom,14341.0,45,18,3942.77,4,5,5,455,Premium Customers
United Kingdom,17804.0,376,3,333.89,2,3,2,232,Regular Customers
EIRE,14156.0,10,106,52404.93,5,5,5,555,High Value Customers
United Kingdom,13599.0,1,30,6552.52,5,5,5,555,New Customers
United Kingdom,17063.0,21,13,3364.44,4,5,5,455,Premium Customers
United Kingdom,15719.0,33,31,9143.67,4,5,5,455,New Customers
France,12490.0,5,20,7630.74,5,5,5,555,New Customers
United Kingdom,15793.0,15,7,325.32000000000005,5,4,2,542,Premium Customers
United Kingdom,17056.0,738,1,112.7,1,2,1,121,Regular Customers
United Kingdom,13526.0,738,2,348.98,1,2,2,122,Regular Customers
United Kingdom,14654.0,738,1,216.62,1,1,2,112,Regular Customers
United Kingdom,17998.0,380,3,313.3,2,3,2,232,Regular Customers
United Kingdom,17742.0,113,11,1102.5800000000002,3,5,4,354,Premium Customers
United Kingdom,15326.0,334,5,1580.17,2,4,4,244,Regular Customers
United Kingdom,14478.0,382,4,808.3000000000001,2,3,3,233,Regular Customers
United Kingdom,15967.0,23,12,2427.15,4,5,5,455,Premium Customers
United Kingdom,17611.0,7,28,7100.9,5,5,5,555,New Customers
United Kingdom,15051.0,23,9,3008.23,4,5,5,455,Premium Customers
United Kingdom,13097.0,33,27,9189.8,4,5,5,455,New Customers
United Kingdom,13590.0,11,18,4742.1900000000005,5,5,5,555,New Customers
United Kingdom,15984.0,3,25,5112.33,5,5,5,555,New Customers
United Kingdom,16887.0,35,3,582.07,4,3,3,433,Premium Customers
United Kingdom,12921.0,9,74,27270.96,5,5,5,555,New Customers
United Kingdom,14543.0,29,34,3525.89,4,5,5,455,New Customers
United Kingdom,15945.0,365,4,398.36,2,4,2,242,Regular Customers
United Kingdom,15662.0,661,2,256.78000000000003,1,2,2,122,Regular Customers
United Kingdom,15380.0,9,8,571.2,5,5,3,553,Premium Customers
United Kingdom,13110.0,31,12,2030.72,4,5,5,455,Premium Customers
United Kingdom,12836.0,59,15,3955.19,4,5,5,455,Premium Customers
United Kingdom,15005.0,16,56,12039.49,5,5,5,555,New Customers
United Kingdom,16620.0,4,6,1538.92,5,4,4,544,Premium Customers
Portugal,12758.0,117,7,5235.58,3,4,5,345,Premium Customers
United Kingdom,17961.0,21,94,2195.29,4,5,5,455,New Customers
United Kingdom,15601.0,11,30,11682.98,5,5,5,555,New Customers
United Kingdom,13442.0,667,3,271.07,1,3,2,132,Regular Customers
United Kingdom,13381.0,32,12,6234.83,4,5,5,455,Premium Customers
United Kingdom,16763.0,199,2,571.3,2,3,3,233,Premium Customers
United Kingdom,17243.0,1,69,14304.62,5,5,5,555,New Customers
United Kingdom,17345.0,15,10,1109.3,5,5,4,554,Premium Customers
United Kingdom,13819.0,302,6,1826.25,2,4,4,244,Regular Customers
United Kingdom,15808.0,306,21,12842.37,2,5,5,255,New Customers
United Kingdom,17191.0,28,15,3632.32,4,5,5,455,Premium Customers
United Kingdom,13748.0,96,8,1043.7,3,4,4,344,Premium Customers
United Kingdom,15265.0,151,4,2796.59,3,4,5,345,Premium Customers
United Kingdom,15750.0,3,18,5589.791,5,5,5,555,New Customers
United Kingdom,17428.0,1,40,12936.03,5,5,5,555,New Customers
United Kingdom,15485.0,30,7,2758.76,4,4,5,445,Premium Customers
United Kingdom,17246.0,547,2,28.97,1,3,1,131,Regular Customers
United Kingdom,14061.0,724,2,340.1,1,2,2,122,Regular Customers
United Kingdom,14108.0,31,4,884.01,4,3,4,434,Premium Customers
United Kingdom,13648.0,400,8,1685.58,2,4,4,244,Regular Customers
United Kingdom,16563.0,54,6,1557.45,4,4,4,444,Premium Customers
United Kingdom,16701.0,9,25,4223.7,5,5,5,555,New Customers
United Kingdom,12842.0,70,4,973.31,3,3,4,334,Premium Customers
United Kingdom,14302.0,431,3,545.5,1,3,3,133,Regular Customers
United Kingdom,14831.0,680,3,1237.62,1,3,4,134,Regular Customers
United Kingdom,15602.0,8,14,2163.9500000000003,5,5,5,555,Premium Customers
United Kingdom,13777.0,9,39,5882.63,5,5,5,555,New Customers
United Kingdom,14000.0,211,5,1225.76,2,4,4,244,Premium Customers
United Kingdom,16823.0,227,7,1951.18,2,4,4,244,Premium Customers
United Kingdom,16163.0,365,5,916.58,2,4,4,244,Regular Customers
United Kingdom,15759.0,297,5,192.89,2,4,1,241,Regular Customers
United Kingdom,16131.0,52,10,6004.03,4,5,5,455,Premium Customers
United Kingdom,14560.0,17,30,1819.34,5,5,4,554,New Customers
United Kingdom,17087.0,738,1,221.53,1,2,2,122,Regular Customers
United Kingdom,14894.0,85,3,1360.21,3,3,4,334,Premium Customers
United Kingdom,16202.0,361,9,1737.47,2,5,4,254,Regular Customers
United Kingdom,16700.0,9,25,7995.34,5,5,5,555,New Customers
United Kingdom,17511.0,3,52,23335.98,5,5,5,555,New Customers
United Kingdom,14299.0,8,25,4951.47,5,5,5,555,New Customers
United Kingdom,14799.0,51,2,184.37,4,2,1,421,Premium Customers
United Kingdom,16550.0,109,18,7813.5,3,5,5,355,New Customers
United Kingdom,14425.0,435,3,633.5500000000001,1,3,3,133,Regular Customers
United Kingdom,15353.0,255,7,2174.4700000000003,2,4,5,245,Premium Customers
United Kingdom,17818.0,738,1,124.78,1,2,1,121,Regular Customers
United Kingdom,13654.0,43,11,5201.68,4,5,5,455,Premium Customers
United Kingdom,17189.0,106,5,814.62,3,4,3,343,Premium Customers
United Kingdom,13269.0,1,27,6628.32,5,5,5,555,New Customers
United Kingdom,14653.0,1,11,2587.1,5,5,5,555,Premium Customers
United Kingdom,17019.0,11,11,3166.11,5,5,5,555,Premium Customers
United Kingdom,15542.0,512,3,709.16,1,3,3,133,Regular Customers
United Kingdom,13564.0,354,35,13153.68,2,5,5,255,New Customers
United Kingdom,15833.0,738,1,80.4,1,1,1,111,Regular Customers
United Kingdom,14527.0,3,120,15557.98,5,5,5,555,New Customers
United Kingdom,17476.0,396,2,274.81,2,3,2,232,Regular Customers
United Kingdom,14440.0,8,12,3806.93,5,5,5,555,Premium Customers
United Kingdom,15287.0,22,5,627.03,4,4,3,443,Premium Customers
United Kingdom,15680.0,9,10,3520.59,5,5,5,555,Premium Customers
United Kingdom,15581.0,156,35,3806.2,3,5,5,355,New Customers
United Kingdom,13740.0,241,5,1212.18,2,4,4,244,Premium Customers
United Kingdom,17768.0,8,6,2193.99,5,4,5,545,Premium Customers
United Kingdom,12948.0,16,9,2009.36,5,5,5,555,Premium Customers
United Kingdom,14667.0,11,53,14399.01,5,5,5,555,New Customers
United Kingdom,17377.0,24,77,14877.38,4,5,5,455,New Customers
United Kingdom,14467.0,18,12,2107.39,5,5,5,555,Premium Customers
United Kingdom,13457.0,689,2,148.22,1,2,1,121,Regular Customers
United Kingdom,18108.0,254,3,661.71,2,3,3,233,Premium Customers
United Kingdom,16210.0,2,27,3848.99,5,5,5,555,New Customers
United Kingdom,14669.0,242,7,2849.58,2,4,5,245,Premium Customers
United Kingdom,17909.0,737,1,77.4,1,2,1,121,Regular Customers
United Kingdom,16086.0,59,10,2090.07,4,5,5,455,Premium Customers
United Kingdom,16711.0,3,6,549.44,5,4,3,543,Premium Customers
United Kingdom,16233.0,71,8,1059.86,3,5,4,354,Premium Customers
United Kingdom,14739.0,20,23,3276.9,4,5,5,455,New Customers
United Kingdom,14204.0,2,4,817.88,5,3,3,533,Premium Customers
United Kingdom,17606.0,737,1,87.30000000000001,1,2,1,121,Regular Customers
United Kingdom,16797.0,393,5,1464.62,2,4,4,244,Regular Customers
United Kingdom,16126.0,29,15,9358.23,4,5,5,455,New Customers
United Kingdom,17867.0,30,10,417.24,4,5,2,452,Premium Customers
United Kingdom,17412.0,3,16,3376.72,5,5,5,555,Premium Customers
United Kingdom,16525.0,2,48,7135.81,5,5,5,555,New Customers
United Kingdom,13623.0,31,10,1578.5,4,5,4,454,Premium Customers
United Kingdom,14549.0,311,4,787.69,2,3,3,233,Regular Customers
United Kingdom,14980.0,737,1,123.13,1,1,1,111,Regular Customers
United Kingdom,14396.0,65,7,1687.18,3,4,4,344,Premium Customers
United Kingdom,16987.0,3,10,1571.35,5,5,4,554,Premium Customers
United Kingdom,17809.0,16,11,2358.4500000000003,5,5,5,555,Premium Customers
United Kingdom,15917.0,248,5,408.82,2,4,2,242,Premium Customers
United Kingdom,14080.0,33,5,491.89,4,4,3,443,Premium Customers
United Kingdom,16200.0,4,12,4723.87,5,5,5,555,Premium Customers
United Kingdom,15794.0,737,1,394.35,1,1,2,112,Regular Customers
United Kingdom,15615.0,10,46,16943.13,5,5,5,555,New Customers
United Kingdom,18001.0,12,5,635.42,5,4,3,543,Premium Customers
United Kingdom,17841.0,2,208,52017.77,5,5,5,555,High Value Customers
United Kingdom,13089.0,4,163,66702.38,5,5,5,555,High Value Customers
United Kingdom,15989.0,376,2,277.22,2,2,2,222,Regular Customers
United Kingdom,17660.0,141,2,313.82,3,3,2,332,Premium Customers
United Kingdom,13313.0,22,12,3236.44,4,5,5,455,Premium Customers
France,12437.0,2,37,8494.2,5,5,5,555,New Customers
United Kingdom,14841.0,53,14,5773.47,4,5,5,455,New Customers
United Kingdom,15482.0,16,14,3112.78,5,5,5,555,Premium Customers
United Kingdom,16156.0,9,19,5016.91,5,5,5,555,New Customers
United Kingdom,17716.0,29,21,10494.16,4,5,5,455,New Customers
Poland,12779.0,38,14,4589.38,4,5,5,455,Premium Customers
United Kingdom,13611.0,89,10,2931.19,3,5,5,355,Premium Customers
United Kingdom,15255.0,67,8,2896.2000000000003,3,5,5,355,Premium Customers
United Kingdom,14771.0,621,2,594.62,1,2,3,123,Regular Customers
United Kingdom,14838.0,423,2,698.37,1,2,3,123,Regular Customers
United Kingdom,13979.0,73,7,3037.58,3,4,5,345,Premium Customers
United Kingdom,13800.0,310,3,1049.47,2,3,4,234,Regular Customers
United Kingdom,14483.0,282,2,257.1,2,2,2,222,Regular Customers
United Kingdom,14915.0,91,11,1644.25,3,5,4,354,Premium Customers
United Kingdom,13753.0,288,4,1851.57,2,3,4,234,Regular Customers
United Kingdom,16301.0,737,1,107.33,1,1,1,111,Regular Customers
United Kingdom,13931.0,96,11,4555.42,3,5,5,355,Premium Customers
United Kingdom,17035.0,246,4,442.24,2,4,3,243,Premium Customers
United Kingdom,15194.0,3,28,8195.61,5,5,5,555,New Customers
United Kingdom,14347.0,737,1,66.7,1,1,1,111,Regular Customers
United Kingdom,15291.0,26,32,7040.06,4,5,5,455,New Customers
United Kingdom,17209.0,649,2,252.95,1,3,2,132,Regular Customers
United Kingdom,15658.0,190,7,1472.0700000000002,2,4,4,244,Premium Customers
United Kingdom,17314.0,25,17,3743.72,4,5,5,455,Premium Customers
United Kingdom,17155.0,18,7,540.85,5,4,3,543,Premium Customers
United Kingdom,17322.0,376,5,854.78,2,4,4,244,Regular Customers
United Kingdom,16159.0,282,4,1165.74,2,4,4,244,Regular Customers
United Kingdom,14051.0,1,37,15571.01,5,5,5,555,New Customers
United Kingdom,13993.0,43,18,4821.06,4,5,5,455,New Customers
United Kingdom,17411.0,12,5,1263.7,5,4,4,544,Premium Customers
United Kingdom,15768.0,116,34,7527.2,3,5,5,355,New Customers
United Kingdom,12835.0,428,40,5108.03,1,5,5,155,New Customers
United Kingdom,15179.0,18,12,5014.34,5,5,5,555,Premium Customers
United Kingdom,17069.0,28,14,4635.13,4,5,5,455,Premium Customers
United Kingdom,16918.0,50,16,2789.34,4,5,5,455,Premium Customers
United Kingdom,15466.0,85,4,1452.96,3,4,4,344,Premium Customers
United Kingdom,14159.0,20,20,7200.68,4,5,5,455,New Customers
United Kingdom,17581.0,1,42,13751.92,5,5,5,555,New Customers
United Kingdom,16168.0,11,60,5274.72,5,5,5,555,New Customers
United Kingdom,14606.0,1,183,21778.18,5,5,5,555,High Value Customers
United Kingdom,17287.0,26,21,2706.45,4,5,5,455,Premium Customers
United Kingdom,17913.0,59,14,3057.19,4,5,5,455,Premium Customers
United Kingdom,13416.0,44,3,804.8000000000001,4,3,3,433,Premium Customers
United Kingdom,16779.0,2,52,21420.67,5,5,5,555,New Customers
United Kingdom,13895.0,28,6,3109.67,4,4,5,445,Premium Customers
United Kingdom,14057.0,24,20,5644.19,4,5,5,455,New Customers
United Kingdom,17017.0,3,28,7606.67,5,5,5,555,New Customers
United Kingdom,13208.0,59,9,1627.3,4,5,4,454,Premium Customers
United Kingdom,17465.0,426,7,2266.48,1,4,5,145,Regular Customers
United Kingdom,13468.0,2,71,9766.1,5,5,5,555,New Customers
United Kingdom,13485.0,233,11,2250.11,2,5,5,255,Premium Customers
United Kingdom,17271.0,736,1,165.95000000000002,1,2,1,121,Regular Customers
United Kingdom,16139.0,19,5,1061.14,5,4,4,544,Premium Customers
United Kingdom,15953.0,15,17,1690.62,5,5,4,554,Premium Customers
United Kingdom,15856.0,4,50,18990.35,5,5,5,555,New Customers
United Kingdom,14967.0,50,5,453.71,4,4,3,443,Premium Customers
United Kingdom,16497.0,50,23,5227.38,4,5,5,455,New Customers
United Kingdom,17764.0,51,5,1302.42,4,4,4,444,Premium Customers
United Kingdom,14905.0,158,8,1288.79,3,5,4,354,Premium Customers
United Kingdom,18229.0,12,26,5201.11,5,5,5,555,New Customers
United Kingdom,17293.0,8,16,2614.96,5,5,5,555,Premium Customers
United Kingdom,17853.0,407,3,1240.89,2,3,4,234,Regular Customers
United Kingdom,15550.0,4,12,1757.25,5,5,4,554,Premium Customers
United Kingdom,13531.0,205,6,1164.92,2,4,4,244,Premium Customers
United Kingdom,13786.0,367,6,1990.54,2,4,5,245,Regular Customers
United Kingdom,14952.0,60,27,8856.49,3,5,5,355,New Customers
United Kingdom,14031.0,7,40,19109.06,5,5,5,555,New Customers
United Kingdom,12937.0,15,9,2440.86,5,5,5,555,Premium Customers
United Kingdom,16612.0,33,9,2864.83,4,5,5,455,Premium Customers
United Kingdom,12949.0,31,22,13192.76,4,5,5,455,New Customers
United Kingdom,14958.0,147,6,486.39,3,4,3,343,Premium Customers
United Kingdom,17329.0,14,5,931.9,5,4,4,544,Premium Customers
United Kingdom,16736.0,506,4,2188.1800000000003,1,4,5,145,Regular Customers
United Kingdom,13001.0,4,33,15595.02,5,5,5,555,New Customers
United Kingdom,14644.0,68,5,815.77,3,4,3,343,Premium Customers
United Kingdom,14898.0,23,14,2359.71,4,5,5,455,Premium Customers
United Kingdom,14662.0,29,7,1103.21,4,4,4,444,Premium Customers
United Kingdom,17414.0,185,3,84.0,3,3,1,331,Premium Customers
United Kingdom,14755.0,10,25,8122.39,5,5,5,555,New Customers
United Kingdom,17576.0,8,40,6554.02,5,5,5,555,New Customers
United Kingdom,13037.0,138,12,3351.71,3,5,5,355,Premium Customers
United Kingdom,14710.0,14,13,1744.14,5,5,4,554,Premium Customers
United Kingdom,18168.0,176,16,2600.0,3,5,5,355,Premium Customers
United Kingdom,17679.0,53,7,2278.02,4,4,5,445,Premium Customers
United Kingdom,17851.0,422,6,1268.35,1,4,4,144,Regular Customers
United Kingdom,14750.0,736,1,85.18,1,1,1,111,Regular Customers
United Kingdom,16791.0,29,15,3368.84,4,5,5,455,Premium Customers
United Kingdom,16558.0,1,38,10479.31,5,5,5,555,New Customers
United Kingdom,15884.0,432,2,96.7,1,2,1,121,Regular Customers
United Kingdom,17343.0,355,6,1017.64,2,4,4,244,Regular Customers
United Kingdom,17372.0,41,27,3514.54,4,5,5,455,New Customers
United Kingdom,16003.0,30,10,3423.49,4,5,5,455,Premium Customers
United Kingdom,17432.0,18,9,1555.29,5,5,4,554,Premium Customers
United Kingdom,14713.0,9,21,4437.76,5,5,5,555,New Customers
United Kingdom,16722.0,17,22,6148.27,5,5,5,555,New Customers
France,12577.0,35,8,1455.41,4,4,4,444,Premium Customers
United Kingdom,12872.0,327,12,2848.26,2,5,5,255,Regular Customers
United Kingdom,15755.0,10,17,5298.5,5,5,5,555,New Customers
United Kingdom,14258.0,9,24,8985.7,5,5,5,555,New Customers
United Kingdom,14286.0,24,7,6966.69,4,4,5,445,Premium Customers
United Kingdom,13154.0,399,3,1271.29,2,3,4,234,Regular Customers
Channel Islands,14564.0,435,2,1746.12,1,2,4,124,Regular Customers
United Kingdom,13408.0,2,89,15582.852,5,5,5,555,New Customers
United Kingdom,16645.0,736,1,160.39,1,2,1,121,Regular Customers
France,12714.0,9,12,10865.45,5,5,5,555,New Customers
United Kingdom,16335.0,552,7,2065.32,1,4,5,145,Regular Customers
United Kingdom,13093.0,276,52,20908.19,2,5,5,255,New Customers
Netherlands,12759.0,52,8,4251.43,4,4,5,445,Premium Customers
United Kingdom,13666.0,60,5,98.15,3,4,1,341,Premium Customers
United Kingdom,17160.0,31,17,9766.66,4,5,5,455,New Customers
United Kingdom,13946.0,79,6,561.73,3,4,3,343,Premium Customers
United Kingdom,14723.0,10,11,1655.99,5,5,4,554,Premium Customers
United Kingdom,14961.0,11,20,12516.45,5,5,5,555,New Customers
United Kingdom,14735.0,4,51,7992.150000000001,5,5,5,555,New Customers
United Kingdom,18061.0,22,27,2376.94,4,5,5,455,New Customers
United Kingdom,15078.0,7,50,15935.63,5,5,5,555,New Customers
United Kingdom,16883.0,187,17,1343.76,3,5,4,354,Premium Customers
United Kingdom,13175.0,582,2,618.15,1,2,3,123,Regular Customers
United Kingdom,17076.0,36,6,754.8299999999999,4,4,3,443,Premium Customers
United Kingdom,13948.0,361,4,457.26,2,3,3,233,Regular Customers
United Kingdom,18223.0,5,26,11266.55,5,5,5,555,New Customers
United Kingdom,16192.0,736,1,190.8,1,1,1,111,Regular Customers
United Kingdom,15999.0,736,1,20.4,1,1,1,111,Regular Customers
United Kingdom,15109.0,246,3,700.5,2,3,3,233,Premium Customers
United Kingdom,14680.0,25,52,18440.54,4,5,5,455,New Customers
United Kingdom,16891.0,2,11,1440.04,5,5,4,554,Premium Customers
United Kingdom,18092.0,2,16,4783.3,5,5,5,555,Premium Customers
United Kingdom,13481.0,46,11,3493.64,4,5,5,455,Premium Customers
United Kingdom,13807.0,367,3,261.25,2,3,2,232,Regular Customers
United Kingdom,14979.0,735,1,375.21,1,1,2,112,Regular Customers
United Kingdom,16656.0,22,25,2510.13,4,5,5,455,New Customers
United Kingdom,16746.0,5,41,10859.4,5,5,5,555,New Customers
United Kingdom,17157.0,8,18,2754.6,5,5,5,555,Premium Customers
United Kingdom,15309.0,611,3,685.41,1,3,3,133,Regular Customers
United Kingdom,16325.0,47,12,2698.4500000000003,4,5,5,455,Premium Customers
United Kingdom,16541.0,735,1,352.33,1,1,2,112,Regular Customers
United Kingdom,16723.0,108,3,753.84,3,3,3,333,Premium Customers
United Kingdom,16699.0,380,6,607.49,2,4,3,243,Regular Customers
United Kingdom,16710.0,19,22,4905.22,5,5,5,555,New Customers
Spain,12510.0,143,7,2426.33,3,4,5,345,Premium Customers
United Kingdom,13162.0,122,15,6044.33,3,5,5,355,New Customers
United Kingdom,15382.0,15,12,12021.4,5,5,5,555,New Customers
United Kingdom,13680.0,1,12,6087.35,5,5,5,555,Premium Customers
United Kingdom,12970.0,7,10,1136.78,5,5,4,554,Premium Customers
United Kingdom,17935.0,138,6,411.24,3,4,2,342,Premium Customers
United Kingdom,17593.0,4,11,6635.6900000000005,5,5,5,555,Premium Customers
United Kingdom,17151.0,735,1,231.90000000000003,1,2,2,122,Regular Customers
United Kingdom,16451.0,88,3,1003.2,3,3,4,334,Premium Customers
United Kingdom,17127.0,429,5,900.0300000000001,1,4,4,144,Regular Customers
United Kingdom,13694.0,4,51,8768.59,5,5,5,555,New Customers
United Kingdom,14087.0,3,3,677.97,5,3,3,533,Premium Customers
United Kingdom,13733.0,411,2,422.91,1,2,2,122,Regular Customers
United Kingdom,18181.0,24,5,1022.19,4,4,4,444,Premium Customers
United Kingdom,13174.0,16,11,6304.56,5,5,5,555,Premium Customers
United Kingdom,13329.0,32,8,1669.08,4,4,4,444,Premium Customers
United Kingdom,17421.0,386,3,1019.35,2,3,4,234,Regular Customers
United Kingdom,16351.0,333,13,3060.53,2,5,5,255,Regular Customers
United Kingdom,15684.0,547,3,116.25,1,3,1,131,Regular Customers
United Kingdom,17884.0,4,19,2216.94,5,5,5,555,Premium Customers
United Kingdom,15514.0,12,17,3904.01,5,5,5,555,Premium Customers
United Kingdom,13679.0,494,3,273.31,1,3,2,132,Regular Customers
United Kingdom,18225.0,3,26,8987.14,5,5,5,555,New Customers
United Kingdom,12748.0,1,305,32544.6,5,5,5,555,High Value Customers
United Kingdom,13487.0,58,5,624.62,4,4,3,443,Premium Customers
United Kingdom,17018.0,41,6,2116.1,4,4,5,445,Premium Customers
United Kingdom,18071.0,258,6,1073.33,2,4,4,244,Premium Customers
United Kingdom,14238.0,326,3,190.2,2,3,1,231,Regular Customers
United Kingdom,15223.0,226,5,1030.25,2,4,4,244,Premium Customers
United Kingdom,13021.0,4,17,3768.6,5,5,5,555,Premium Customers
United Kingdom,17115.0,8,7,1926.43,5,4,4,544,Premium Customers
United Kingdom,17850.0,372,155,47654.82,2,5,5,255,High Value Customers
United Kingdom,14239.0,43,21,3700.37,4,5,5,455,New Customers
United Kingdom,13999.0,10,29,7628.67,5,5,5,555,New Customers
United Kingdom,13958.0,380,8,2866.41,2,4,5,245,Regular Customers
United Kingdom,13641.0,641,4,595.27,1,3,3,133,Regular Customers
United Kingdom,15420.0,434,6,660.06,1,4,3,143,Regular Customers
Cyprus,12359.0,58,10,4864.34,4,5,5,455,Premium Customers
United Kingdom,12820.0,3,11,2306.81,5,5,5,555,Premium Customers
United Kingdom,16410.0,734,1,25.200000000000003,1,1,1,111,Regular Customers
United Kingdom,15240.0,45,12,3347.74,4,5,5,455,Premium Customers
United Kingdom,16158.0,522,8,407.0,1,5,2,152,Regular Customers
United Kingdom,15484.0,1,6,3402.8,5,4,5,545,Premium Customers
United Kingdom,14709.0,15,25,7272.81,5,5,5,555,New Customers
United Kingdom,15057.0,275,5,2040.94,2,4,5,245,Premium Customers
United Kingdom,14867.0,186,14,1634.56,3,5,4,354,Premium Customers
United Kingdom,17642.0,120,5,1622.45,3,4,4,344,Premium Customers
Germany,13813.0,40,8,2027.39,4,4,5,445,Premium Customers
United Kingdom,13589.0,15,5,599.84,5,4,3,543,Premium Customers
Belgium,12417.0,3,20,3974.29,5,5,5,555,New Customers
United Kingdom,17920.0,4,54,12612.69,5,5,5,555,New Customers
United Kingdom,12975.0,437,6,1630.17,1,4,4,144,Regular Customers
United Kingdom,16104.0,62,9,2422.75,3,5,5,355,Premium Customers
United Kingdom,17150.0,377,6,1095.6,2,4,4,244,Regular Customers
United Kingdom,17244.0,53,5,1106.27,4,4,4,444,Premium Customers
United Kingdom,16277.0,734,1,62.940000000000005,1,1,1,111,Regular Customers
United Kingdom,15260.0,100,23,6867.79,3,5,5,355,New Customers
France,12583.0,3,27,9847.67,5,5,5,555,New Customers
United Kingdom,15555.0,12,35,9025.55,5,5,5,555,New Customers
United Kingdom,13736.0,5,7,2196.2200000000003,5,4,5,545,Premium Customers
United Kingdom,15571.0,12,14,2980.84,5,5,5,555,Premium Customers
United Kingdom,14133.0,130,4,599.49,3,3,3,333,Premium Customers
United Kingdom,13448.0,17,12,6856.67,5,5,5,555,New Customers
United Kingdom,17085.0,123,27,6730.87,3,5,5,355,New Customers
United Kingdom,15059.0,41,19,2861.18,4,5,5,455,Premium Customers
United Kingdom,14468.0,734,1,86.65,1,1,1,111,Regular Customers
United Kingdom,16395.0,61,14,3119.35,3,5,5,355,Premium Customers
United Kingdom,16485.0,77,5,1867.27,3,4,4,344,Premium Customers
United Kingdom,15878.0,562,2,310.46,1,2,2,122,Regular Customers
United Kingdom,15860.0,41,17,1872.74,4,5,4,454,Premium Customers
United Kingdom,13373.0,61,6,5873.1,3,4,5,345,Premium Customers
United Kingdom,14608.0,4,8,1758.85,5,5,4,554,Premium Customers
United Kingdom,14896.0,205,8,1709.8,2,5,4,254,Premium Customers
United Kingdom,16964.0,733,2,207.85,1,3,2,132,Regular Customers
United Kingdom,15983.0,22,8,2213.67,4,5,5,455,Premium Customers
United Kingdom,13782.0,13,13,1330.94,5,5,4,554,Premium Customers
United Kingdom,14454.0,376,5,778.8,2,4,3,243,Regular Customers
United Kingdom,14717.0,733,1,71.35,1,1,1,111,Regular Customers
United Kingdom,16718.0,369,5,2319.48,2,4,5,245,Regular Customers
United Kingdom,15751.0,461,10,1085.32,1,5,4,154,Regular Customers
United Kingdom,14546.0,5,11,4761.54,5,5,5,555,Premium Customers
United Kingdom,17848.0,148,21,989.42,3,5,4,354,Premium Customers
United Kingdom,17561.0,19,4,611.65,5,4,3,543,Premium Customers
United Kingdom,15547.0,7,25,7966.35,5,5,5,555,New Customers
United Kingdom,17406.0,333,9,2634.58,2,5,5,255,Regular Customers
United Kingdom,14479.0,254,4,967.61,2,3,4,234,Premium Customers
United Kingdom,17969.0,166,20,1461.18,3,5,4,354,Premium Customers
United Kingdom,14548.0,571,6,730.39,1,4,3,143,Regular Customers
United Kingdom,17916.0,629,2,22.99,1,3,1,131,Regular Customers
United Kingdom,13319.0,5,57,17365.86,5,5,5,555,New Customers
United Kingdom,16773.0,57,3,311.14,4,3,2,432,Premium Customers
United Kingdom,15479.0,733,1,147.4,1,1,1,111,Regular Customers
United Kingdom,15822.0,3,6,1326.31,5,4,4,544,Premium Customers
United Kingdom,13890.0,1,14,2802.6800000000003,5,5,5,555,Premium Customers
United Kingdom,13211.0,10,9,1283.06,5,5,4,554,Premium Customers
United Kingdom,15641.0,105,12,4503.9,3,5,5,355,Premium Customers
United Kingdom,14123.0,733,1,423.43,1,1,3,113,Regular Customers
United Kingdom,13019.0,379,6,1140.85,2,4,4,244,Regular Customers
United Kingdom,17858.0,6,23,5124.05,5,5,5,555,New Customers
United Kingdom,14940.0,418,2,508.09,1,2,3,123,Regular Customers
United Kingdom,16686.0,47,16,4043.58,4,5,5,455,Premium Customers
United Kingdom,15691.0,395,3,332.5,2,3,2,232,Regular Customers
United Kingdom,16436.0,668,3,310.64,1,3,2,132,Regular Customers
United Kingdom,17610.0,540,5,1325.14,1,4,4,144,Regular Customers
United Kingdom,17530.0,1,12,2426.96,5,5,5,555,Premium Customers
United Kingdom,13491.0,52,27,3864.83,4,5,5,455,New Customers
United Kingdom,14003.0,733,1,166.43,1,1,1,111,Regular Customers
United Kingdom,12839.0,3,25,8716.960000000001,5,5,5,555,New Customers
United Kingdom,14738.0,43,9,1482.75,4,5,4,454,Premium Customers
United Kingdom,16124.0,317,4,1408.29,2,4,4,244,Regular Customers
Germany,12471.0,2,68,20523.08,5,5,5,555,New Customers
United Kingdom,17739.0,12,18,6602.47,5,5,5,555,New Customers
United Kingdom,16556.0,67,17,5938.79,3,5,5,355,New Customers
United Kingdom,14695.0,519,3,1104.79,1,3,4,134,Regular Customers
United Kingdom,14828.0,254,7,806.92,2,4,3,243,Premium Customers
United Kingdom,15115.0,18,2,430.55,5,2,3,523,Premium Customers
United Kingdom,13693.0,374,9,1508.63,2,5,4,254,Regular Customers
United Kingdom,14955.0,733,1,153.82,1,1,1,111,Regular Customers
United Kingdom,14037.0,176,6,721.76,3,4,3,343,Premium Customers
United Kingdom,18077.0,8,18,3885.89,5,5,5,555,Premium Customers
United Kingdom,13905.0,733,1,252.9,1,1,2,112,Regular Customers
Greece,17508.0,281,8,3128.94,2,5,5,255,Premium Customers
United Kingdom,16768.0,48,9,915.67,4,5,4,454,Premium Customers
United Kingdom,13984.0,27,11,1094.72,4,5,4,454,Premium Customers
United Kingdom,13495.0,8,10,3678.11,5,5,5,555,Premium Customers
United Kingdom,13190.0,544,3,237.0,1,3,2,132,Regular Customers
United Kingdom,14408.0,11,8,2048.23,5,4,5,545,Premium Customers
United Kingdom,15358.0,5,42,14768.17,5,5,5,555,New Customers
United Kingdom,17707.0,185,8,282.90000000000003,3,5,2,352,Premium Customers
United Kingdom,17044.0,375,10,4097.95,2,5,5,255,Regular Customers
United Kingdom,14471.0,591,2,390.3,1,2,2,122,Regular Customers
United Kingdom,17436.0,2,5,486.36,5,4,3,543,Premium Customers
United Kingdom,13234.0,673,2,290.35,1,2,2,122,Regular Customers
United Kingdom,14574.0,733,1,118.2,1,1,1,111,Regular Customers
United Kingdom,15716.0,146,11,2088.54,3,5,5,355,Premium Customers
United Kingdom,14540.0,10,11,2995.11,5,5,5,555,Premium Customers
United Kingdom,14307.0,89,10,3760.88,3,5,5,355,Premium Customers
United Kingdom,18219.0,3,17,2579.0,5,5,5,555,Premium Customers
United Kingdom,12747.0,2,26,5884.33,5,5,5,555,New Customers
United Kingdom,18162.0,732,1,348.83,1,2,2,122,Regular Customers
United Kingdom,17441.0,732,1,280.75,1,2,2,122,Regular Customers
United Kingdom,17988.0,12,14,341.79,5,5,2,552,Premium Customers
Germany,12600.0,29,20,3913.9,4,5,5,455,New Customers
France,12523.0,19,23,3213.1,5,5,5,555,New Customers
United Kingdom,13206.0,400,13,6631.94,2,5,5,255,Regular Customers
United Kingdom,14512.0,188,7,992.74,3,4,4,344,Premium Customers
United Kingdom,16353.0,18,28,4636.0,5,5,5,555,New Customers
United Kingdom,16018.0,39,4,459.09,4,4,3,443,Premium Customers
United Kingdom,14670.0,280,3,558.93,2,3,3,233,Regular Customers
United Kingdom,14590.0,425,20,2455.41,1,5,5,155,Regular Customers
United Kingdom,13070.0,192,4,693.2,2,3,3,233,Premium Customers
United Kingdom,17457.0,127,12,1643.46,3,5,4,354,Premium Customers
United Kingdom,15421.0,59,10,3475.59,4,5,5,455,Premium Customers
United Kingdom,17990.0,237,6,1482.61,2,4,4,244,Premium Customers
United Kingdom,13148.0,29,25,6511.400000000001,4,5,5,455,New Customers
United Kingdom,17364.0,1,27,9246.36,5,5,5,555,New Customers
United Kingdom,13042.0,598,3,1350.59,1,3,4,134,Regular Customers
Norway,12443.0,732,1,232.86,1,1,2,112,Regular Customers
United Kingdom,15694.0,8,21,4234.97,5,5,5,555,New Customers
United Kingdom,16717.0,24,14,5792.68,4,5,5,455,New Customers
United Kingdom,17231.0,12,24,5822.0,5,5,5,555,New Customers
United Kingdom,16702.0,415,4,622.39,1,4,3,143,Regular Customers
United Kingdom,13267.0,3,33,8036.1,5,5,5,555,New Customers
Spain,12540.0,20,31,13371.79,4,5,5,455,New Customers
United Kingdom,17270.0,469,2,327.45,1,3,2,132,Regular Customers
United Kingdom,13393.0,584,4,932.75,1,3,4,134,Regular Customers
United Kingdom,14113.0,4,12,2138.52,5,5,5,555,Premium Customers
Austria,12358.0,2,5,1993.93,5,4,5,545,Premium Customers
United Kingdom,18259.0,25,7,3700.7,4,4,5,445,Premium Customers
United Kingdom,17047.0,85,6,1845.13,3,4,4,344,Premium Customers
United Kingdom,14136.0,401,5,1372.23,2,4,4,244,Regular Customers
United Kingdom,16735.0,79,14,5626.15,3,5,5,355,Premium Customers
United Kingdom,14215.0,12,9,2697.12,5,5,5,555,Premium Customers
United Kingdom,13382.0,281,5,1303.33,2,4,4,244,Regular Customers
United Kingdom,13025.0,732,1,203.15,1,1,2,112,Regular Customers
United Kingdom,14558.0,654,2,90.0,1,2,1,121,Regular Customers
United Kingdom,18002.0,376,4,159.57,2,4,1,241,Regular Customers
United Kingdom,17854.0,185,6,743.88,3,4,3,343,Premium Customers
United Kingdom,15079.0,213,9,2076.62,2,5,5,255,Premium Customers
United Kingdom,18271.0,610,2,473.8,1,3,3,133,Regular Customers
United Kingdom,14290.0,11,8,3241.61,5,4,5,545,Premium Customers
United Kingdom,17268.0,150,4,246.2,3,4,2,342,Premium Customers
United Kingdom,17067.0,725,3,261.1,1,3,2,132,Regular Customers
United Kingdom,16560.0,27,8,2307.83,4,5,5,455,Premium Customers
United Kingdom,14861.0,52,10,1242.49,4,5,4,454,Premium Customers
United Kingdom,17371.0,17,6,425.12,5,4,3,543,Premium Customers
United Kingdom,18145.0,13,11,4904.54,5,5,5,555,Premium Customers
United Kingdom,16400.0,95,9,2026.41,3,5,5,355,Premium Customers
United Kingdom,15093.0,18,20,5919.28,5,5,5,555,New Customers
United Kingdom,13643.0,31,10,1687.17,4,5,4,454,Premium Customers
United Kingdom,17852.0,12,5,647.86,5,4,3,543,Premium Customers
United Kingdom,15456.0,283,10,1577.46,2,5,4,254,Premium Customers
United Kingdom,13571.0,13,26,4160.89,5,5,5,555,New Customers
United Kingdom,16732.0,32,4,3231.0,4,4,5,445,Premium Customers
United Kingdom,16940.0,52,8,5960.88,4,5,5,455,Premium Customers
United Kingdom,15162.0,731,1,215.4,1,1,2,112,Regular Customers
United Kingdom,18203.0,157,4,270.17,3,4,2,342,Premium Customers
United Kingdom,17978.0,365,4,506.86,2,4,3,243,Regular Customers
United Kingdom,15031.0,4,14,2416.54,5,5,5,555,Premium Customers
United Kingdom,14085.0,2,32,7899.52,5,5,5,555,New Customers
United Kingdom,17230.0,264,15,5033.76,2,5,5,255,Premium Customers
Portugal,12785.0,364,3,700.65,2,3,3,233,Regular Customers
United Kingdom,13081.0,12,25,38008.69,5,5,5,555,New Customers
United Kingdom,14605.0,374,4,611.3100000000001,2,3,3,233,Regular Customers
United Kingdom,14285.0,21,8,1190.59,4,4,4,444,Premium Customers
United Kingdom,16892.0,1,7,533.24,5,4,3,543,Premium Customers
United Kingdom,13204.0,731,1,761.96,1,1,3,113,Regular Customers
United Kingdom,15924.0,731,1,77.75,1,1,1,111,Regular Customers
United Kingdom,15823.0,729,2,3125.08,1,2,5,125,Regular Customers
United Kingdom,13576.0,10,27,3788.73,5,5,5,555,New Customers
Netherlands,14646.0,2,90,23236.44,5,5,5,555,New Customers
United Kingdom,17178.0,731,1,276.76,1,2,2,122,Regular Customers
United Kingdom,13798.0,8,57,5742.02,5,5,5,555,New Customers
United Kingdom,18275.0,578,2,603.85,1,3,3,133,Regular Customers
United Kingdom,13855.0,501,4,1185.85,1,3,4,134,Regular Customers
United Kingdom,15298.0,2,22,7153.13,5,5,5,555,New Customers
United Kingdom,15674.0,73,12,5416.8,3,5,5,355,Premium Customers
United Kingdom,14679.0,382,3,868.88,2,3,4,234,Regular Customers
United Kingdom,16253.0,67,7,4722.08,3,4,5,345,Premium Customers
United Kingdom,13557.0,28,13,2870.98,4,5,5,455,Premium Customers
United Kingdom,16204.0,23,3,855.22,4,3,4,434,Premium Customers
United Kingdom,15633.0,509,12,3368.26,1,5,5,155,Regular Customers
United Kingdom,15203.0,26,14,4270.14,4,5,5,455,Premium Customers
United Kingdom,13136.0,56,13,5721.92,4,5,5,455,Premium Customers
United Kingdom,17188.0,11,13,3225.89,5,5,5,555,Premium Customers
United Kingdom,13455.0,25,6,1608.84,4,4,4,444,Premium Customers
United Kingdom,13114.0,731,1,163.93,1,1,1,111,Regular Customers
United Kingdom,13768.0,727,2,810.6700000000001,1,2,3,123,Regular Customers
United Kingdom,14135.0,2,22,3430.8,5,5,5,555,New Customers
United Kingdom,14291.0,2,22,6491.05,5,5,5,555,New Customers
Germany,12712.0,29,21,4423.900000000001,4,5,5,455,New Customers
United Kingdom,13202.0,394,7,1042.25,2,4,4,244,Regular Customers
United Kingdom,14732.0,8,19,4303.22,5,5,5,555,New Customers
United Kingdom,16945.0,22,33,7670.15,4,5,5,455,New Customers
United Kingdom,13672.0,301,3,419.92,2,3,2,232,Regular Customers
United Kingdom,16771.0,33,9,3256.12,4,5,5,455,Premium Customers
United Kingdom,16782.0,10,38,7369.16,5,5,5,555,New Customers
United Kingdom,18051.0,634,7,1207.52,1,4,4,144,Regular Customers
United Kingdom,16912.0,29,15,3377.66,4,5,5,455,Premium Customers
United Kingdom,12924.0,88,12,1331.02,3,5,4,354,Premium Customers
United Kingdom,14173.0,11,6,275.90000000000003,5,4,2,542,Premium Customers
United Kingdom,14211.0,53,17,3584.09,4,5,5,455,Premium Customers
United Kingdom,14593.0,22,12,2948.32,4,5,5,455,Premium Customers
United Kingdom,16802.0,679,2,582.61,1,3,3,133,Regular Customers
United Kingdom,14295.0,40,4,1650.11,4,3,4,434,Premium Customers
United Kingdom,15302.0,730,1,264.20000000000005,1,1,2,112,Regular Customers
United Kingdom,16709.0,85,13,5288.32,3,5,5,355,Premium Customers
United Kingdom,17954.0,5,18,3359.37,5,5,5,555,Premium Customers
United Kingdom,13727.0,29,8,719.1,4,4,3,443,Premium Customers
United Kingdom,15911.0,624,8,1521.84,1,5,4,154,Regular Customers
United Kingdom,14990.0,612,2,191.57,1,2,1,121,Regular Customers
United Kingdom,16705.0,1,38,15266.211,5,5,5,555,New Customers
United Kingdom,13141.0,85,17,6629.47,3,5,5,355,New Customers
Germany,12709.0,15,27,9976.03,5,5,5,555,New Customers
United Kingdom,14171.0,98,2,341.74,3,2,2,322,Premium Customers
United Kingdom,13983.0,40,18,3952.9,4,5,5,455,Premium Customers
United Kingdom,17296.0,730,1,190.83,1,2,1,121,Regular Customers
United Kingdom,17631.0,2,7,884.25,5,4,4,544,Premium Customers
United Kingdom,17449.0,2,13,4214.46,5,5,5,555,Premium Customers
United Kingdom,17184.0,569,2,190.46,1,3,1,131,Regular Customers
United Kingdom,14107.0,52,11,4182.27,4,5,5,455,Premium Customers
United Kingdom,12917.0,400,4,597.6,2,3,3,233,Regular Customers
United Kingdom,16755.0,114,7,2409.89,3,4,5,345,Premium Customers
United Kingdom,13825.0,622,2,230.39,1,2,2,122,Regular Customers
United Kingdom,13770.0,437,2,323.22,1,2,2,122,Regular Customers
United Kingdom,14505.0,17,19,10163.55,5,5,5,555,New Customers
United Kingdom,15441.0,396,3,976.27,2,3,4,234,Regular Customers
United Kingdom,16933.0,1,9,2358.73,5,5,5,555,Premium Customers
United Kingdom,13426.0,1,22,6335.52,5,5,5,555,New Customers
United Kingdom,17043.0,32,8,1677.95,4,5,4,454,Premium Customers
United Kingdom,13498.0,730,1,194.15,1,1,1,111,Regular Customers
United Kingdom,16186.0,23,26,7957.4,4,5,5,455,New Customers
United Kingdom,18065.0,6,27,4357.4800000000005,5,5,5,555,New Customers
United Kingdom,17880.0,365,3,753.82,2,3,3,233,Regular Customers
United Kingdom,15077.0,495,2,962.88,1,2,4,124,Regular Customers
United Kingdom,13728.0,37,16,1987.22,4,5,5,455,Premium Customers
United Kingdom,15209.0,730,1,161.08,1,1,1,111,Regular Customers
United Kingdom,15841.0,73,9,1268.45,3,5,4,354,Premium Customers
United Kingdom,14134.0,383,14,4210.13,2,5,5,255,Regular Customers
United Kingdom,15465.0,20,32,4521.07,4,5,5,455,New Customers
United Kingdom,16143.0,3,12,3593.63,5,5,5,555,Premium Customers
United Kingdom,17603.0,78,4,1442.74,3,4,4,344,Premium Customers
United Kingdom,15523.0,84,11,1459.65,3,5,4,354,Premium Customers
United Kingdom,14942.0,402,3,246.32,2,3,2,232,Regular Customers
United Kingdom,14293.0,3,9,2254.61,5,5,5,555,Premium Customers
United Kingdom,17861.0,3,18,3622.01,5,5,5,555,Premium Customers
United Kingdom,15039.0,10,90,25617.71,5,5,5,555,New Customers
United Kingdom,16843.0,43,33,11533.98,4,5,5,455,New Customers
United Kingdom,15858.0,16,13,2764.95,5,5,5,555,Premium Customers
United Kingdom,15085.0,730,1,347.54,1,1,2,112,Regular Customers
United Kingdom,14099.0,16,20,5288.75,5,5,5,555,New Customers
United Kingdom,15854.0,4,20,3702.6,5,5,5,555,New Customers
United Kingdom,12978.0,385,5,2370.98,2,4,5,245,Regular Customers
United Kingdom,15889.0,157,8,1213.08,3,5,4,354,Premium Customers
United Kingdom,16748.0,18,14,3637.33,5,5,5,555,Premium Customers
United Kingdom,16459.0,730,1,61.35,1,1,1,111,Regular Customers
United Kingdom,13091.0,28,2,588.78,4,2,3,423,Premium Customers
United Kingdom,13173.0,4,11,1933.3,5,5,4,554,Premium Customers
United Kingdom,15805.0,23,29,8644.08,4,5,5,455,New Customers
United Kingdom,15912.0,178,9,689.99,3,5,3,353,Premium Customers
United Kingdom,16596.0,16,4,402.68,5,4,2,542,Premium Customers
United Kingdom,12989.0,3,17,2194.93,5,5,5,555,Premium Customers
United Kingdom,16985.0,17,20,6808.1,5,5,5,555,New Customers
United Kingdom,14648.0,416,15,3515.63,1,5,5,155,Regular Customers
United Kingdom,15573.0,32,5,845.23,4,4,3,443,Premium Customers
United Kingdom,15367.0,57,11,4575.14,4,5,5,455,Premium Customers
United Kingdom,14895.0,8,36,16266.33,5,5,5,555,New Customers
United Kingdom,14062.0,10,20,7890.72,5,5,5,555,New Customers
United Kingdom,15157.0,4,5,1740.37,5,4,4,544,Premium Customers
United Kingdom,15623.0,141,8,2005.55,3,5,5,355,Premium Customers
United Kingdom,13831.0,16,13,1902.46,5,5,4,554,Premium Customers
United Kingdom,14626.0,24,11,3685.55,4,5,5,455,Premium Customers
United Kingdom,15032.0,256,5,513.95,2,4,3,243,Premium Customers
United Kingdom,16670.0,17,20,6985.76,5,5,5,555,New Customers
United Kingdom,15882.0,199,8,950.51,2,5,4,254,Premium Customers
United Kingdom,17032.0,603,5,2583.9,1,4,5,145,Regular Customers
United Arab Emirates,12979.0,729,1,320.91,1,1,2,112,Regular Customers
United Kingdom,15738.0,19,41,9651.06,5,5,5,555,New Customers
United Kingdom,14043.0,491,2,197.2,1,2,1,121,Regular Customers
United Kingdom,17675.0,1,68,23549.55,5,5,5,555,New Customers
United Kingdom,15916.0,16,12,2317.07,5,5,5,555,Premium Customers
United Kingdom,16901.0,729,1,118.21,1,2,1,121,Regular Customers
United Kingdom,12933.0,24,8,1283.87,4,4,4,444,Premium Customers
United Kingdom,14507.0,40,10,2603.04,4,5,5,455,Premium Customers
United Kingdom,17696.0,38,27,5535.67,4,5,5,455,New Customers
United Kingdom,18276.0,44,6,1350.99,4,4,4,444,Premium Customers
United Kingdom,14030.0,18,20,5514.66,5,5,5,555,New Customers
United Kingdom,14081.0,302,10,3876.62,2,5,5,255,Premium Customers
United Kingdom,17351.0,36,12,1538.48,4,5,4,454,Premium Customers
United Kingdom,16798.0,554,3,540.5600000000001,1,3,3,133,Regular Customers
United Kingdom,17512.0,51,14,3109.76,4,5,5,455,Premium Customers
United Kingdom,13542.0,377,17,3151.44,2,5,5,255,Regular Customers
United Kingdom,16905.0,5,17,3197.4700000000003,5,5,5,555,Premium Customers
United Kingdom,15494.0,21,5,2956.64,4,4,5,445,Premium Customers
United Kingdom,14702.0,1,29,4867.78,5,5,5,555,New Customers
United Kingdom,17165.0,284,6,1404.47,2,4,4,244,Regular Customers
United Kingdom,16293.0,22,15,3606.75,4,5,5,455,Premium Customers
United Kingdom,18172.0,31,45,10208.41,4,5,5,455,New Customers
United Kingdom,18268.0,591,5,1337.23,1,4,4,144,Regular Customers
United Kingdom,14122.0,406,2,182.84,2,2,1,221,Regular Customers
United Kingdom,14519.0,684,2,203.14,1,2,2,122,Regular Customers
United Kingdom,13077.0,1,11,2486.21,5,5,5,555,Premium Customers
United Kingdom,14643.0,170,5,744.87,3,4,3,343,Premium Customers
United Kingdom,12957.0,10,13,7606.99,5,5,5,555,New Customers
United Kingdom,14577.0,13,7,1310.51,5,4,4,544,Premium Customers
United Kingdom,17409.0,185,10,1565.65,3,5,4,354,Premium Customers
United Kingdom,16470.0,52,11,2145.03,4,5,5,455,Premium Customers
United Kingdom,16191.0,3,20,4168.23,5,5,5,555,New Customers
United Kingdom,17344.0,46,2,419.61,4,3,2,432,Premium Customers
United Kingdom,16365.0,18,13,1648.31,5,5,4,554,Premium Customers
United Kingdom,13418.0,12,31,8521.61,5,5,5,555,New Customers
United Kingdom,12854.0,79,7,2519.7200000000003,3,4,5,345,Premium Customers
United Kingdom,15197.0,11,6,858.47,5,4,4,544,Premium Customers
United Kingdom,14298.0,8,72,44774.66,5,5,5,555,High Value Customers
United Kingdom,16952.0,109,5,625.38,3,4,3,343,Premium Customers
United Kingdom,13415.0,630,3,579.57,1,3,3,133,Regular Customers
United Kingdom,13668.0,3,34,8437.17,5,5,5,555,New Customers
United Kingdom,14790.0,17,10,2018.69,5,5,5,555,Premium Customers
United Kingdom,17487.0,728,1,140.6,1,2,1,121,Regular Customers
United Kingdom,17958.0,117,2,292.48,3,3,2,332,Premium Customers
United Kingdom,17754.0,1,12,2366.26,5,5,5,555,Premium Customers
United Kingdom,15898.0,1,25,3950.22,5,5,5,555,New Customers
United Kingdom,14130.0,319,4,1456.02,2,3,4,234,Regular Customers
United Kingdom,17860.0,369,4,571.7,2,4,3,243,Regular Customers
Finland,12664.0,59,5,496.8,4,4,3,443,Premium Customers
United Kingdom,16719.0,15,14,2687.32,5,5,5,555,Premium Customers
United Kingdom,16442.0,2,5,735.88,5,4,3,543,Premium Customers
United Kingdom,13317.0,66,19,4942.981,3,5,5,355,New Customers
United Kingdom,15196.0,433,2,313.7,1,2,2,122,Regular Customers
United Kingdom,15169.0,382,2,487.02,2,2,3,223,Regular Customers
United Kingdom,14685.0,576,6,2515.57,1,4,5,145,Regular Customers
United Kingdom,15503.0,363,2,238.85,2,2,2,222,Regular Customers
United Kingdom,13026.0,1,7,920.32,5,4,4,544,Premium Customers
United Kingdom,15144.0,8,29,10134.63,5,5,5,555,New Customers
United Kingdom,12843.0,160,23,2980.05,3,5,5,355,New Customers
United Kingdom,14161.0,216,7,2580.78,2,4,5,245,Premium Customers
United Kingdom,17172.0,79,3,545.61,3,3,3,333,Premium Customers
United Kingdom,16830.0,39,4,1125.46,4,4,4,444,Premium Customers
United Kingdom,16127.0,39,2,772.66,4,2,3,423,Premium Customers
United Kingdom,17539.0,628,3,946.59,1,3,4,134,Regular Customers
United Kingdom,15944.0,277,4,885.8000000000001,2,4,4,244,Regular Customers
United Kingdom,17211.0,27,13,3167.25,4,5,5,455,Premium Customers
United Kingdom,14514.0,61,9,3767.24,3,5,5,355,Premium Customers
United Kingdom,17066.0,726,1,228.34,1,2,2,122,Regular Customers
United Kingdom,15850.0,19,6,814.15,5,4,3,543,Premium Customers
United Kingdom,17290.0,4,7,929.85,5,4,4,544,Premium Customers
United Kingdom,13735.0,25,13,7359.75,4,5,5,455,New Customers
France,12681.0,15,43,21770.24,5,5,5,555,New Customers
United Kingdom,17802.0,82,10,4138.83,3,5,5,355,Premium Customers
United Kingdom,15628.0,5,17,4801.06,5,5,5,555,New Customers
United Kingdom,15446.0,377,3,383.3,2,3,2,232,Regular Customers
United Kingdom,14525.0,20,17,4156.83,4,5,5,455,Premium Customers
United Kingdom,14751.0,684,2,126.45,1,2,1,121,Regular Customers
France,12683.0,4,20,7497.74,5,5,5,555,New Customers
United Kingdom,13087.0,726,1,195.54,1,1,1,111,Regular Customers
United Kingdom,15562.0,425,2,168.06,1,2,1,121,Regular Customers
United Kingdom,17819.0,72,10,1093.23,3,5,4,354,Premium Customers
United Kingdom,16409.0,36,12,4750.76,4,5,5,455,Premium Customers
France,14277.0,15,7,3504.92,5,4,5,545,Premium Customers
United Kingdom,14466.0,29,13,3055.75,4,5,5,455,Premium Customers
United Kingdom,16725.0,302,14,1333.42,2,5,4,254,Regular Customers
United Kingdom,17799.0,22,19,5271.52,4,5,5,455,New Customers
United Kingdom,17910.0,726,1,245.8,1,2,2,122,Regular Customers
United Kingdom,16551.0,96,7,1075.35,3,4,4,344,Premium Customers
United Kingdom,15577.0,151,5,306.88,3,4,2,342,Premium Customers
United Kingdom,12346.0,529,11,372.86,1,5,2,152,Regular Customers
Cyprus,12439.0,683,2,1048.28,1,2,4,124,Regular Customers
United Kingdom,13462.0,253,5,1087.45,2,4,4,244,Premium Customers
United Kingdom,13872.0,527,3,862.37,1,3,4,134,Regular Customers
United Kingdom,13013.0,1,27,9342.94,5,5,5,555,New Customers
United Kingdom,14977.0,726,1,31.93,1,1,1,111,Regular Customers
Germany,12472.0,32,19,13052.89,4,5,5,455,New Customers
United Kingdom,16769.0,260,4,765.95,2,4,3,243,Premium Customers
United Kingdom,17075.0,18,10,1740.78,5,5,4,554,Premium Customers
United Kingdom,16190.0,40,8,1967.14,4,5,5,455,Premium Customers
United Kingdom,14032.0,2,16,3491.99,5,5,5,555,Premium Customers
United Kingdom,17825.0,599,4,449.36,1,4,3,143,Regular Customers
United Kingdom,15329.0,39,10,2182.68,4,5,5,455,Premium Customers
United Kingdom,17908.0,374,5,902.03,2,4,4,244,Regular Customers
United Kingdom,15534.0,726,1,154.3,1,1,1,111,Regular Customers
United Kingdom,16327.0,14,16,8734.27,5,5,5,555,New Customers
United Kingdom,15920.0,154,8,376.69,3,5,2,352,Premium Customers
Germany,12613.0,57,9,5632.39,4,5,5,455,Premium Customers
United Kingdom,17318.0,725,1,139.43,1,2,1,121,Regular Customers
United Kingdom,17965.0,38,29,5847.86,4,5,5,455,New Customers
United Kingdom,14401.0,4,22,4905.58,5,5,5,555,New Customers
United Kingdom,15188.0,725,1,246.38,1,1,2,112,Regular Customers
United Kingdom,16019.0,47,27,7685.91,4,5,5,455,New Customers
United Kingdom,12926.0,411,4,1439.72,1,3,4,134,Regular Customers
United Kingdom,17623.0,33,7,1469.97,4,4,4,444,Premium Customers
United Kingdom,15015.0,501,13,1913.32,1,5,4,154,Regular Customers
United Kingdom,14796.0,1,27,9162.11,5,5,5,555,New Customers
United Kingdom,14042.0,725,1,353.28,1,1,2,112,Regular Customers
United Kingdom,15867.0,5,30,6177.06,5,5,5,555,New Customers
United Kingdom,16805.0,174,4,943.74,3,4,4,344,Premium Customers
United Kingdom,16125.0,367,14,3618.61,2,5,5,255,Regular Customers
United Kingdom,16280.0,725,1,202.25,1,1,2,112,Regular Customers
United Kingdom,12920.0,17,4,415.95,5,3,2,532,Premium Customers
United Kingdom,17866.0,143,3,586.3000000000001,3,3,3,333,Premium Customers
United Kingdom,13577.0,25,11,2960.02,4,5,5,455,Premium Customers
United Kingdom,16064.0,725,1,93.41,1,1,1,111,Regular Customers
United Kingdom,17416.0,30,21,11462.53,4,5,5,455,New Customers
United Kingdom,15640.0,4,28,13422.18,5,5,5,555,New Customers
United Kingdom,12992.0,725,1,93.35,1,1,1,111,Regular Customers
United Kingdom,15672.0,725,1,32.550000000000004,1,1,1,111,Regular Customers
United Kingdom,13000.0,260,3,847.96,2,3,3,233,Premium Customers
United Kingdom,17012.0,725,1,347.17,1,2,2,122,Regular Customers
United Kingdom,16098.0,88,14,1995.94,3,5,5,355,Premium Customers
United Kingdom,16554.0,42,8,2368.87,4,5,5,455,Premium Customers
United Kingdom,13004.0,12,35,10550.3,5,5,5,555,New Customers
United Kingdom,17572.0,71,10,580.11,3,5,3,353,Premium Customers
Denmark,13902.0,725,1,357.66,1,1,2,112,Regular Customers
United Kingdom,17213.0,40,13,4151.22,4,5,5,455,Premium Customers
United Kingdom,17251.0,363,3,713.03,2,3,3,233,Regular Customers
United Kingdom,16858.0,369,10,3449.56,2,5,5,255,Regular Customers
United Kingdom,17082.0,33,6,3786.38,4,4,5,445,Premium Customers
United Kingdom,18220.0,445,4,276.71000000000004,1,4,2,142,Regular Customers
United Kingdom,17625.0,18,8,5405.99,5,5,5,555,Premium Customers
United Kingdom,17233.0,35,3,397.0,4,3,2,432,Premium Customers
United Kingdom,17095.0,23,7,2014.61,4,4,5,445,Premium Customers
United Kingdom,16713.0,19,32,8988.91,5,5,5,555,New Customers
United Kingdom,12941.0,724,1,304.77,1,1,2,112,Regular Customers
United Kingdom,17596.0,23,13,2245.44,4,5,5,455,Premium Customers
United Kingdom,15812.0,107,11,1315.4,3,5,4,354,Premium Customers
United Kingdom,14966.0,15,6,793.82,5,4,3,543,Premium Customers
United Kingdom,15070.0,591,2,566.15,1,2,3,123,Regular Customers
United Kingdom,18260.0,173,22,6760.1900000000005,3,5,5,355,New Customers
United Kingdom,16749.0,591,2,1419.44,1,3,4,134,Regular Customers
United Kingdom,13405.0,74,6,779.1510000000001,3,4,3,343,Premium Customers
United Kingdom,17797.0,22,8,1727.42,4,5,4,454,Premium Customers
United Kingdom,13823.0,19,7,2501.35,5,4,5,545,Premium Customers
United Kingdom,15566.0,393,2,213.37,2,2,2,222,Regular Customers
United Kingdom,13050.0,15,34,9938.15,5,5,5,555,New Customers
United Kingdom,13756.0,2,22,5342.7300000000005,5,5,5,555,New Customers
United Kingdom,17816.0,37,6,96.11,4,4,1,441,Premium Customers
United Kingdom,15785.0,33,16,2993.82,4,5,5,455,Premium Customers
United Kingdom,15971.0,53,8,332.45,4,5,2,452,Premium Customers
United Kingdom,14897.0,8,8,1901.65,5,5,4,554,Premium Customers
United Kingdom,15527.0,19,22,3891.4,5,5,5,555,New Customers
United Kingdom,17368.0,23,12,1038.64,4,5,4,454,Premium Customers
United Kingdom,15637.0,53,5,659.06,4,4,3,443,Premium Customers
United Kingdom,15393.0,16,5,707.7900000000001,5,4,3,543,Premium Customers
United Kingdom,18177.0,31,9,1994.92,4,5,5,455,Premium Customers
United Kingdom,13473.0,61,7,1246.26,3,4,4,344,Premium Customers
United Kingdom,12956.0,306,4,474.57,2,3,3,233,Regular Customers
United Kingdom,13711.0,219,9,1570.23,2,5,4,254,Premium Customers
United Kingdom,15394.0,10,11,4142.93,5,5,5,555,Premium Customers
United Kingdom,14460.0,110,8,595.74,3,4,3,343,Premium Customers
United Kingdom,18102.0,1,23,6911.04,5,5,5,555,New Customers
United Kingdom,14769.0,3,17,12629.53,5,5,5,555,New Customers
United Kingdom,15312.0,75,12,2689.79,3,5,5,355,Premium Customers
United Kingdom,17646.0,219,12,2765.77,2,5,5,255,Premium Customers
United Kingdom,13952.0,218,13,7402.381,2,5,5,255,New Customers
United Kingdom,15713.0,143,4,684.74,3,4,3,343,Premium Customers
United Kingdom,16366.0,19,4,1215.73,5,4,4,544,Premium Customers
United Kingdom,18286.0,477,2,1051.57,1,3,4,134,Regular Customers
United Kingdom,17677.0,2,43,9255.08,5,5,5,555,New Customers
United Kingdom,14869.0,9,6,2506.53,5,4,5,545,Premium Customers
United Kingdom,13047.0,32,23,5889.87,4,5,5,455,New Customers
United Kingdom,16197.0,469,9,1449.16,1,5,4,154,Regular Customers
United Kingdom,13074.0,511,3,433.8,1,3,3,133,Regular Customers
United Kingdom,13289.0,724,1,220.35,1,1,2,112,Regular Customers
United Kingdom,16119.0,8,7,1030.39,5,4,4,544,Premium Customers
United Kingdom,13769.0,2,20,4271.900000000001,5,5,5,555,New Customers
United Kingdom,15184.0,29,4,507.9,4,4,3,443,Premium Customers
United Kingdom,15499.0,724,1,134.8,1,1,1,111,Regular Customers
Italy,12586.0,17,4,1455.52,5,3,4,534,Premium Customers
United Kingdom,18012.0,723,1,53.65,1,2,1,121,Regular Customers
United Kingdom,14625.0,196,10,3525.33,2,5,5,255,Premium Customers
United Kingdom,13403.0,18,3,159.0,5,3,1,531,Premium Customers
United Kingdom,17833.0,723,1,320.56,1,2,2,122,Regular Customers
United Kingdom,15222.0,473,10,1873.08,1,5,4,154,Regular Customers
United Kingdom,13178.0,26,21,12325.34,4,5,5,455,New Customers
United Kingdom,14415.0,1,23,10367.77,5,5,5,555,New Customers
United Kingdom,16195.0,723,1,323.25,1,1,2,112,Regular Customers
United Kingdom,17776.0,387,2,266.66,2,3,2,232,Regular Customers
United Kingdom,16569.0,3,5,523.27,5,4,3,543,Premium Customers
United Kingdom,17469.0,16,17,4378.62,5,5,5,555,Premium Customers
United Kingdom,17873.0,80,17,4212.71,3,5,5,355,Premium Customers
United Kingdom,14055.0,106,3,510.89,3,3,3,333,Premium Customers
United Kingdom,15044.0,19,32,11850.83,5,5,5,555,New Customers
United Kingdom,14329.0,17,15,7887.38,5,5,5,555,New Customers
United Kingdom,17091.0,3,19,6758.43,5,5,5,555,New Customers
United Kingdom,16694.0,723,1,50.400000000000006,1,2,1,121,Regular Customers
United Kingdom,15055.0,475,3,430.52,1,3,3,133,Regular Customers
United Kingdom,18144.0,31,17,1989.06,4,5,5,455,Premium Customers
United Kingdom,13008.0,323,3,561.13,2,3,3,233,Regular Customers
United Kingdom,13941.0,22,12,2805.6400000000003,4,5,5,455,Premium Customers
United Kingdom,14092.0,8,24,6535.2300000000005,5,5,5,555,New Customers
United Kingdom,12867.0,26,13,7311.41,4,5,5,455,New Customers
United Kingdom,16742.0,493,13,732.29,1,5,3,153,Regular Customers
United Kingdom,15498.0,3,43,20364.99,5,5,5,555,New Customers
United Kingdom,17402.0,5,18,1349.32,5,5,4,554,Premium Customers
United Kingdom,18201.0,723,1,332.88,1,2,2,122,Regular Customers
United Kingdom,13225.0,429,7,2219.6,1,4,5,145,Regular Customers
United Kingdom,17662.0,662,2,261.12,1,3,2,132,Regular Customers
United Kingdom,15863.0,26,5,287.55,4,4,2,442,Premium Customers
United Kingdom,18186.0,723,1,102.9,1,2,1,121,Regular Customers
United Kingdom,13875.0,54,14,3998.2,4,5,5,455,Premium Customers
United Kingdom,13266.0,11,18,3980.85,5,5,5,555,Premium Customers
United Kingdom,14484.0,50,4,974.44,4,3,4,434,Premium Customers
United Kingdom,18097.0,8,11,3303.54,5,5,5,555,Premium Customers
Switzerland,13520.0,59,11,3602.45,4,5,5,455,Premium Customers
United Kingdom,15862.0,8,13,1954.23,5,5,4,554,Premium Customers
United Kingdom,17612.0,53,18,4445.28,4,5,5,455,New Customers
United Kingdom,14422.0,1,19,8582.81,5,5,5,555,New Customers
United Kingdom,18006.0,23,4,576.49,4,4,3,443,Premium Customers
United Kingdom,14095.0,723,1,2.95,1,1,1,111,Regular Customers
United Kingdom,16908.0,722,1,252.59,1,2,2,122,Regular Customers
United Kingdom,13427.0,19,6,793.52,5,4,3,543,Premium Customers
United Kingdom,17103.0,722,1,410.38,1,2,2,122,Regular Customers
United Kingdom,13203.0,10,10,2394.41,5,5,5,555,Premium Customers
United Kingdom,16439.0,722,1,270.90000000000003,1,1,2,112,Regular Customers
United Kingdom,15270.0,16,20,4798.97,5,5,5,555,New Customers
United Kingdom,16150.0,43,10,3288.97,4,5,5,455,Premium Customers
United Kingdom,16661.0,540,4,581.96,1,4,3,143,Regular Customers
United Kingdom,17400.0,126,8,3710.48,3,5,5,355,Premium Customers
United Kingdom,17526.0,5,9,1015.07,5,5,4,554,Premium Customers
United Kingdom,13039.0,584,4,634.03,1,3,3,133,Regular Customers
United Kingdom,15428.0,15,4,636.83,5,4,3,543,Premium Customers
United Kingdom,16720.0,26,3,447.37,4,3,3,433,Premium Customers
United Kingdom,15879.0,404,3,733.91,2,3,3,233,Regular Customers
Germany,12708.0,30,18,4014.44,4,5,5,455,Premium Customers
United Kingdom,12826.0,3,12,2585.98,5,5,5,555,Premium Customers
United Kingdom,16772.0,423,3,1380.8,1,3,4,134,Regular Customers
United Kingdom,17927.0,722,1,294.0,1,2,2,122,Regular Customers
United Kingdom,14083.0,4,9,844.52,5,5,3,553,Premium Customers
United Kingdom,14555.0,57,6,1817.2,4,4,4,444,Premium Customers
United Kingdom,16296.0,626,4,1165.37,1,4,4,144,Regular Customers
United Kingdom,18036.0,32,11,1182.74,4,5,4,454,Premium Customers
United Kingdom,13921.0,402,4,539.05,2,3,3,233,Regular Customers
United Kingdom,18037.0,154,13,82.22,3,5,1,351,Premium Customers
Cyprus,12455.0,73,9,3169.9500000000003,3,5,5,355,Premium Customers
United Kingdom,13995.0,15,14,3617.67,5,5,5,555,Premium Customers
Australia,12422.0,96,12,2394.65,3,5,5,355,Premium Customers
United Kingdom,16600.0,4,13,1814.89,5,5,4,554,Premium Customers
United Kingdom,17028.0,581,3,1358.82,1,3,4,134,Regular Customers
United Kingdom,16222.0,318,2,1069.25,2,2,4,224,Regular Customers
United Kingdom,15497.0,18,9,6198.04,5,5,5,555,Premium Customers
United Kingdom,14949.0,469,4,471.63,1,3,3,133,Regular Customers
United Kingdom,17324.0,18,11,1046.7,5,5,4,554,Premium Customers
United Kingdom,15409.0,721,1,115.95,1,1,1,111,Regular Customers
United Kingdom,13327.0,39,19,7009.97,4,5,5,455,New Customers
United Kingdom,13781.0,251,3,690.88,2,3,3,233,Premium Customers
United Kingdom,16592.0,4,28,6967.41,5,5,5,555,New Customers
United Kingdom,18252.0,51,7,1127.32,4,4,4,444,Premium Customers
United Kingdom,14105.0,239,5,5026.9,2,4,5,245,Premium Customers
United Kingdom,13847.0,720,1,221.92,1,1,2,112,Regular Customers
United Kingdom,15518.0,64,14,3508.63,3,5,5,355,Premium Customers
United Kingdom,17624.0,15,4,1394.48,5,4,4,544,Premium Customers
United Kingdom,13871.0,23,17,6324.95,4,5,5,455,New Customers
Germany,12609.0,78,9,2605.37,3,5,5,355,Premium Customers
United Kingdom,16593.0,51,6,512.54,4,4,3,443,Premium Customers
United Kingdom,14404.0,34,13,1877.46,4,5,4,454,Premium Customers
United Kingdom,13111.0,719,1,311.8,1,1,2,112,Regular Customers
United Kingdom,16282.0,340,3,576.21,2,3,3,233,Regular Customers
United Kingdom,13510.0,1,10,3855.85,5,5,5,555,Premium Customers
United Kingdom,14119.0,376,2,117.04,2,2,1,221,Regular Customers
United Kingdom,17182.0,423,2,321.3,1,3,2,132,Regular Customers
United Kingdom,14819.0,64,4,287.76,3,3,2,332,Premium Customers
United Kingdom,14480.0,11,4,1252.82,5,3,4,534,Premium Customers
United Kingdom,17888.0,60,21,1251.99,3,5,4,354,Premium Customers
United Kingdom,18251.0,718,1,90.0,1,2,1,121,Regular Customers
Austria,12440.0,462,2,619.9,1,2,3,123,Regular Customers
United Kingdom,18190.0,192,5,653.32,2,4,3,243,Premium Customers
United Kingdom,14063.0,687,2,152.9,1,2,1,121,Regular Customers
United Kingdom,13082.0,126,16,2216.92,3,5,5,355,Premium Customers
United Kingdom,15064.0,410,4,1037.2,2,3,4,234,Regular Customers
United Kingdom,14151.0,673,2,615.0,1,2,3,123,Regular Customers
Spain,12539.0,22,7,8070.1,4,4,5,445,Premium Customers
United Kingdom,13287.0,603,3,653.29,1,3,3,133,Regular Customers
United Kingdom,13821.0,145,6,1223.13,3,4,4,344,Premium Customers
United Kingdom,16792.0,282,4,558.11,2,4,3,243,Regular Customers
United Kingdom,17807.0,395,3,379.37,2,3,2,232,Regular Customers
United Kingdom,14839.0,418,3,680.38,1,3,3,133,Regular Customers
United Kingdom,17950.0,72,7,814.64,3,4,3,343,Premium Customers
United Kingdom,16875.0,67,11,3314.52,3,5,5,355,Premium Customers
United Kingdom,13901.0,72,15,4509.41,3,5,5,355,Premium Customers
United Kingdom,14198.0,18,9,1081.73,5,5,4,554,Premium Customers
United Kingdom,15521.0,40,15,4491.92,4,5,5,455,Premium Customers
United Kingdom,18171.0,59,9,1220.13,4,5,4,454,Premium Customers
United Kingdom,16017.0,47,5,1335.13,4,4,4,444,Premium Customers
United Kingdom,13253.0,157,4,1187.31,3,3,4,334,Premium Customers
United Kingdom,13338.0,158,4,1674.92,3,3,4,334,Premium Customers
United Kingdom,14969.0,704,1,269.95,1,1,2,112,Regular Customers
United Kingdom,15865.0,41,5,1487.41,4,4,4,444,Premium Customers
United Kingdom,13610.0,12,14,1509.81,5,5,4,554,Premium Customers
United Kingdom,13965.0,477,3,475.2000000000001,1,3,3,133,Regular Customers
United Kingdom,14954.0,12,2,308.83,5,2,2,522,Premium Customers
United Kingdom,14210.0,106,16,4759.7300000000005,3,5,5,355,Premium Customers
United Kingdom,17362.0,239,7,874.34,2,4,4,244,Premium Customers
United Kingdom,14194.0,5,35,15389.54,5,5,5,555,New Customers
United Kingdom,17753.0,464,4,346.26,1,4,2,142,Regular Customers
United Kingdom,18094.0,82,11,3692.64,3,5,5,355,Premium Customers
Sweden,17404.0,26,14,1918.88,4,5,4,454,Premium Customers
United Kingdom,14541.0,59,14,2340.48,4,5,5,455,Premium Customers
United Kingdom,15266.0,338,5,483.11,2,4,3,243,Regular Customers
United Kingdom,16641.0,106,2,446.78,3,3,3,333,Premium Customers
United Kingdom,16862.0,547,4,527.25,1,4,3,143,Regular Customers
United Kingdom,16888.0,401,3,280.35,2,3,2,232,Regular Customers
United Kingdom,15874.0,64,19,5327.76,3,5,5,355,New Customers
United Kingdom,15100.0,387,2,187.2,2,2,1,221,Regular Customers
United Kingdom,15324.0,701,1,140.22000000000003,1,1,1,111,Regular Customers
United Kingdom,14465.0,247,11,2548.94,2,5,5,255,Premium Customers
United Kingdom,15152.0,10,14,4313.13,5,5,5,555,Premium Customers
France,12678.0,43,14,2325.42,4,5,5,455,Premium Customers
United Kingdom,16057.0,16,10,3362.85,5,5,5,555,Premium Customers
Germany,12648.0,155,4,835.15,3,3,3,333,Premium Customers
United Kingdom,15586.0,593,3,717.9,1,3,3,133,Regular Customers
United Kingdom,13360.0,432,4,1250.29,1,3,4,134,Regular Customers
United Kingdom,15827.0,73,27,2356.64,3,5,5,355,New Customers
United Kingdom,13854.0,9,38,4277.42,5,5,5,555,New Customers
United Kingdom,16103.0,80,20,3505.51,3,5,5,355,Premium Customers
United Kingdom,15607.0,337,9,1370.92,2,5,4,254,Regular Customers
United Kingdom,16027.0,137,6,274.15000000000003,3,4,2,342,Premium Customers
United Kingdom,14327.0,163,6,1818.17,3,4,4,344,Premium Customers
United Kingdom,18170.0,33,9,1946.85,4,5,4,454,Premium Customers
EIRE,14016.0,162,11,7527.92,3,5,5,355,New Customers
United Kingdom,13044.0,291,11,3422.78,2,5,5,255,Premium Customers
United Kingdom,14573.0,180,12,1102.06,3,5,4,354,Premium Customers
United Kingdom,13259.0,62,9,1062.59,3,5,4,354,Premium Customers
United Kingdom,16109.0,219,3,323.52,2,3,2,232,Premium Customers
United Kingdom,16787.0,398,4,860.13,2,4,4,244,Regular Customers
United Kingdom,14849.0,22,42,12453.72,4,5,5,455,New Customers
United Kingdom,14532.0,236,10,2378.98,2,5,5,255,Premium Customers
United Kingdom,17323.0,15,12,1551.04,5,5,4,554,Premium Customers
United Kingdom,13410.0,24,7,941.62,4,4,4,444,Premium Customers
United Kingdom,14160.0,610,6,2121.67,1,4,5,145,Regular Customers
United Kingdom,13762.0,219,3,364.8,2,3,2,232,Premium Customers
United Kingdom,18231.0,192,27,4432.68,2,5,5,255,New Customers
United Kingdom,12951.0,9,15,2967.07,5,5,5,555,Premium Customers
United Kingdom,13634.0,33,15,3937.67,4,5,5,455,Premium Customers
United Kingdom,17222.0,65,6,1314.35,3,4,4,344,Premium Customers
United Kingdom,18242.0,72,8,2768.36,3,5,5,355,Premium Customers
United Kingdom,17147.0,23,9,1968.18,4,5,5,455,Premium Customers
United Kingdom,17113.0,574,6,1816.69,1,4,4,144,Regular Customers
United Kingdom,13709.0,4,18,5854.03,5,5,5,555,New Customers
United Kingdom,17139.0,16,25,14307.28,5,5,5,555,New Customers
United Kingdom,18115.0,698,1,9.7,1,2,1,121,Regular Customers
United Kingdom,17529.0,610,2,1025.95,1,3,4,134,Regular Customers
USA,12549.0,576,5,944.72,1,4,4,144,Regular Customers
United Kingdom,17740.0,431,3,148.5,1,3,1,131,Regular Customers
United Kingdom,15549.0,77,8,1688.01,3,5,4,354,Premium Customers
United Kingdom,14984.0,19,5,356.27000000000004,5,4,2,542,Premium Customers
Denmark,12406.0,22,5,4640.2,4,4,5,445,Premium Customers
United Kingdom,12980.0,415,4,527.76,1,3,3,133,Regular Customers
United Kingdom,17023.0,417,3,756.58,1,3,3,133,Regular Customers
United Kingdom,13433.0,501,4,435.42,1,3,3,133,Regular Customers
United Kingdom,15186.0,14,5,1059.8200000000002,5,4,4,544,Premium Customers
United Kingdom,16841.0,37,12,3677.89,4,5,5,455,Premium Customers
United Kingdom,17945.0,697,3,279.1,1,3,2,132,Regular Customers
United Kingdom,15002.0,116,9,3746.43,3,5,5,355,Premium Customers
Germany,12623.0,276,7,3039.02,2,4,5,245,Premium Customers
United Kingdom,13622.0,696,1,536.36,1,1,3,113,Regular Customers
United Kingdom,14225.0,435,4,1524.87,1,3,4,134,Regular Customers
United Kingdom,17352.0,696,1,36.25,1,2,1,121,Regular Customers
Germany,12649.0,107,7,1748.29,3,4,4,344,Premium Customers
United Kingdom,14137.0,696,1,120.6,1,1,1,111,Regular Customers
United Kingdom,14154.0,239,7,4224.44,2,4,5,245,Premium Customers
United Kingdom,14826.0,582,2,283.2,1,2,2,122,Regular Customers
United Kingdom,16585.0,594,2,341.59,1,3,2,132,Regular Customers
United Kingdom,15513.0,33,31,15748.19,4,5,5,455,New Customers
Germany,12647.0,22,32,8676.65,4,5,5,455,New Customers
United Kingdom,17962.0,142,4,601.96,3,4,3,343,Premium Customers
United Kingdom,17757.0,1,56,6826.4800000000005,5,5,5,555,New Customers
United Kingdom,14146.0,9,12,6793.92,5,5,5,555,New Customers
United Kingdom,13929.0,169,9,1123.56,3,5,4,354,Premium Customers
United Kingdom,16304.0,695,1,357.79,1,1,2,112,Regular Customers
United Kingdom,13152.0,417,7,1818.18,1,4,4,144,Regular Customers
United Kingdom,18041.0,12,37,5311.51,5,5,5,555,New Customers
United Kingdom,13787.0,76,6,949.58,3,4,4,344,Premium Customers
United Kingdom,16414.0,22,5,401.21,4,4,2,442,Premium Customers
United Kingdom,14256.0,260,5,1947.54,2,4,4,244,Premium Customers
United Kingdom,16660.0,16,5,436.27,5,4,3,543,Premium Customers
United Kingdom,18134.0,598,2,341.85,1,3,2,132,Regular Customers
United Kingdom,16013.0,8,10,1493.55,5,5,4,554,Premium Customers
United Kingdom,12931.0,67,8,562.84,3,4,3,343,Premium Customers
Germany,12644.0,130,4,1694.15,3,3,4,334,Premium Customers
United Kingdom,17496.0,359,4,1211.59,2,4,4,244,Regular Customers
United Kingdom,15605.0,36,9,1448.3,4,5,4,454,Premium Customers
United Kingdom,13233.0,74,4,877.05,3,3,4,334,Premium Customers
United Kingdom,15046.0,9,25,3919.89,5,5,5,555,New Customers
United Kingdom,13562.0,82,8,4028.61,3,4,5,345,Premium Customers
Belgium,12431.0,60,23,6899.47,3,5,5,355,New Customers
United Kingdom,15359.0,663,8,181.35,1,5,1,151,Regular Customers
United Kingdom,18106.0,330,6,1072.96,2,4,4,244,Regular Customers
United Kingdom,17681.0,629,3,295.4,1,3,2,132,Regular Customers
Japan,12755.0,281,10,578.11,2,5,3,253,Premium Customers
Netherlands,12789.0,513,2,148.5,1,2,1,121,Regular Customers
United Kingdom,15771.0,604,3,625.45,1,3,3,133,Regular Customers
United Kingdom,16452.0,631,2,332.17,1,2,2,122,Regular Customers
United Kingdom,14324.0,410,2,622.11,2,2,3,223,Regular Customers
United Kingdom,17871.0,205,5,730.91,2,4,3,243,Premium Customers
Finland,12631.0,57,6,2891.67,4,4,5,445,Premium Customers
United Kingdom,17227.0,19,12,770.44,5,5,3,553,Premium Customers
United Kingdom,12860.0,693,1,32.97,1,1,1,111,Regular Customers
United Kingdom,17454.0,192,10,1328.64,2,5,4,254,Premium Customers
United Kingdom,15224.0,358,5,677.61,2,4,3,243,Regular Customers
Netherlands,12813.0,502,3,915.8,1,3,4,134,Regular Customers
United Kingdom,15489.0,23,8,1842.69,4,5,4,454,Premium Customers
United Kingdom,14451.0,60,12,3020.68,3,5,5,355,Premium Customers
United Kingdom,14421.0,57,6,1924.3,4,4,4,444,Premium Customers
United Kingdom,17801.0,451,3,726.35,1,3,3,133,Regular Customers
United Kingdom,15413.0,692,1,16.5,1,1,1,111,Regular Customers
United Kingdom,16595.0,61,5,1587.07,3,4,4,344,Premium Customers
United Kingdom,13907.0,692,1,136.8,1,1,1,111,Regular Customers
United Kingdom,16510.0,372,6,1434.25,2,4,4,244,Regular Customers
United Kingdom,14420.0,99,4,1291.1,3,3,4,334,Premium Customers
United Kingdom,16524.0,446,2,255.64,1,2,2,122,Regular Customers
United Kingdom,16166.0,428,2,339.38,1,2,2,122,Regular Customers
United Kingdom,16434.0,29,12,1828.11,4,5,4,454,Premium Customers
United Kingdom,13869.0,123,10,6265.59,3,5,5,355,Premium Customers
United Kingdom,13616.0,568,2,222.45,1,2,2,122,Regular Customers
United Kingdom,17591.0,73,8,1612.72,3,5,4,354,Premium Customers
United Kingdom,14892.0,691,1,182.45,1,1,1,111,Regular Customers
United Kingdom,12877.0,4,20,2767.4,5,5,5,555,Premium Customers
United Kingdom,14441.0,1,10,2820.59,5,5,5,555,Premium Customers
United Kingdom,14754.0,45,6,1437.08,4,4,4,444,Premium Customers
United Kingdom,15747.0,13,9,1961.06,5,5,5,555,Premium Customers
United Kingdom,15795.0,150,8,1834.46,3,5,4,354,Premium Customers
United Kingdom,18057.0,393,3,715.22,2,3,3,233,Regular Customers
United Kingdom,14461.0,148,12,5025.79,3,5,5,355,Premium Customers
Channel Islands,14442.0,205,6,2014.02,2,4,5,245,Premium Customers
United Kingdom,17966.0,151,6,519.8,3,4,3,343,Premium Customers
United Kingdom,15164.0,69,9,1911.51,3,5,4,354,Premium Customers
United Kingdom,17048.0,118,7,1741.46,3,4,4,344,Premium Customers
United Kingdom,17773.0,514,2,517.17,1,3,3,133,Regular Customers
United Kingdom,16954.0,1,18,3472.9,5,5,5,555,Premium Customers
United Kingdom,15375.0,690,1,47.04,1,1,1,111,Regular Customers
United Kingdom,14343.0,421,4,1004.46,1,3,4,134,Regular Customers
United Kingdom,15697.0,690,1,219.9,1,1,2,112,Regular Customers
United Kingdom,16867.0,690,1,76.74000000000001,1,2,1,121,Regular Customers
United Kingdom,16287.0,170,5,599.82,3,4,3,343,Premium Customers
United Kingdom,15198.0,92,5,404.25,3,4,2,342,Premium Customers
United Kingdom,13877.0,86,3,267.42,3,3,2,332,Premium Customers
Unspecified,12470.0,690,1,183.25,1,1,1,111,Regular Customers
United Kingdom,17769.0,13,17,5640.49,5,5,5,555,New Customers
United Kingdom,17706.0,4,31,13307.76,5,5,5,555,New Customers
United Kingdom,14715.0,25,7,1131.05,4,4,4,444,Premium Customers
France,12589.0,29,6,2595.41,4,4,5,445,Premium Customers
United Kingdom,16087.0,410,2,128.16,2,2,1,221,Regular Customers
United Kingdom,14472.0,104,9,1719.4,3,5,4,354,Premium Customers
United Kingdom,13555.0,74,12,4988.9400000000005,3,5,5,355,Premium Customers
USA,12733.0,234,4,1680.12,2,3,4,234,Premium Customers
United Kingdom,14413.0,362,3,378.37,2,3,2,232,Regular Customers
United Kingdom,13315.0,689,1,299.82000000000005,1,1,2,112,Regular Customers
United Kingdom,17245.0,205,2,292.79,2,3,2,232,Premium Customers
United Kingdom,17963.0,471,4,451.51,1,4,3,143,Regular Customers
United Kingdom,14983.0,689,1,170.45000000000002,1,1,1,111,Regular Customers
United Kingdom,13397.0,73,9,1974.31,3,5,5,355,Premium Customers
United Kingdom,12987.0,74,5,922.91,3,4,4,344,Premium Customers
United Kingdom,16727.0,364,4,1218.02,2,4,4,244,Regular Customers
United Kingdom,14556.0,596,3,728.49,1,3,3,133,Regular Customers
United Kingdom,14388.0,10,16,5623.11,5,5,5,555,New Customers
United Kingdom,17220.0,24,21,3955.74,4,5,5,455,New Customers
United Kingdom,17356.0,312,5,787.71,2,4,3,243,Regular Customers
United Kingdom,17794.0,687,2,147.3,1,3,1,131,Regular Customers
United Kingdom,15191.0,463,3,534.75,1,3,3,133,Regular Customers
United Kingdom,14649.0,5,9,2355.48,5,5,5,555,Premium Customers
United Kingdom,14595.0,20,8,1948.81,4,5,4,454,Premium Customers
United Kingdom,16085.0,23,12,1915.92,4,5,4,454,Premium Customers
United Kingdom,13982.0,39,9,2774.78,4,5,5,455,Premium Customers
United Kingdom,17875.0,688,1,167.1,1,2,1,121,Regular Customers
United Kingdom,16634.0,223,6,1135.2,2,4,4,244,Premium Customers
United Kingdom,14207.0,688,1,157.8,1,1,1,111,Regular Customers
United Kingdom,15095.0,104,10,1836.79,3,5,4,354,Premium Customers
United Kingdom,12986.0,429,9,1734.5700000000002,1,5,4,154,Regular Customers
United Kingdom,14431.0,303,4,1572.56,2,3,4,234,Regular Customers
United Kingdom,14530.0,26,16,4178.88,4,5,5,455,Premium Customers
United Kingdom,14320.0,207,5,1070.7,2,4,4,244,Premium Customers
United Kingdom,14714.0,24,4,680.85,4,3,3,433,Premium Customers
United Kingdom,15910.0,1,15,2410.66,5,5,5,555,Premium Customers
United Kingdom,12971.0,4,105,7996.110000000001,5,5,5,555,New Customers
United Kingdom,13527.0,34,12,3912.73,4,5,5,455,Premium Customers
United Kingdom,15885.0,93,10,877.87,3,5,4,354,Premium Customers
United Kingdom,14064.0,29,15,2218.28,4,5,5,455,Premium Customers
United Kingdom,15296.0,51,12,7786.51,4,5,5,455,New Customers
Greece,14439.0,320,5,5619.02,2,4,5,245,Regular Customers
United Kingdom,13543.0,634,2,1092.06,1,2,4,124,Regular Customers
United Kingdom,15682.0,599,2,318.24,1,2,2,122,Regular Customers
United Kingdom,17320.0,100,6,1797.09,3,4,4,344,Premium Customers
United Kingdom,15126.0,537,2,415.59,1,2,2,122,Regular Customers
United Kingdom,17180.0,56,11,1754.3,4,5,4,454,Premium Customers
United Kingdom,13413.0,640,5,138.13,1,4,1,141,Regular Customers
United Kingdom,13192.0,95,6,2289.93,3,4,5,345,Premium Customers
United Kingdom,14854.0,78,11,3125.38,3,5,5,355,Premium Customers
United Kingdom,14209.0,11,15,3179.6800000000003,5,5,5,555,Premium Customers
United Kingdom,14274.0,686,1,256.6,1,1,2,112,Regular Customers
United Kingdom,17460.0,94,15,1795.12,3,5,4,354,Premium Customers
Germany,12531.0,15,2,1648.3,5,2,4,524,Premium Customers
United Kingdom,16822.0,686,1,138.25,1,2,1,121,Regular Customers
United Kingdom,13889.0,93,6,1991.23,3,4,5,345,Premium Customers
United Kingdom,14640.0,24,10,3103.54,4,5,5,455,Premium Customers
United Kingdom,14837.0,90,9,3246.49,3,5,5,355,Premium Customers
United Kingdom,17242.0,108,5,2234.94,3,4,5,345,Premium Customers
United Kingdom,17618.0,6,11,3115.2200000000003,5,5,5,555,Premium Customers
United Kingdom,17335.0,384,2,258.24,2,3,2,232,Regular Customers
United Kingdom,17780.0,667,3,294.96,1,3,2,132,Regular Customers
United Kingdom,16950.0,57,10,2475.83,4,5,5,455,Premium Customers
United Kingdom,12916.0,139,7,2596.95,3,4,5,345,Premium Customers
United Kingdom,14879.0,685,1,155.72,1,1,1,111,Regular Customers
United Kingdom,13036.0,685,1,15.0,1,1,1,111,Regular Customers
United Kingdom,16422.0,17,71,6889.92,5,5,5,555,New Customers
Germany,12703.0,71,4,871.33,3,3,4,334,Premium Customers
United Kingdom,13249.0,93,3,151.82999999999998,3,3,1,331,Premium Customers
United Kingdom,15727.0,17,14,6935.66,5,5,5,555,New Customers
United Kingdom,15711.0,557,2,384.45,1,2,2,122,Regular Customers
United Kingdom,14701.0,11,15,3106.7,5,5,5,555,Premium Customers
United Kingdom,16255.0,17,15,3712.9,5,5,5,555,Premium Customers
United Kingdom,14070.0,685,1,186.7,1,1,1,111,Regular Customers
United Kingdom,17071.0,28,13,2915.07,4,5,5,455,Premium Customers
United Kingdom,16523.0,2,26,6395.47,5,5,5,555,New Customers
United Kingdom,14522.0,72,7,873.86,3,4,4,344,Premium Customers
United Kingdom,17141.0,418,4,636.44,1,4,3,143,Regular Customers
United Kingdom,13209.0,30,12,5604.16,4,5,5,455,Premium Customers
United Kingdom,15696.0,33,13,3043.92,4,5,5,455,Premium Customers
United Kingdom,13729.0,436,3,459.73,1,3,3,133,Regular Customers
United Kingdom,14044.0,27,10,2591.79,4,5,5,455,Premium Customers
United Kingdom,17142.0,239,4,646.5,2,4,3,243,Premium Customers
United Kingdom,16206.0,55,13,2158.7000000000003,4,5,5,455,Premium Customers
United Kingdom,15434.0,8,11,2325.44,5,5,5,555,Premium Customers
United Kingdom,15483.0,161,10,746.42,3,5,3,353,Premium Customers
United Kingdom,14986.0,376,2,487.5,2,2,3,223,Regular Customers
United Kingdom,17584.0,7,6,2317.15,5,4,5,545,Premium Customers
United Kingdom,14870.0,262,6,1439.85,2,4,4,244,Premium Customers
United Kingdom,14621.0,1,9,2577.63,5,5,5,555,Premium Customers
United Kingdom,15303.0,290,3,914.13,2,3,4,234,Regular Customers
United Kingdom,13488.0,17,23,10341.71,5,5,5,555,New Customers
United Kingdom,17810.0,669,2,283.66,1,3,2,132,Regular Customers
United Kingdom,18199.0,684,1,249.25,1,2,2,122,Regular Customers
United Kingdom,13477.0,38,11,2283.25,4,5,5,455,Premium Customers
United Kingdom,16795.0,365,3,1999.86,2,3,5,235,Regular Customers
United Kingdom,17419.0,11,18,5091.1,5,5,5,555,New Customers
United Kingdom,16004.0,475,5,1709.74,1,4,4,144,Regular Customers
United Kingdom,14628.0,91,5,1504.0,3,4,4,344,Premium Customers
United Kingdom,15611.0,10,23,1381.74,5,5,4,554,Premium Customers
United Kingdom,14376.0,683,1,215.46,1,1,2,112,Regular Customers
United Kingdom,12857.0,211,6,2241.65,2,4,5,245,Premium Customers
United Kingdom,14538.0,65,5,597.49,3,4,3,343,Premium Customers
United Kingdom,17218.0,4,18,3090.9,5,5,5,555,Premium Customers
United Kingdom,13650.0,17,10,2809.19,5,5,5,555,Premium Customers
United Kingdom,15259.0,513,3,699.7,1,3,3,133,Regular Customers
United Kingdom,13971.0,19,14,4260.900000000001,5,5,5,555,Premium Customers
Germany,12468.0,188,5,2329.55,3,4,5,345,Premium Customers
United Kingdom,15218.0,11,20,6709.93,5,5,5,555,New Customers
United Kingdom,15950.0,32,10,5721.64,4,5,5,455,Premium Customers
United Kingdom,17536.0,421,2,158.38,1,3,1,131,Regular Customers
United Kingdom,15003.0,473,6,903.43,1,4,4,144,Regular Customers
United Kingdom,16481.0,682,1,275.78000000000003,1,1,2,112,Regular Customers
United Kingdom,13459.0,625,2,1015.69,1,2,4,124,Regular Customers
United Kingdom,12905.0,577,2,738.14,1,2,3,123,Regular Customers
Belgium,12361.0,287,4,451.25,2,3,3,233,Regular Customers
United Kingdom,17059.0,30,9,4064.14,4,5,5,455,Premium Customers
United Kingdom,15845.0,18,11,3453.03,5,5,5,555,Premium Customers
United Kingdom,17050.0,96,10,3162.92,3,5,5,355,Premium Customers
United Kingdom,17726.0,395,7,993.91,2,4,4,244,Regular Customers
United Kingdom,13514.0,74,4,599.0,3,3,3,333,Premium Customers
United Kingdom,15766.0,64,3,713.16,3,3,3,333,Premium Customers
United Kingdom,15959.0,682,2,403.39,1,2,2,122,Regular Customers
United Kingdom,15073.0,10,8,2386.57,5,5,5,555,Premium Customers
United Kingdom,13698.0,597,2,364.27,1,2,2,122,Regular Customers
United Kingdom,16051.0,682,1,188.44,1,1,1,111,Regular Customers
United Kingdom,14365.0,395,2,594.88,2,2,3,223,Regular Customers
United Kingdom,12873.0,398,2,793.6,2,2,3,223,Regular Customers
United Kingdom,15695.0,267,4,891.77,2,4,4,244,Premium Customers
United Kingdom,15798.0,493,3,1422.84,1,3,4,134,Regular Customers
United Kingdom,14551.0,18,7,609.24,5,4,3,543,Premium Customers
United Kingdom,12869.0,682,1,230.57,1,1,2,112,Regular Customers
United Kingdom,17604.0,217,6,852.9,2,4,3,243,Premium Customers
United Kingdom,16430.0,57,6,764.99,4,4,3,443,Premium Customers
United Kingdom,13048.0,14,9,3894.45,5,5,5,555,Premium Customers
Unspecified,16320.0,172,6,4514.64,3,4,5,345,Premium Customers
United Kingdom,13101.0,234,4,543.61,2,3,3,233,Premium Customers
United Kingdom,18016.0,32,7,1390.8,4,4,4,444,Premium Customers
United Kingdom,14167.0,39,8,1146.94,4,4,4,444,Premium Customers
United Kingdom,14279.0,521,2,191.86,1,2,1,121,Regular Customers
Spain,12484.0,35,9,4533.14,4,5,5,455,Premium Customers
United Kingdom,17695.0,132,5,1043.84,3,4,4,344,Premium Customers
United Kingdom,17982.0,681,1,127.74,1,2,1,121,Regular Customers
United Kingdom,14672.0,235,4,811.01,2,3,3,233,Premium Customers
United Kingdom,15563.0,22,6,2388.29,4,4,5,445,Premium Customers
United Kingdom,13820.0,418,3,617.3,1,3,3,133,Regular Customers
United Kingdom,16326.0,6,23,2520.4,5,5,5,555,New Customers
United Kingdom,15544.0,9,20,7416.39,5,5,5,555,New Customers
United Kingdom,16137.0,680,1,422.7,1,1,2,112,Regular Customers
United Kingdom,18194.0,680,1,113.4,1,2,1,121,Regular Customers
United Kingdom,13615.0,319,8,5099.88,2,4,5,245,Regular Customers
United Kingdom,15137.0,521,2,525.64,1,2,3,123,Regular Customers
United Kingdom,17905.0,157,12,873.49,3,5,4,354,Premium Customers
United Kingdom,15861.0,12,11,3875.06,5,5,5,555,Premium Customers
United Kingdom,15192.0,120,5,1181.41,3,4,4,344,Premium Customers
United Kingdom,14469.0,416,4,1556.0,1,3,4,134,Regular Customers
United Kingdom,15487.0,680,1,231.32,1,1,2,112,Regular Customers
United Kingdom,13480.0,417,2,521.4,1,2,3,123,Regular Customers
United Kingdom,13583.0,156,2,1322.151,3,2,4,324,Premium Customers
United Kingdom,14249.0,411,12,3761.761,1,5,5,155,Regular Customers
United Kingdom,16673.0,679,1,151.23000000000002,1,2,1,121,Regular Customers
United Kingdom,16390.0,537,3,328.90000000000003,1,3,2,132,Regular Customers
United Kingdom,14068.0,320,4,1312.87,2,3,4,234,Regular Customers
United Kingdom,15943.0,650,2,271.29,1,2,2,122,Regular Customers
United Kingdom,16923.0,12,29,10587.25,5,5,5,555,New Customers
United Kingdom,16955.0,185,6,677.72,3,4,3,343,Premium Customers
United Kingdom,15013.0,488,10,1341.12,1,5,4,154,Regular Customers
United Kingdom,15588.0,678,1,192.0,1,1,1,111,Regular Customers
United Kingdom,17137.0,416,6,1075.96,1,4,4,144,Regular Customers
United Kingdom,14481.0,165,5,1816.93,3,4,4,344,Premium Customers
United Kingdom,16014.0,38,5,963.73,4,4,4,444,Premium Customers
United Kingdom,14820.0,21,9,1014.49,4,5,4,454,Premium Customers
United Kingdom,15385.0,40,3,243.26,4,3,2,432,Premium Customers
Sweden,12483.0,17,16,2882.44,5,5,5,555,Premium Customers
United Kingdom,13443.0,449,5,951.17,1,4,4,144,Regular Customers
United Kingdom,13392.0,677,1,91.14,1,1,1,111,Regular Customers
United Kingdom,14306.0,51,3,817.04,4,3,3,433,Premium Customers
United Kingdom,13897.0,50,3,1104.93,4,3,4,434,Premium Customers
United Kingdom,15338.0,677,1,257.23,1,1,2,112,Regular Customers
United Kingdom,18212.0,326,2,357.27000000000004,2,3,2,232,Regular Customers
United Kingdom,16655.0,18,13,4683.77,5,5,5,555,Premium Customers
Germany,12668.0,12,9,8611.42,5,5,5,555,New Customers
United Kingdom,17107.0,33,10,11493.49,4,5,5,455,New Customers
United Kingdom,17176.0,202,3,513.12,2,3,3,233,Premium Customers
United Kingdom,13478.0,469,5,1876.27,1,4,4,144,Regular Customers
United Kingdom,14637.0,677,1,106.68,1,1,1,111,Regular Customers
United Kingdom,15317.0,677,1,129.75,1,1,1,111,Regular Customers
United Kingdom,15022.0,12,4,855.52,5,3,4,534,Premium Customers
United Kingdom,14370.0,488,5,543.83,1,4,3,143,Regular Customers
Japan,12810.0,535,2,474.99,1,2,3,123,Regular Customers
United Kingdom,14047.0,9,13,2466.8,5,5,5,555,Premium Customers
Portugal,12800.0,470,2,500.25,1,2,3,123,Regular Customers
Germany,12711.0,612,2,1107.45,1,2,4,124,Regular Customers
United Kingdom,15416.0,65,6,3484.83,3,4,5,345,Premium Customers
United Kingdom,17365.0,13,14,6565.09,5,5,5,555,New Customers
United Kingdom,13511.0,677,1,236.81,1,1,2,112,Regular Customers
United Kingdom,16415.0,44,3,650.56,4,3,3,433,Premium Customers
United Kingdom,14821.0,367,7,1009.55,2,4,4,244,Regular Customers
United Kingdom,13156.0,385,3,1375.9,2,3,4,234,Regular Customers
United Kingdom,17361.0,49,5,814.44,4,4,3,443,Premium Customers
United Kingdom,13628.0,676,1,218.34,1,1,2,112,Regular Customers
Malta,15480.0,116,3,2679.81,3,3,5,335,Premium Customers
United Kingdom,17350.0,8,7,1410.031,5,4,4,544,Premium Customers
United Kingdom,15369.0,492,3,708.8,1,3,3,133,Regular Customers
United Kingdom,15564.0,463,2,70.74000000000001,1,2,1,121,Regular Customers
United Kingdom,15803.0,51,4,1436.54,4,4,4,444,Premium Customers
United Kingdom,13584.0,307,3,277.05,2,3,2,232,Regular Customers
United Kingdom,17146.0,263,12,4057.47,2,5,5,255,Premium Customers
United Kingdom,13916.0,464,4,960.56,1,3,4,134,Regular Customers
United Kingdom,15279.0,355,5,1237.43,2,4,4,244,Regular Customers
United Kingdom,18175.0,676,1,150.6,1,2,1,121,Regular Customers
United Kingdom,17163.0,22,4,678.78,4,4,3,443,Premium Customers
United Kingdom,16300.0,430,3,1250.72,1,3,4,134,Regular Customers
United Kingdom,12848.0,676,1,154.3,1,1,1,111,Regular Customers
United Kingdom,13538.0,43,9,2008.23,4,5,5,455,Premium Customers
United Kingdom,13975.0,31,12,4900.79,4,5,5,455,Premium Customers
United Kingdom,17092.0,50,10,4933.5,4,5,5,455,Premium Customers
United Kingdom,16067.0,563,3,2408.9100000000003,1,3,5,135,Regular Customers
Netherlands,12805.0,382,4,999.55,2,3,4,234,Regular Customers
United Kingdom,15321.0,71,12,5547.17,3,5,5,355,Premium Customers
United Kingdom,15091.0,68,3,914.01,3,3,4,334,Premium Customers
United Kingdom,13553.0,675,1,394.25,1,1,2,112,Regular Customers
United Kingdom,16928.0,80,26,2412.99,3,5,5,355,New Customers
United Kingdom,13757.0,675,1,42.55,1,1,1,111,Regular Customers
United Kingdom,17311.0,78,6,1630.85,3,4,4,344,Premium Customers
United Kingdom,16840.0,603,2,122.85,1,3,1,131,Regular Customers
United Kingdom,16081.0,56,8,3530.9,4,5,5,455,Premium Customers
United Kingdom,14399.0,394,8,1419.66,2,4,4,244,Regular Customers
RSA,12396.0,674,1,883.58,1,1,4,114,Regular Customers
United Kingdom,15448.0,313,2,636.49,2,2,3,223,Regular Customers
United Kingdom,18101.0,11,5,529.41,5,4,3,543,Premium Customers
United Kingdom,13619.0,545,2,172.49,1,2,1,121,Regular Customers
United Kingdom,16834.0,228,2,817.36,2,3,3,233,Premium Customers
United Kingdom,17690.0,30,20,4837.08,4,5,5,455,New Customers
United Kingdom,12840.0,144,7,3723.51,3,4,5,345,Premium Customers
United Kingdom,14545.0,674,1,349.25,1,1,2,112,Regular Customers
United Kingdom,15023.0,3,19,7770.14,5,5,5,555,New Customers
United Kingdom,14038.0,78,5,2769.18,3,4,5,345,Premium Customers
United Kingdom,15591.0,583,3,170.20000000000002,1,3,1,131,Regular Customers
United Kingdom,14497.0,309,2,524.3100000000001,2,2,3,223,Regular Customers
United Kingdom,15732.0,212,10,1456.76,2,5,4,254,Premium Customers
United Kingdom,13107.0,44,9,2941.51,4,5,5,455,Premium Customers
United Kingdom,14607.0,19,9,3254.16,5,5,5,555,Premium Customers
Austria,12373.0,311,3,833.1500000000001,2,3,3,233,Regular Customers
United Kingdom,16583.0,374,2,297.95,2,3,2,232,Regular Customers
United Kingdom,16383.0,75,7,2381.42,3,4,5,345,Premium Customers
United Kingdom,16412.0,54,5,549.19,4,4,3,443,Premium Customers
United Kingdom,15167.0,321,5,1113.52,2,4,4,244,Regular Customers
United Kingdom,17138.0,276,7,3621.7,2,4,5,245,Premium Customers
United Kingdom,16986.0,30,9,2275.7,4,5,5,455,Premium Customers
Germany,12500.0,50,14,1567.38,4,5,4,454,Premium Customers
United Kingdom,17309.0,95,3,262.24,3,3,2,332,Premium Customers
United Kingdom,16266.0,74,12,1102.1,3,5,4,354,Premium Customers
United Kingdom,15365.0,26,12,3852.78,4,5,5,455,Premium Customers
United Kingdom,17328.0,673,1,29.700000000000003,1,2,1,121,Regular Customers
United Kingdom,15810.0,79,8,2693.49,3,5,5,355,Premium Customers
United Kingdom,13874.0,358,7,1125.45,2,4,4,244,Regular Customers
United Kingdom,18267.0,673,1,269.37,1,2,2,122,Regular Customers
United Kingdom,12853.0,135,10,2546.4,3,5,5,355,Premium Customers
United Kingdom,16147.0,134,5,2010.42,3,4,5,345,Premium Customers
United Kingdom,13658.0,10,9,4480.6,5,5,5,555,Premium Customers
United Kingdom,16704.0,618,2,559.36,1,3,3,133,Regular Customers
United Kingdom,15784.0,468,2,631.58,1,2,3,123,Regular Customers
United Kingdom,14682.0,429,4,1269.33,1,3,4,134,Regular Customers
United Kingdom,15660.0,25,14,2338.16,4,5,5,455,Premium Customers
United Kingdom,13700.0,26,13,2117.7,4,5,5,455,Premium Customers
United Kingdom,16714.0,317,2,1147.83,2,3,4,234,Regular Customers
United Kingdom,15580.0,377,8,1138.09,2,5,4,254,Regular Customers
United Kingdom,15422.0,323,7,1178.07,2,4,4,244,Regular Customers
United Kingdom,15584.0,24,6,975.55,4,4,4,444,Premium Customers
United Kingdom,16788.0,123,5,1863.73,3,4,4,344,Premium Customers
United Kingdom,16225.0,45,15,2588.1600000000003,4,5,5,455,Premium Customers
Belgium,12402.0,323,6,1124.15,2,4,4,244,Regular Customers
United Kingdom,14562.0,4,26,5543.900000000001,5,5,5,555,New Customers
United Kingdom,17550.0,197,9,1622.71,2,5,4,254,Premium Customers
United Kingdom,16082.0,670,1,66.85,1,1,1,111,Regular Customers
United Kingdom,16212.0,19,4,1092.41,5,4,4,544,Premium Customers
United Kingdom,17342.0,380,4,678.1500000000001,2,4,3,243,Regular Customers
United Kingdom,17504.0,206,18,5623.58,2,5,5,255,New Customers
United Kingdom,14227.0,26,14,5606.57,4,5,5,455,Premium Customers
United Kingdom,13497.0,283,6,1141.33,2,4,4,244,Regular Customers
United Kingdom,16161.0,2,43,11073.12,5,5,5,555,New Customers
United Kingdom,13870.0,2,15,3558.82,5,5,5,555,Premium Customers
United Kingdom,16246.0,460,2,712.75,1,2,3,123,Regular Customers
United Kingdom,13417.0,5,6,1287.34,5,4,4,544,Premium Customers
United Kingdom,13304.0,351,4,1011.92,2,3,4,234,Regular Customers
United Kingdom,13834.0,577,2,178.5,1,2,1,121,Regular Customers
United Kingdom,14884.0,669,1,120.6,1,1,1,111,Regular Customers
United Kingdom,18070.0,669,1,314.1,1,2,2,122,Regular Customers
United Kingdom,16078.0,284,2,357.95000000000005,2,2,2,222,Regular Customers
United Kingdom,15339.0,66,6,1356.71,3,4,4,344,Premium Customers
United Kingdom,16781.0,372,2,438.55,2,3,3,233,Regular Customers
United Kingdom,17514.0,128,2,505.0,3,3,3,333,Premium Customers
United Kingdom,17294.0,669,2,296.16,1,3,2,132,Regular Customers
United Kingdom,17647.0,65,3,191.01,3,3,1,331,Premium Customers
Germany,12524.0,9,12,2706.76,5,5,5,555,Premium Customers
Germany,12665.0,325,3,259.6,2,3,2,232,Regular Customers
United Kingdom,17319.0,669,1,29.1,1,2,1,121,Regular Customers
United Kingdom,17774.0,97,9,2595.87,3,5,5,355,Premium Customers
United Kingdom,15892.0,669,1,94.75,1,1,1,111,Regular Customers
United Kingdom,13119.0,669,1,134.9,1,1,1,111,Regular Customers
Austria,12370.0,51,7,3073.58,4,4,5,445,Premium Customers
United Kingdom,13131.0,23,7,2089.27,4,4,5,445,Premium Customers
United Kingdom,17577.0,645,2,348.75,1,3,2,132,Regular Customers
United Kingdom,15082.0,669,1,93.35,1,1,1,111,Regular Customers
Germany,12645.0,34,8,2966.9,4,4,5,445,Premium Customers
United Kingdom,17083.0,109,9,2517.28,3,5,5,355,Premium Customers
Germany,12621.0,2,34,12166.43,5,5,5,555,New Customers
United Kingdom,13293.0,392,6,1003.19,2,4,4,244,Regular Customers
United Kingdom,16344.0,158,4,826.52,3,4,3,343,Premium Customers
United Kingdom,17731.0,79,6,1292.24,3,4,4,344,Premium Customers
United Kingdom,13976.0,207,4,909.84,2,3,4,234,Premium Customers
United Kingdom,13242.0,112,7,699.4,3,4,3,343,Premium Customers
United Kingdom,16419.0,113,8,785.3,3,5,3,353,Premium Customers
United Kingdom,13985.0,4,22,9426.26,5,5,5,555,New Customers
United Kingdom,16873.0,5,12,10439.86,5,5,5,555,New Customers
Germany,12663.0,625,2,106.2,1,2,1,121,Regular Customers
United Kingdom,16530.0,668,1,38.4,1,1,1,111,Regular Customers
United Kingdom,13092.0,71,12,1406.61,3,5,4,354,Premium Customers
United Kingdom,12932.0,539,8,1271.78,1,4,4,144,Regular Customers
United Kingdom,18058.0,10,3,171.66,5,3,1,531,Premium Customers
United Kingdom,15176.0,668,1,891.14,1,1,4,114,Regular Customers
United Kingdom,13164.0,569,2,87.4,1,2,1,121,Regular Customers
Portugal,12776.0,668,1,27.5,1,1,1,111,Regular Customers
United Kingdom,17201.0,54,4,862.1,4,4,4,444,Premium Customers
United Kingdom,17575.0,667,1,20.4,1,2,1,121,Regular Customers
Germany,12474.0,17,29,10118.74,5,5,5,555,New Customers
United Kingdom,16577.0,667,1,329.0,1,1,2,112,Regular Customers
France,12670.0,10,7,2474.11,5,4,5,545,Premium Customers
United Kingdom,15765.0,667,1,298.38,1,1,2,112,Regular Customers
France,12567.0,23,15,8366.93,4,5,5,455,New Customers
United Kingdom,14115.0,502,2,322.07,1,2,2,122,Regular Customers
United Kingdom,14072.0,667,1,237.15,1,1,2,112,Regular Customers
United Kingdom,16992.0,11,13,3853.05,5,5,5,555,Premium Customers
United Kingdom,14301.0,117,4,752.59,3,3,3,333,Premium Customers
United Kingdom,17685.0,17,12,3870.36,5,5,5,555,Premium Customers
France,12677.0,555,2,279.6,1,2,2,122,Regular Customers
United Kingdom,13696.0,592,2,500.2,1,2,3,123,Regular Customers
United Kingdom,15244.0,65,3,710.9300000000001,3,3,3,333,Premium Customers
United Kingdom,13551.0,319,2,205.95,2,2,2,222,Regular Customers
United Kingdom,16839.0,9,38,5096.59,5,5,5,555,New Customers
United Kingdom,15807.0,50,4,1491.58,4,4,4,444,Premium Customers
United Kingdom,16978.0,78,3,519.48,3,3,3,333,Premium Customers
United Kingdom,13291.0,156,11,2612.26,3,5,5,355,Premium Customers
United Kingdom,13199.0,8,41,4624.26,5,5,5,555,New Customers
United Kingdom,16553.0,205,20,3749.57,2,5,5,255,Premium Customers
Germany,13815.0,22,8,5344.41,4,4,5,445,Premium Customers
United Kingdom,16895.0,65,5,976.8,3,4,4,344,Premium Customers
United Kingdom,15293.0,666,1,247.5,1,1,2,112,Regular Customers
United Kingdom,15504.0,81,4,347.0,3,4,2,342,Premium Customers
France,12695.0,7,7,1000.63,5,4,4,544,Premium Customers
United Kingdom,13223.0,200,2,77.4,2,2,1,221,Premium Customers
United Kingdom,17226.0,309,3,437.82,2,3,3,233,Regular Customers
United Kingdom,17547.0,376,2,497.25,2,3,3,233,Regular Customers
United Kingdom,15278.0,562,4,343.16,1,4,2,142,Regular Customers
United Kingdom,15288.0,43,9,2918.58,4,5,5,455,Premium Customers
United Kingdom,12976.0,212,8,2381.9,2,4,5,245,Premium Customers
United Kingdom,17258.0,397,2,417.3,2,3,2,232,Regular Customers
United Kingdom,17955.0,220,3,80.6,2,3,1,231,Premium Customers
United Kingdom,15372.0,456,3,575.76,1,3,3,133,Regular Customers
United Kingdom,13446.0,430,11,2958.61,1,5,5,155,Regular Customers
United Kingdom,16608.0,454,2,995.95,1,3,4,134,Regular Customers
United Kingdom,15561.0,12,8,1127.81,5,5,4,554,Premium Customers
United Kingdom,17108.0,664,1,174.95,1,2,1,121,Regular Customers
United Kingdom,15965.0,17,11,2257.02,5,5,5,555,Premium Customers
United Kingdom,15425.0,400,4,1588.27,2,4,4,244,Regular Customers
United Kingdom,16136.0,60,4,633.44,3,4,3,343,Premium Customers
United Kingdom,13587.0,64,4,585.9,3,3,3,333,Premium Customers
United Kingdom,14970.0,68,11,3995.7,3,5,5,355,Premium Customers
United Kingdom,15272.0,57,6,1297.77,4,4,4,444,Premium Customers
United Kingdom,17285.0,628,2,240.29,1,3,2,132,Regular Customers
United Kingdom,13421.0,40,8,3347.07,4,4,5,445,Premium Customers
United Kingdom,17340.0,30,18,14270.6,4,5,5,455,New Customers
United Kingdom,16838.0,197,4,828.06,2,4,3,243,Premium Customers
United Kingdom,15964.0,663,1,269.21000000000004,1,1,2,112,Regular Customers
United Kingdom,14909.0,437,3,1202.93,1,3,4,134,Regular Customers
United Kingdom,18179.0,9,6,1520.62,5,4,4,544,Premium Customers
United Kingdom,14943.0,663,1,107.62,1,1,1,111,Regular Customers
Germany,12426.0,195,2,1104.76,2,2,4,224,Premium Customers
Cyprus,12391.0,22,5,1890.66,4,4,4,444,Premium Customers
Belgium,12380.0,22,8,5233.07,4,4,5,445,Premium Customers
United Kingdom,16330.0,18,7,478.68,5,4,3,543,Premium Customers
United Kingdom,17136.0,662,1,176.0,1,2,1,121,Regular Customers
United Kingdom,15371.0,662,1,59.400000000000006,1,1,1,111,Regular Customers
United Kingdom,16544.0,520,4,235.1,1,4,2,142,Regular Customers
United Kingdom,16860.0,453,3,745.32,1,3,3,133,Regular Customers
United Kingdom,17241.0,385,12,2119.04,2,5,5,255,Regular Customers
United Kingdom,17442.0,37,14,4173.16,4,5,5,455,Premium Customers
United Kingdom,17644.0,1,20,5048.28,5,5,5,555,New Customers
United Kingdom,15323.0,563,3,373.75,1,3,2,132,Regular Customers
United Kingdom,13802.0,139,19,7099.4800000000005,3,5,5,355,New Customers
United Kingdom,14369.0,642,2,433.33,1,2,3,123,Regular Customers
United Kingdom,16359.0,7,14,1088.79,5,5,4,554,Premium Customers
United Kingdom,14989.0,662,1,277.1,1,1,2,112,Regular Customers
United Kingdom,16584.0,80,5,1571.0600000000002,3,4,4,344,Premium Customers
United Kingdom,13407.0,599,2,1685.54,1,2,4,124,Regular Customers
United Kingdom,17171.0,289,2,296.69,2,3,2,232,Regular Customers
United Kingdom,14639.0,52,9,3813.14,4,5,5,455,Premium Customers
United Kingdom,17778.0,662,1,72.9,1,2,1,121,Regular Customers
United Kingdom,17789.0,281,2,345.9,2,3,2,232,Regular Customers
United Kingdom,15325.0,104,8,1481.16,3,5,4,354,Premium Customers
United Kingdom,12960.0,414,4,1071.07,1,3,4,134,Regular Customers
United Kingdom,13503.0,71,5,1567.74,3,4,4,344,Premium Customers
United Kingdom,12972.0,414,4,862.62,1,3,4,134,Regular Customers
United Kingdom,17931.0,134,14,2316.35,3,5,5,355,Premium Customers
United Kingdom,13842.0,59,18,3984.07,4,5,5,455,Premium Customers
United Kingdom,16911.0,636,2,245.3,1,3,2,132,Regular Customers
United Kingdom,16774.0,68,8,1379.75,3,5,4,354,Premium Customers
United Kingdom,14944.0,30,18,7019.02,4,5,5,455,New Customers
United Kingdom,13659.0,206,12,3682.28,2,5,5,255,Premium Customers
United Kingdom,18285.0,661,1,93.2,1,2,1,121,Regular Customers
United Kingdom,14244.0,661,1,245.46,1,1,2,112,Regular Customers
United Kingdom,15251.0,91,15,2924.16,3,5,5,355,Premium Customers
United Kingdom,17560.0,155,7,713.72,3,4,3,343,Premium Customers
United Kingdom,13613.0,453,5,957.3,1,4,4,144,Regular Customers
United Kingdom,14276.0,99,7,1993.63,3,4,5,345,Premium Customers
United Kingdom,17426.0,8,13,6396.74,5,5,5,555,New Customers
United Kingdom,14584.0,169,8,1502.21,3,5,4,354,Premium Customers
United Kingdom,16447.0,136,3,559.0500000000001,3,3,3,333,Premium Customers
United Kingdom,16938.0,9,9,5346.72,5,5,5,555,Premium Customers
United Kingdom,18218.0,211,4,575.96,2,4,3,243,Premium Customers
United Kingdom,14322.0,429,4,309.7,1,3,2,132,Regular Customers
United Kingdom,14890.0,254,3,785.45,2,3,3,233,Premium Customers
United Kingdom,13773.0,397,2,301.54,2,2,2,222,Regular Customers
United Kingdom,13020.0,563,2,584.96,1,2,3,123,Regular Customers
United Kingdom,12993.0,23,8,1183.51,4,4,4,444,Premium Customers
United Kingdom,13431.0,67,8,2076.1,3,4,5,345,Premium Customers
United Kingdom,12898.0,660,1,109.57,1,1,1,111,Regular Customers
United Kingdom,16170.0,51,20,6005.54,4,5,5,455,New Customers
United Kingdom,13579.0,15,5,1077.42,5,4,4,544,Premium Customers
United Kingdom,14152.0,75,7,1851.9,3,4,4,344,Premium Customers
United Kingdom,18178.0,129,11,5528.02,3,5,5,355,Premium Customers
United Kingdom,17763.0,263,4,76.2,2,4,1,241,Premium Customers
United Kingdom,17721.0,659,1,307.21000000000004,1,2,2,122,Regular Customers
United Kingdom,18153.0,659,1,246.22,1,2,2,122,Regular Customers
United Kingdom,14783.0,659,1,270.14,1,1,2,112,Regular Customers
United Kingdom,18257.0,39,12,3967.1,4,5,5,455,Premium Customers
United Kingdom,18008.0,70,12,599.17,3,5,3,353,Premium Customers
United Kingdom,15306.0,64,9,2171.52,3,5,5,355,Premium Customers
United Kingdom,16487.0,577,2,170.65,1,2,1,121,Regular Customers
United Kingdom,14686.0,414,5,784.78,1,4,3,143,Regular Customers
United Kingdom,13333.0,411,3,850.35,1,3,3,133,Regular Customers
United Kingdom,13957.0,418,3,339.65,1,3,2,132,Regular Customers
United Kingdom,16574.0,71,3,1243.58,3,3,4,334,Premium Customers
United Kingdom,13604.0,659,1,263.12,1,1,2,112,Regular Customers
United Kingdom,17145.0,513,4,2483.14,1,4,5,145,Regular Customers
United Kingdom,13662.0,86,11,1693.81,3,5,4,354,Premium Customers
United Kingdom,13552.0,66,22,4454.84,3,5,5,355,New Customers
United Kingdom,13191.0,658,1,156.19,1,1,1,111,Regular Customers
United Kingdom,18283.0,4,22,2511.25,5,5,5,555,Premium Customers
Australia,12416.0,657,1,202.56,1,1,2,112,Regular Customers
United Kingdom,13761.0,50,6,1724.02,4,4,4,444,Premium Customers
United Kingdom,14878.0,13,23,3289.45,5,5,5,555,New Customers
United Kingdom,15988.0,19,3,636.09,5,3,3,533,Premium Customers
United Kingdom,15182.0,154,11,2314.062,3,5,5,355,Premium Customers
United Kingdom,16693.0,69,5,930.02,3,4,4,344,Premium Customers
United Kingdom,15774.0,69,6,986.79,3,4,4,344,Premium Customers
United Kingdom,16948.0,139,7,506.9,3,4,3,343,Premium Customers
United Kingdom,13980.0,60,5,597.96,3,4,3,343,Premium Customers
United Kingdom,17332.0,528,5,617.16,1,4,3,143,Regular Customers
United Kingdom,15928.0,656,1,140.53,1,1,1,111,Regular Customers
United Kingdom,12945.0,288,2,684.4100000000001,2,2,3,223,Regular Customers
United Kingdom,16450.0,150,3,1037.97,3,3,4,334,Premium Customers
United Kingdom,14602.0,656,1,192.61,1,1,1,111,Regular Customers
United Kingdom,16273.0,656,1,79.89,1,1,1,111,Regular Customers
United Kingdom,13540.0,467,3,513.84,1,3,3,133,Regular Customers
Austria,12360.0,52,6,3061.95,4,4,5,445,Premium Customers
United Kingdom,13434.0,74,5,730.62,3,4,3,343,Premium Customers
Australia,12389.0,403,3,1209.43,2,3,4,234,Regular Customers
United Kingdom,16619.0,264,4,1568.25,2,4,4,244,Premium Customers
United Kingdom,14997.0,46,4,421.52,4,3,2,432,Premium Customers
United Kingdom,17439.0,656,1,116.7,1,2,1,121,Regular Customers
United Kingdom,17195.0,655,1,366.9,1,2,2,122,Regular Customers
United Kingdom,17081.0,25,6,653.94,4,4,3,443,Premium Customers
United Kingdom,15754.0,51,8,2512.45,4,5,5,455,Premium Customers
United Kingdom,17259.0,148,6,1232.29,3,4,4,344,Premium Customers
United Kingdom,15673.0,88,9,4508.2300000000005,3,5,5,355,Premium Customers
United Kingdom,16071.0,45,4,1038.9,4,4,4,444,Premium Customers
United Kingdom,13340.0,45,10,3515.98,4,5,5,455,Premium Customers
United Arab Emirates,17829.0,299,4,3824.12,2,4,5,245,Regular Customers
United Kingdom,13513.0,127,3,752.09,3,3,3,333,Premium Customers
France,12727.0,11,10,3634.55,5,5,5,555,Premium Customers
United Kingdom,17667.0,66,9,3244.02,3,5,5,355,Premium Customers
United Kingdom,13330.0,93,6,2225.86,3,4,5,345,Premium Customers
United Kingdom,15493.0,33,9,2732.5,4,5,5,455,Premium Customers
United Kingdom,16416.0,27,9,1909.18,4,5,4,454,Premium Customers
United Kingdom,13052.0,212,7,2594.78,2,4,5,245,Premium Customers
United Kingdom,14726.0,655,1,106.55,1,1,1,111,Regular Customers
United Kingdom,15295.0,654,1,207.04,1,1,2,112,Regular Customers
United Kingdom,13772.0,34,8,2438.22,4,4,5,445,Premium Customers
United Kingdom,15241.0,67,11,2412.53,3,5,5,355,Premium Customers
United Kingdom,14112.0,23,12,4914.5,4,5,5,455,Premium Customers
United Kingdom,13490.0,654,1,33.3,1,1,1,111,Regular Customers
United Kingdom,15955.0,24,22,6974.4800000000005,4,5,5,455,New Customers
United Kingdom,14681.0,71,6,440.7000000000001,3,4,3,343,Premium Customers
United Kingdom,15290.0,5,26,5479.78,5,5,5,555,New Customers
United Kingdom,16388.0,654,1,186.05,1,1,1,111,Regular Customers
Sweden,12482.0,601,12,821.4,1,5,3,153,Regular Customers
United Kingdom,16406.0,19,3,438.11,5,3,3,533,Premium Customers
United Kingdom,12998.0,493,3,707.12,1,3,3,133,Regular Customers
United Kingdom,15439.0,405,3,979.35,2,3,4,234,Regular Customers
United Kingdom,14284.0,31,3,1075.95,4,3,4,434,Premium Customers
United Kingdom,12909.0,40,8,1805.69,4,4,4,444,Premium Customers
United Kingdom,15659.0,44,3,224.39,4,3,2,432,Premium Customers
United Kingdom,13765.0,653,1,248.861,1,1,2,112,Regular Customers
United Kingdom,17027.0,79,8,980.22,3,5,4,354,Premium Customers
United Kingdom,15058.0,25,16,2867.73,4,5,5,455,Premium Customers
United Kingdom,16208.0,45,10,2595.0,4,5,5,455,Premium Customers
United Kingdom,13944.0,653,1,192.87,1,1,1,111,Regular Customers
United Kingdom,14535.0,60,9,5124.42,3,5,5,355,Premium Customers
United Kingdom,13469.0,653,1,62.5,1,1,1,111,Regular Customers
United Kingdom,13104.0,3,7,860.46,5,4,4,544,Premium Customers
United Kingdom,17358.0,303,5,750.21,2,4,3,243,Regular Customers
United Kingdom,16118.0,653,1,271.44,1,1,2,112,Regular Customers
United Kingdom,14006.0,116,7,995.0,3,4,4,344,Premium Customers
United Kingdom,16471.0,275,4,919.38,2,4,4,244,Regular Customers
United Kingdom,16684.0,4,18,7642.42,5,5,5,555,New Customers
United Kingdom,14740.0,197,11,3400.17,2,5,5,255,Premium Customers
United Kingdom,18009.0,235,8,1657.68,2,5,4,254,Premium Customers
United Kingdom,17863.0,59,12,4380.94,4,5,5,455,Premium Customers
United Kingdom,13334.0,82,5,5406.91,3,4,5,345,Premium Customers
United Kingdom,13771.0,64,9,4295.82,3,5,5,355,Premium Customers
United Kingdom,13240.0,96,8,1407.27,3,4,4,344,Premium Customers
United Kingdom,14402.0,652,1,105.6,1,1,1,111,Regular Customers
United Kingdom,17200.0,387,3,176.71,2,3,1,231,Regular Customers
United Kingdom,13935.0,597,3,1765.37,1,3,4,134,Regular Customers
United Kingdom,16677.0,411,2,775.02,1,3,3,133,Regular Customers
United Kingdom,17534.0,54,5,1523.93,4,4,4,444,Premium Customers
United Kingdom,13652.0,46,5,2115.92,4,4,5,445,Premium Customers
United Kingdom,14770.0,232,8,2793.93,2,5,5,255,Premium Customers
United Kingdom,17207.0,652,1,257.64,1,2,2,122,Regular Customers
United Kingdom,17883.0,3,7,669.12,5,4,3,543,Premium Customers
United Kingdom,17011.0,30,2,408.3,4,3,2,432,Premium Customers
United Kingdom,15366.0,75,7,1874.03,3,4,4,344,Premium Customers
United Kingdom,16631.0,482,7,1667.79,1,4,4,144,Regular Customers
United Kingdom,15124.0,23,4,333.15,4,3,2,432,Premium Customers
United Kingdom,13598.0,47,5,586.21,4,4,3,443,Premium Customers
United Kingdom,14177.0,86,11,1397.15,3,5,4,354,Premium Customers
United Kingdom,16913.0,290,2,79.42999999999999,2,3,1,231,Regular Customers
United Kingdom,14459.0,155,2,3214.701,3,2,5,325,Premium Customers
United Kingdom,15569.0,132,7,421.72,3,4,2,342,Premium Customers
United Kingdom,15149.0,134,4,897.8100000000001,3,3,4,334,Premium Customers
United Kingdom,14807.0,391,2,457.74,2,2,3,223,Regular Customers
United Kingdom,18046.0,650,1,104.48,1,2,1,121,Regular Customers
United Kingdom,17760.0,22,6,494.43,4,4,3,443,Premium Customers
United Kingdom,15990.0,44,7,1630.5,4,4,4,444,Premium Customers
United Kingdom,15664.0,51,4,1179.03,4,4,4,444,Premium Customers
United Kingdom,13883.0,11,14,5284.25,5,5,5,555,Premium Customers
United Kingdom,16939.0,489,3,360.84,1,3,2,132,Regular Customers
United Kingdom,13561.0,216,11,1553.2,2,5,4,254,Premium Customers
United Kingdom,16283.0,6,8,3879.07,5,5,5,555,Premium Customers
United Kingdom,17373.0,40,7,1143.65,4,4,4,444,Premium Customers
United Kingdom,18069.0,26,10,4004.01,4,5,5,455,Premium Customers
United Kingdom,14798.0,53,8,724.31,4,5,3,453,Premium Customers
France,12598.0,10,10,3127.69,5,5,5,555,Premium Customers
United Kingdom,13010.0,374,2,242.4,2,2,2,222,Regular Customers
United Kingdom,15219.0,176,2,492.7,3,2,3,323,Premium Customers
United Kingdom,14131.0,649,1,168.22,1,1,1,111,Regular Customers
United Kingdom,16511.0,22,6,1328.25,4,4,4,444,Premium Customers
United Kingdom,16037.0,270,5,1130.24,2,4,4,244,Premium Customers
United Kingdom,13018.0,16,35,8422.18,5,5,5,555,New Customers
United Kingdom,17305.0,649,1,63.5,1,2,1,121,Regular Customers
United Kingdom,16521.0,415,3,915.66,1,3,4,134,Regular Customers
United Kingdom,16519.0,25,4,298.36,4,4,2,442,Premium Customers
United Kingdom,17359.0,11,2,190.05,5,3,1,531,Premium Customers
United Kingdom,16731.0,648,1,170.3,1,2,1,121,Regular Customers
United Kingdom,14257.0,64,9,4878.2300000000005,3,5,5,355,Premium Customers
United Kingdom,15603.0,648,1,40.0,1,1,1,111,Regular Customers
United Kingdom,17116.0,648,1,348.74,1,2,2,122,Regular Customers
United Kingdom,13911.0,144,19,2989.88,3,5,5,355,Premium Customers
France,12731.0,24,14,10550.29,4,5,5,455,New Customers
United Kingdom,16946.0,383,5,1104.89,2,4,4,244,Regular Customers
United Kingdom,17477.0,613,2,527.5,1,3,3,133,Regular Customers
United Kingdom,13797.0,437,3,926.7,1,3,4,134,Regular Customers
United Kingdom,13126.0,5,13,3333.67,5,5,5,555,Premium Customers
United Kingdom,14818.0,74,6,748.0600000000001,3,4,3,343,Premium Customers
United Kingdom,15927.0,647,1,93.1,1,1,1,111,Regular Customers
United Kingdom,16960.0,39,8,1822.47,4,5,4,454,Premium Customers
France,12525.0,498,3,798.1800000000001,1,3,3,133,Regular Customers
United Kingdom,16177.0,50,8,1842.36,4,5,4,454,Premium Customers
Portugal,12809.0,178,3,1116.44,3,3,4,334,Premium Customers
United Kingdom,15606.0,61,17,4653.23,3,5,5,355,Premium Customers
United Kingdom,13593.0,108,14,4297.74,3,5,5,355,Premium Customers
United Kingdom,16520.0,186,6,1848.88,3,4,4,344,Premium Customers
United Kingdom,13793.0,647,1,96.0,1,1,1,111,Regular Customers
United Kingdom,13663.0,179,5,1476.01,3,4,4,344,Premium Customers
United Kingdom,16947.0,236,3,811.3100000000001,2,3,3,233,Premium Customers
United Kingdom,16099.0,50,7,1305.6,4,4,4,444,Premium Customers
United Kingdom,18148.0,647,1,112.85,1,2,1,121,Regular Customers
United Kingdom,17020.0,542,2,895.22,1,3,4,134,Regular Customers
United Kingdom,13873.0,120,8,718.35,3,4,3,343,Premium Customers
United Kingdom,13294.0,190,3,1440.48,2,3,4,234,Premium Customers
Italy,12594.0,47,13,4101.92,4,5,5,455,Premium Customers
United Kingdom,16461.0,178,3,1217.35,3,3,4,334,Premium Customers
United Kingdom,16636.0,438,4,1362.82,1,4,4,144,Regular Customers
United Kingdom,13214.0,418,7,2984.02,1,4,5,145,Regular Customers
United Kingdom,13722.0,132,10,4101.18,3,5,5,355,Premium Customers
United Kingdom,13595.0,517,3,713.68,1,3,3,133,Regular Customers
United Kingdom,14142.0,373,2,621.4300000000001,2,2,3,223,Regular Customers
United Kingdom,18152.0,646,1,336.64,1,2,2,122,Regular Customers
United Kingdom,16285.0,646,1,176.9,1,1,1,111,Regular Customers
United Kingdom,14157.0,20,5,931.58,4,4,4,444,Premium Customers
United Kingdom,15875.0,646,1,108.52,1,1,1,111,Regular Customers
United Kingdom,13835.0,25,7,853.67,4,4,4,444,Premium Customers
United Kingdom,13377.0,397,2,1162.21,2,2,4,224,Regular Customers
United Kingdom,17049.0,3,18,7410.57,5,5,5,555,New Customers
United Kingdom,15622.0,43,17,6496.92,4,5,5,455,New Customers
United Kingdom,17930.0,36,12,1597.12,4,5,4,454,Premium Customers
United Kingdom,15084.0,380,2,245.85,2,2,2,222,Regular Customers
United Kingdom,14097.0,481,2,367.46,1,2,2,122,Regular Customers
United Kingdom,18151.0,135,5,1637.24,3,4,4,344,Premium Customers
United Kingdom,13879.0,646,1,375.6,1,1,2,112,Regular Customers
United Kingdom,16859.0,145,7,1309.23,3,4,4,344,Premium Customers
United Kingdom,18272.0,3,9,3916.46,5,5,5,555,Premium Customers
United Kingdom,17847.0,516,2,112.69,1,3,1,131,Regular Customers
United Kingdom,18064.0,133,8,996.69,3,5,4,354,Premium Customers
United Kingdom,14018.0,645,1,341.95000000000005,1,1,2,112,Regular Customers
United Kingdom,14426.0,24,16,8709.19,4,5,5,455,New Customers
United Kingdom,13881.0,18,26,7427.6,5,5,5,555,New Customers
United Kingdom,17159.0,22,5,1786.01,4,4,4,444,Premium Customers
United Kingdom,16096.0,264,4,785.07,2,4,3,243,Premium Customers
United Kingdom,14748.0,29,10,2264.64,4,5,5,455,Premium Customers
United Kingdom,15030.0,268,6,730.33,2,4,3,243,Premium Customers
United Kingdom,17448.0,529,41,13849.7,1,5,5,155,New Customers
Switzerland,12371.0,60,4,3088.08,3,3,5,335,Premium Customers
United Kingdom,17718.0,232,2,361.48,2,3,2,232,Premium Customers
Belgium,12399.0,119,7,1293.84,3,4,4,344,Premium Customers
United Kingdom,13280.0,122,7,1740.34,3,4,4,344,Premium Customers
Germany,12568.0,645,1,30.7,1,1,1,111,Regular Customers
United Kingdom,13476.0,179,5,1274.12,3,4,4,344,Premium Customers
United Kingdom,18226.0,44,26,8988.54,4,5,5,455,New Customers
United Kingdom,14957.0,253,2,168.59,2,2,1,221,Premium Customers
United Kingdom,14186.0,427,5,1460.99,1,4,4,144,Regular Customers
United Kingdom,13544.0,40,6,651.7,4,4,3,443,Premium Customers
United Kingdom,13515.0,73,6,1111.02,3,4,4,344,Premium Customers
United Kingdom,15094.0,463,2,83.0,1,2,1,121,Regular Customers
United Kingdom,17006.0,5,8,1490.77,5,5,4,554,Premium Customers
United Kingdom,15630.0,45,3,1272.8,4,3,4,434,Premium Customers
United Kingdom,15978.0,77,3,2549.06,3,3,5,335,Premium Customers
United Kingdom,14852.0,58,18,4776.42,4,5,5,455,New Customers
United Kingdom,14233.0,49,7,2081.07,4,4,5,445,Premium Customers
United Kingdom,13799.0,117,9,2320.54,3,5,5,355,Premium Customers
United Kingdom,16331.0,432,5,482.85,1,4,3,143,Regular Customers
United Kingdom,14172.0,605,3,188.82,1,3,1,131,Regular Customers
United Kingdom,13201.0,502,4,960.49,1,3,4,134,Regular Customers
United Kingdom,13508.0,244,2,180.49,2,2,1,221,Premium Customers
United Kingdom,16271.0,16,8,3106.96,5,5,5,555,Premium Customers
United Kingdom,15443.0,2,14,4342.22,5,5,5,555,Premium Customers
United Kingdom,14205.0,17,9,1510.13,5,5,4,554,Premium Customers
United Kingdom,14877.0,418,2,370.5,1,2,2,122,Regular Customers
United Kingdom,18253.0,643,1,144.72,1,2,1,121,Regular Customers
United Kingdom,13764.0,71,6,2507.77,3,4,5,345,Premium Customers
United Kingdom,17236.0,13,12,1255.46,5,5,4,554,Premium Customers
United Kingdom,17589.0,60,18,11881.5,3,5,5,355,New Customers
United Kingdom,17734.0,54,6,1202.0,4,4,4,444,Premium Customers
United Kingdom,13276.0,64,5,1533.46,3,4,4,344,Premium Customers
United Kingdom,16466.0,34,15,2762.15,4,5,5,455,Premium Customers
Germany,12530.0,60,9,2266.19,3,5,5,355,Premium Customers
United Kingdom,15631.0,642,1,508.39,1,1,3,113,Regular Customers
United Kingdom,18029.0,642,1,240.45,1,2,2,122,Regular Customers
United Kingdom,16984.0,88,9,7320.75,3,5,5,355,Premium Customers
United Kingdom,16310.0,414,2,421.83,1,2,2,122,Regular Customers
United Kingdom,16534.0,642,1,429.6,1,1,3,113,Regular Customers
United Kingdom,17158.0,32,5,1566.9,4,4,4,444,Premium Customers
Austria,12369.0,413,3,1280.13,1,3,4,134,Regular Customers
United Kingdom,14493.0,7,10,4134.78,5,5,5,555,Premium Customers
United Kingdom,15847.0,38,5,634.84,4,4,3,443,Premium Customers
United Kingdom,17298.0,101,5,537.1,3,4,3,343,Premium Customers
United Kingdom,15791.0,44,5,3110.09,4,4,5,445,Premium Customers
Netherlands,12765.0,472,6,1063.98,1,4,4,144,Regular Customers
United Kingdom,17682.0,10,11,3785.79,5,5,5,555,Premium Customers
United Kingdom,12825.0,521,2,260.28,1,2,2,122,Regular Customers
United Kingdom,17325.0,280,3,447.46,2,3,3,233,Regular Customers
United Kingdom,13157.0,49,9,4644.64,4,5,5,455,Premium Customers
United Kingdom,17542.0,270,3,311.65,2,3,2,232,Regular Customers
Italy,12514.0,267,2,1257.88,2,2,4,224,Premium Customers
United Kingdom,17960.0,171,3,127.13,3,3,1,331,Premium Customers
United Kingdom,16628.0,30,7,2080.35,4,4,5,445,Premium Customers
United Kingdom,17289.0,32,9,1743.43,4,5,4,454,Premium Customers
United Kingdom,17672.0,50,6,3932.01,4,4,5,445,Premium Customers
United Kingdom,17025.0,61,5,735.47,3,4,3,343,Premium Customers
United Kingdom,16537.0,641,1,23.35,1,1,1,111,Regular Customers
United Kingdom,17488.0,641,1,336.5,1,2,2,122,Regular Customers
United Kingdom,16681.0,78,6,1091.14,3,4,4,344,Premium Customers
United Kingdom,13454.0,641,1,219.87,1,1,2,112,Regular Customers
United Kingdom,16275.0,197,3,1558.7,2,3,4,234,Premium Customers
United Kingdom,18245.0,7,20,5703.84,5,5,5,555,New Customers
United Kingdom,17002.0,86,7,1366.2,3,4,4,344,Premium Customers
United Kingdom,17663.0,26,16,3666.92,4,5,5,455,Premium Customers
United Kingdom,17438.0,254,4,909.91,2,4,4,244,Premium Customers
United Kingdom,15250.0,641,1,60.0,1,1,1,111,Regular Customers
United Kingdom,17266.0,2,5,367.52,5,4,2,542,Premium Customers
United Kingdom,15437.0,262,2,361.1,2,2,2,222,Premium Customers
Sweden,12495.0,641,1,243.4,1,1,2,112,Regular Customers
United Kingdom,15921.0,173,4,434.54,3,4,3,343,Premium Customers
United Kingdom,18039.0,374,4,404.37,2,4,2,242,Regular Customers
United Kingdom,17907.0,641,1,80.08000000000001,1,2,1,121,Regular Customers
United Kingdom,14147.0,78,7,498.3,3,4,3,343,Premium Customers
United Kingdom,13627.0,59,7,1696.16,4,4,4,444,Premium Customers
United Kingdom,16854.0,417,2,1263.24,1,3,4,134,Regular Customers
United Kingdom,13283.0,60,4,352.06,3,3,2,332,Premium Customers
United Kingdom,15722.0,36,9,2148.88,4,5,5,455,Premium Customers
United Kingdom,16707.0,400,4,362.2,2,4,2,242,Regular Customers
United Kingdom,16756.0,215,7,1175.32,2,4,4,244,Premium Customers
Spain,12542.0,484,2,359.61,1,2,2,122,Regular Customers
United Kingdom,14676.0,31,9,1647.29,4,5,4,454,Premium Customers
United Kingdom,13316.0,37,10,1451.63,4,5,4,454,Premium Customers
Sweden,12638.0,33,2,591.55,4,2,3,423,Premium Customers
United Kingdom,13484.0,241,3,536.37,2,3,3,233,Premium Customers
United Kingdom,16846.0,50,3,785.23,4,3,3,433,Premium Customers
United Kingdom,17348.0,15,9,1998.84,5,5,5,555,Premium Customers
United Kingdom,13566.0,41,5,1645.4,4,4,4,444,Premium Customers
United Kingdom,14924.0,246,3,607.07,2,3,3,233,Premium Customers
United Kingdom,16258.0,45,15,7508.1,4,5,5,455,New Customers
United Kingdom,13305.0,4,16,2189.04,5,5,5,555,Premium Customers
United Kingdom,15558.0,639,1,142.33,1,1,1,111,Regular Customers
United Kingdom,16611.0,186,6,1456.3300000000002,3,4,4,344,Premium Customers
United Kingdom,17338.0,17,17,10719.01,5,5,5,555,New Customers
United Kingdom,14060.0,5,25,3803.94,5,5,5,555,New Customers
United Kingdom,12954.0,639,1,136.95,1,1,1,111,Regular Customers
United Kingdom,16387.0,323,5,656.89,2,4,3,243,Regular Customers
United Kingdom,13715.0,281,17,7063.67,2,5,5,255,New Customers
United Kingdom,14745.0,113,12,2088.09,3,5,5,355,Premium Customers
United Kingdom,15221.0,366,4,660.7,2,4,3,243,Regular Customers
United Kingdom,17065.0,638,2,75.30000000000001,1,3,1,131,Regular Customers
United Kingdom,17228.0,16,13,2643.64,5,5,5,555,Premium Customers
United Kingdom,17588.0,100,6,1448.29,3,4,4,344,Premium Customers
United Kingdom,16347.0,11,10,2644.39,5,5,5,555,Premium Customers
United Kingdom,13795.0,405,3,301.95,2,3,2,232,Regular Customers
United Kingdom,14824.0,10,10,3313.11,5,5,5,555,Premium Customers
France,12692.0,637,1,103.0,1,1,1,111,Regular Customers
United Kingdom,15941.0,637,1,405.0,1,1,2,112,Regular Customers
Denmark,12435.0,268,4,1556.38,2,3,4,234,Premium Customers
United Kingdom,13824.0,33,12,2470.82,4,5,5,455,Premium Customers
United Kingdom,13724.0,637,1,213.01,1,1,2,112,Regular Customers
United Kingdom,13573.0,50,6,537.08,4,4,3,443,Premium Customers
United Kingdom,16586.0,249,3,827.7,2,3,3,233,Premium Customers
United Kingdom,15994.0,55,3,1007.78,4,3,4,434,Premium Customers
United Kingdom,13183.0,8,15,1730.63,5,5,4,554,Premium Customers
United Kingdom,18149.0,51,7,1196.28,4,4,4,444,Premium Customers
United Kingdom,13688.0,635,1,190.5,1,1,1,111,Regular Customers
United Kingdom,15665.0,168,5,3438.81,3,4,5,345,Premium Customers
United Kingdom,17849.0,264,6,290.16,2,4,2,242,Premium Customers
United Kingdom,14857.0,60,6,3064.211,3,4,5,345,Premium Customers
United Kingdom,14645.0,157,3,636.32,3,3,3,333,Premium Customers
United Kingdom,14315.0,45,8,2556.12,4,4,5,445,Premium Customers
United Kingdom,15117.0,15,8,1845.48,5,5,4,554,Premium Customers
United Kingdom,18135.0,29,8,358.52,4,5,2,452,Premium Customers
United Kingdom,13530.0,634,1,356.48,1,1,2,112,Regular Customers
United Kingdom,14534.0,3,25,4762.54,5,5,5,555,New Customers
United Kingdom,16242.0,8,13,6635.94,5,5,5,555,New Customers
United Kingdom,13600.0,312,2,163.47,2,2,1,221,Regular Customers
United Kingdom,15227.0,37,9,1945.32,4,5,4,454,Premium Customers
United Kingdom,15123.0,7,5,3107.19,5,4,5,545,Premium Customers
United Kingdom,15946.0,503,2,225.76,1,2,2,122,Regular Customers
United Kingdom,14873.0,210,2,623.6800000000001,2,2,3,223,Premium Customers
United Kingdom,14604.0,633,1,133.91,1,1,1,111,Regular Customers
United Kingdom,18063.0,391,2,186.6,2,3,1,231,Regular Customers
United Kingdom,14496.0,312,7,1430.1,2,4,4,244,Regular Customers
Germany,12701.0,80,6,2077.53,3,4,5,345,Premium Customers
United Kingdom,17478.0,408,2,1072.4,2,3,4,234,Regular Customers
United Kingdom,14872.0,484,3,783.48,1,3,3,133,Regular Customers
United Kingdom,17568.0,633,1,374.45,1,2,2,122,Regular Customers
United Kingdom,17479.0,633,1,389.26,1,2,2,122,Regular Customers
United Kingdom,16652.0,59,13,7595.31,4,5,5,455,New Customers
United Kingdom,13612.0,633,1,755.89,1,1,3,113,Regular Customers
United Kingdom,16777.0,80,5,956.23,3,4,4,344,Premium Customers
United Kingdom,13275.0,384,2,223.91,2,2,2,222,Regular Customers
United Kingdom,18196.0,95,4,1261.89,3,4,4,344,Premium Customers
United Kingdom,17933.0,632,1,114.69,1,2,1,121,Regular Customers
United Kingdom,16917.0,277,2,1096.26,2,3,4,234,Regular Customers
United Kingdom,13371.0,505,2,1405.96,1,2,4,124,Regular Customers
United Kingdom,16254.0,378,3,867.22,2,3,4,234,Regular Customers
United Kingdom,16336.0,421,4,1063.01,1,4,4,144,Regular Customers
United Kingdom,18131.0,632,1,39.6,1,2,1,121,Regular Customers
United Kingdom,16571.0,27,10,3713.47,4,5,5,455,Premium Customers
United Kingdom,18187.0,632,1,630.44,1,2,3,123,Regular Customers
United Kingdom,14427.0,50,4,799.22,4,3,3,433,Premium Customers
United Kingdom,16977.0,395,3,256.1,2,3,2,232,Regular Customers
United Kingdom,15819.0,49,10,3630.63,4,5,5,455,Premium Customers
United Kingdom,14651.0,67,9,1480.22,3,5,4,354,Premium Customers
United Kingdom,15918.0,191,3,582.88,2,3,3,233,Premium Customers
United Kingdom,14400.0,149,3,1022.01,3,3,4,334,Premium Customers
United Kingdom,13057.0,530,3,351.2,1,3,2,132,Regular Customers
United Kingdom,16385.0,60,5,786.6,3,4,3,343,Premium Customers
United Kingdom,13243.0,203,5,950.88,2,4,4,244,Premium Customers
United Kingdom,15496.0,631,1,120.64,1,1,1,111,Regular Customers
France,12615.0,2,8,4294.81,5,4,5,545,Premium Customers
United Kingdom,16303.0,26,7,6312.87,4,4,5,445,Premium Customers
United Kingdom,16108.0,85,4,2051.25,3,4,5,345,Premium Customers
United Kingdom,17349.0,179,4,413.78,3,4,2,342,Premium Customers
United Kingdom,18247.0,415,3,557.53,1,3,3,133,Regular Customers
United Kingdom,16668.0,15,13,747.88,5,5,3,553,Premium Customers
United Kingdom,16199.0,392,7,546.75,2,4,3,243,Regular Customers
United Kingdom,13230.0,4,30,4528.3,5,5,5,555,New Customers
United Kingdom,13150.0,484,3,49.55,1,3,1,131,Regular Customers
United Kingdom,17838.0,27,12,3913.34,4,5,5,455,Premium Customers
United Kingdom,17738.0,19,13,3388.82,5,5,5,555,Premium Customers
United Kingdom,16008.0,24,15,4504.35,4,5,5,455,Premium Customers
United Kingdom,14292.0,8,15,3048.51,5,5,5,555,Premium Customers
United Kingdom,14851.0,23,3,657.21,4,3,3,433,Premium Customers
United Kingdom,16508.0,630,1,205.5,1,1,2,112,Regular Customers
United Kingdom,17673.0,2,12,3205.09,5,5,5,555,Premium Customers
Switzerland,12418.0,113,4,1655.41,3,3,4,334,Premium Customers
United Kingdom,14316.0,422,5,276.54,1,4,2,142,Regular Customers
United Kingdom,15650.0,522,2,451.33,1,2,3,123,Regular Customers
United Kingdom,18085.0,330,4,1341.85,2,4,4,244,Regular Customers
United Kingdom,17133.0,16,5,52.38,5,4,1,541,Premium Customers
United Kingdom,17472.0,191,4,863.95,2,4,4,244,Premium Customers
United Kingdom,13466.0,184,5,828.0,3,4,3,343,Premium Customers
United Kingdom,17587.0,628,1,135.31,1,2,1,121,Regular Customers
United Kingdom,17051.0,194,4,682.62,2,4,3,243,Premium Customers
United Kingdom,16039.0,424,2,438.5,1,2,3,123,Regular Customers
United Kingdom,16397.0,628,1,20.38,1,1,1,111,Regular Customers
United Kingdom,18078.0,217,4,503.6,2,4,3,243,Premium Customers
Cyprus,12368.0,628,1,371.5,1,1,2,112,Regular Customers
United Kingdom,13451.0,26,11,6529.72,4,5,5,455,Premium Customers
Sweden,12639.0,239,3,971.27,2,3,4,234,Premium Customers
United Kingdom,14928.0,628,1,223.91000000000005,1,1,2,112,Regular Customers
United Kingdom,17552.0,60,11,2447.91,3,5,5,355,Premium Customers
United Kingdom,16132.0,544,2,193.4,1,2,1,121,Regular Customers
United Kingdom,13151.0,296,3,1686.96,2,3,4,234,Regular Customers
United Kingdom,13482.0,232,2,336.09,2,2,2,222,Premium Customers
United Kingdom,14175.0,60,8,4890.55,3,4,5,345,Premium Customers
United Kingdom,14817.0,200,7,2946.37,2,4,5,245,Premium Customers
United Kingdom,13357.0,257,5,3120.01,2,4,5,245,Premium Customers
United Kingdom,14355.0,366,3,808.25,2,3,3,233,Regular Customers
United Kingdom,16441.0,67,5,926.88,3,4,4,344,Premium Customers
United Kingdom,17640.0,87,6,1247.64,3,4,4,344,Premium Customers
United Kingdom,13706.0,303,2,478.72,2,2,3,223,Regular Customers
United Kingdom,15614.0,438,4,1455.48,1,4,4,144,Regular Customers
United Kingdom,14596.0,627,1,182.27,1,1,1,111,Regular Customers
United Kingdom,15105.0,18,9,2435.51,5,5,5,555,Premium Customers
United Kingdom,17389.0,1,45,5464.0,5,5,5,555,New Customers
United Kingdom,16970.0,626,1,71.4,1,2,1,121,Regular Customers
United Kingdom,14166.0,505,2,221.3,1,2,2,122,Regular Customers
United Kingdom,16578.0,626,1,156.6,1,1,1,111,Regular Customers
United Kingdom,16615.0,626,1,263.8,1,2,2,122,Regular Customers
United Kingdom,13445.0,626,1,119.4,1,1,1,111,Regular Customers
United Kingdom,14762.0,264,2,377.92,2,2,2,222,Regular Customers
United Kingdom,14344.0,127,19,2265.85,3,5,5,355,Premium Customers
United Kingdom,15869.0,277,3,290.87,2,3,2,232,Regular Customers
United Kingdom,13896.0,626,1,261.05,1,1,2,112,Regular Customers
United Kingdom,18189.0,78,3,1190.91,3,3,4,334,Premium Customers
United Kingdom,13252.0,394,2,235.75,2,2,2,222,Regular Customers
United Kingdom,16077.0,626,1,66.0,1,1,1,111,Regular Customers
United Kingdom,13988.0,20,8,3704.16,4,4,5,445,Premium Customers
United Arab Emirates,12742.0,626,1,1080.56,1,1,4,114,Regular Customers
United Kingdom,16002.0,625,1,148.51,1,1,1,111,Regular Customers
United Kingdom,14729.0,374,3,533.69,2,3,3,233,Regular Customers
United Kingdom,15086.0,565,2,218.53,1,2,2,122,Regular Customers
United Kingdom,16444.0,46,16,2931.37,4,5,5,455,Premium Customers
United Kingdom,14026.0,471,2,713.11,1,2,3,123,Regular Customers
United Kingdom,15447.0,331,5,400.13,2,4,2,242,Regular Customers
United Kingdom,16741.0,625,1,157.16000000000005,1,2,1,121,Regular Customers
United Kingdom,17072.0,625,1,253.45,1,2,2,122,Regular Customers
United Kingdom,14202.0,381,3,410.11,2,3,2,232,Regular Customers
United Kingdom,14947.0,72,6,738.24,3,4,3,343,Premium Customers
United Kingdom,15374.0,129,2,78.48,3,2,1,321,Premium Customers
United Kingdom,13849.0,52,5,2812.49,4,4,5,445,Premium Customers
United Kingdom,17001.0,1,19,4858.36,5,5,5,555,New Customers
United Kingdom,16090.0,624,1,129.56,1,1,1,111,Regular Customers
United Kingdom,13969.0,7,35,10070.32,5,5,5,555,New Customers
United Kingdom,17301.0,21,2,283.99,4,3,2,432,Premium Customers
United Kingdom,13900.0,193,5,1247.47,2,4,4,244,Premium Customers
United Kingdom,13285.0,23,6,3127.75,4,4,5,445,Premium Customers
United Kingdom,12870.0,375,3,1261.14,2,3,4,234,Regular Customers
United Kingdom,15027.0,31,9,1306.96,4,5,4,454,Premium Customers
United Kingdom,16794.0,1,15,1860.39,5,5,4,554,Premium Customers
United Kingdom,17484.0,576,2,123.47,1,3,1,131,Regular Customers
France,12726.0,28,11,2210.46,4,5,5,455,Premium Customers
United Kingdom,13187.0,337,4,259.36,2,3,2,232,Regular Customers
United Kingdom,13705.0,8,7,1461.41,5,4,4,544,Premium Customers
United Kingdom,14704.0,20,9,1528.49,4,5,4,454,Premium Customers
Netherlands,12791.0,600,3,378.43,1,3,2,132,Regular Customers
United Kingdom,15698.0,624,1,15.0,1,1,1,111,Regular Customers
United Kingdom,14330.0,624,1,200.63,1,1,2,112,Regular Customers
United Kingdom,16286.0,477,2,295.15000000000003,1,2,2,122,Regular Customers
United Kingdom,14013.0,110,5,920.38,3,4,4,344,Premium Customers
United Kingdom,15789.0,358,6,1455.32,2,4,4,244,Regular Customers
United Kingdom,18188.0,15,6,2441.27,5,4,5,545,Premium Customers
United Kingdom,17582.0,236,5,624.0,2,4,3,243,Premium Customers
United Kingdom,18166.0,624,1,175.5,1,2,1,121,Regular Customers
United Kingdom,18215.0,89,5,2012.29,3,4,5,345,Premium Customers
United Kingdom,16493.0,80,7,1403.52,3,4,4,344,Premium Customers
United Kingdom,16601.0,41,3,491.39,4,3,3,433,Premium Customers
United Kingdom,14537.0,58,2,584.7,4,2,3,423,Premium Customers
United Kingdom,13117.0,22,18,2010.74,4,5,5,455,Premium Customers
United Kingdom,14074.0,623,1,20.0,1,1,1,111,Regular Customers
Germany,12477.0,23,9,12039.71,4,5,5,455,New Customers
United Kingdom,14994.0,382,5,845.57,2,4,3,243,Regular Customers
United Kingdom,16807.0,143,6,1844.58,3,4,4,344,Premium Customers
United Kingdom,15249.0,32,18,8532.2,4,5,5,455,New Customers
United Kingdom,14253.0,493,2,298.95000000000005,1,2,2,122,Regular Customers
United Kingdom,16833.0,1,6,1801.09,5,4,4,544,Premium Customers
United Kingdom,15552.0,217,2,221.32,2,2,2,222,Premium Customers
United Kingdom,15848.0,622,1,121.04,1,1,1,111,Regular Customers
United Kingdom,13053.0,622,1,93.65,1,1,1,111,Regular Customers
United Kingdom,15289.0,29,5,1261.41,4,4,4,444,Premium Customers
United Kingdom,17827.0,5,6,2133.9,5,4,5,545,Premium Customers
United Kingdom,14378.0,622,1,118.5,1,1,1,111,Regular Customers
United Kingdom,14805.0,15,7,737.1,5,4,3,543,Premium Customers
United Kingdom,16934.0,55,6,1747.29,4,4,4,444,Premium Customers
United Kingdom,16784.0,20,5,876.4300000000001,4,4,4,444,Premium Customers
United Kingdom,12910.0,23,13,3685.82,4,5,5,455,Premium Customers
United Kingdom,15068.0,46,4,948.84,4,3,4,434,Premium Customers
United Kingdom,17518.0,426,2,269.1,1,3,2,132,Regular Customers
United Kingdom,14101.0,295,5,538.8100000000001,2,4,3,243,Regular Customers
United Kingdom,15423.0,38,3,147.23999999999998,4,3,1,431,Premium Customers
United Kingdom,14572.0,3,11,4283.41,5,5,5,555,Premium Customers
United Kingdom,15570.0,7,24,6298.47,5,5,5,555,New Customers
United Kingdom,17068.0,12,47,8295.98,5,5,5,555,New Customers
United Kingdom,13684.0,286,4,550.6800000000001,2,3,3,233,Regular Customers
United Kingdom,14078.0,102,9,1397.61,3,5,4,354,Premium Customers
United Kingdom,15231.0,621,1,230.1,1,1,2,112,Regular Customers
United Kingdom,16666.0,19,2,199.13,5,3,1,531,Premium Customers
United Kingdom,14583.0,6,8,1412.98,5,4,4,544,Premium Customers
United Kingdom,14809.0,621,2,623.1,1,2,3,123,Regular Customers
United Kingdom,16549.0,10,34,11704.4,5,5,5,555,New Customers
United Kingdom,15141.0,458,7,1220.61,1,4,4,144,Regular Customers
United Kingdom,13113.0,1,37,5604.45,5,5,5,555,New Customers
United Kingdom,15981.0,25,21,7034.47,4,5,5,455,New Customers
United Kingdom,17994.0,122,11,1723.75,3,5,4,354,Premium Customers
United Kingdom,16456.0,99,13,4176.93,3,5,5,355,Premium Customers
United Kingdom,16502.0,620,1,133.67,1,1,1,111,Regular Customers
United Kingdom,17046.0,157,4,1238.09,3,4,4,344,Premium Customers
Spain,12496.0,620,2,45.34,1,2,1,121,Regular Customers
United Kingdom,16036.0,87,4,1931.66,3,4,4,344,Premium Customers
United Kingdom,16176.0,421,3,1523.64,1,3,4,134,Regular Customers
United Kingdom,13412.0,620,1,334.15,1,1,2,112,Regular Customers
United Kingdom,17664.0,19,4,1070.38,5,4,4,544,Premium Customers
United Kingdom,16570.0,15,19,4095.12,5,5,5,555,New Customers
United Kingdom,16455.0,64,11,3563.03,3,5,5,355,Premium Customers
United Kingdom,17676.0,4,10,2299.3,5,5,5,555,Premium Customers
United Kingdom,12990.0,31,6,604.5,4,4,3,443,Premium Customers
United Kingdom,12861.0,620,1,39.6,1,1,1,111,Regular Customers
United Kingdom,15029.0,620,1,208.2,1,1,2,112,Regular Customers
United Kingdom,15715.0,556,5,574.52,1,4,3,143,Regular Customers
United Kingdom,15575.0,620,1,30.1,1,1,1,111,Regular Customers
United Kingdom,17586.0,619,1,167.4,1,2,1,121,Regular Customers
United Kingdom,17464.0,158,3,741.48,3,3,3,333,Premium Customers
United Kingdom,17217.0,234,2,153.4,2,3,1,231,Premium Customers
United Kingdom,14235.0,75,9,2502.11,3,5,5,355,Premium Customers
United Kingdom,15122.0,114,11,3783.67,3,5,5,355,Premium Customers
United Kingdom,14492.0,430,6,1460.38,1,4,4,144,Regular Customers
United Kingdom,14882.0,27,10,1275.05,4,5,4,454,Premium Customers
United Kingdom,15742.0,619,1,100.77,1,1,1,111,Regular Customers
United Kingdom,13856.0,169,10,478.27,3,5,3,353,Premium Customers
United Kingdom,16658.0,368,5,543.91,2,4,3,243,Regular Customers
United Kingdom,13676.0,539,2,153.15,1,2,1,121,Regular Customers
United Kingdom,17602.0,2,14,6208.58,5,5,5,555,New Customers
United Kingdom,18025.0,380,6,939.89,2,4,4,244,Regular Customers
United Kingdom,15792.0,400,2,888.12,2,2,4,224,Regular Customers
United Kingdom,15216.0,88,2,307.99,3,2,2,322,Premium Customers
United Kingdom,13803.0,255,3,1222.63,2,3,4,234,Premium Customers
United Kingdom,18093.0,120,3,533.6,3,3,3,333,Premium Customers
United Kingdom,17889.0,212,7,655.87,2,4,3,243,Premium Customers
United Kingdom,14706.0,619,1,311.44,1,1,2,112,Regular Customers
United Kingdom,13179.0,619,1,572.3100000000001,1,1,3,113,Regular Customers
United Kingdom,15741.0,458,2,195.87,1,2,1,121,Regular Customers
United Kingdom,16133.0,4,51,8803.76,5,5,5,555,New Customers
United Kingdom,13059.0,250,10,1657.07,2,5,4,254,Premium Customers
United Kingdom,18056.0,288,2,484.65,2,3,3,233,Regular Customers
United Kingdom,17531.0,190,3,1024.34,2,3,4,234,Premium Customers
United Kingdom,16845.0,618,1,201.18,1,2,2,122,Regular Customers
United Kingdom,15796.0,1,17,3684.33,5,5,5,555,Premium Customers
United Kingdom,15454.0,362,2,254.24,2,2,2,222,Regular Customers
United Kingdom,15800.0,107,7,895.32,3,4,4,344,Premium Customers
United Kingdom,15125.0,61,17,5522.56,3,5,5,355,New Customers
United Kingdom,16847.0,43,2,434.04,4,3,3,433,Premium Customers
United Kingdom,13219.0,618,1,76.23,1,1,1,111,Regular Customers
United Kingdom,13464.0,58,6,2370.49,4,4,5,445,Premium Customers
United Kingdom,13361.0,472,2,1315.5,1,2,4,124,Regular Customers
United Kingdom,14893.0,10,3,1566.49,5,3,4,534,Premium Customers
Germany,12662.0,1,20,5702.74,5,5,5,555,New Customers
United Kingdom,15689.0,120,3,444.78,3,3,3,333,Premium Customers
United Kingdom,14916.0,71,7,1854.13,3,4,4,344,Premium Customers
United Kingdom,13582.0,390,2,224.68,2,2,2,222,Regular Customers
United Kingdom,18241.0,10,21,2600.94,5,5,5,555,Premium Customers
United Kingdom,15173.0,381,7,1267.68,2,4,4,244,Regular Customers
United Kingdom,13196.0,11,7,2695.74,5,4,5,545,Premium Customers
United Kingdom,14200.0,617,1,325.3,1,1,2,112,Regular Customers
United Kingdom,16130.0,422,4,588.73,1,4,3,143,Regular Customers
United Kingdom,14692.0,137,12,1393.89,3,5,4,354,Premium Customers
United Kingdom,17993.0,617,1,213.24,1,2,2,122,Regular Customers
United Kingdom,13750.0,54,7,1096.96,4,4,4,444,Premium Customers
United Kingdom,14049.0,17,13,9645.8,5,5,5,555,New Customers
United Kingdom,16054.0,145,4,1229.37,3,4,4,344,Premium Customers
United Kingdom,17669.0,43,10,2036.15,4,5,5,455,Premium Customers
United Kingdom,14694.0,617,1,216.44,1,1,2,112,Regular Customers
United Kingdom,14489.0,207,4,1444.55,2,3,4,234,Premium Customers
United Kingdom,18173.0,87,5,1077.48,3,4,4,344,Premium Customers
United Kingdom,12997.0,22,8,1708.5700000000002,4,4,4,444,Premium Customers
United Kingdom,15215.0,47,7,1579.43,4,4,4,444,Premium Customers
United Kingdom,15770.0,613,1,283.2,1,1,2,112,Regular Customers
United Kingdom,14035.0,29,9,1647.51,4,5,4,454,Premium Customers
United Kingdom,13939.0,23,7,1267.48,4,4,4,444,Premium Customers
United Kingdom,13710.0,32,3,356.4,4,3,2,432,Premium Customers
United Kingdom,16654.0,141,8,1052.82,3,5,4,354,Premium Customers
United Kingdom,13071.0,612,1,78.22,1,1,1,111,Regular Customers
United Kingdom,14221.0,42,17,5494.58,4,5,5,455,New Customers
United Kingdom,14825.0,4,24,4104.49,5,5,5,555,New Customers
Unspecified,14265.0,109,4,966.68,3,3,4,334,Premium Customers
United Kingdom,13432.0,571,2,379.25,1,2,2,122,Regular Customers
United Kingdom,13207.0,15,4,535.86,5,3,3,533,Premium Customers
United Kingdom,17563.0,578,2,379.63,1,3,2,132,Regular Customers
United Kingdom,15252.0,36,5,1687.9,4,4,4,444,Premium Customers
United Kingdom,13632.0,25,8,3131.9500000000003,4,4,5,445,Premium Customers
United Kingdom,16941.0,612,1,33.0,1,2,1,121,Regular Customers
United Kingdom,14264.0,155,6,946.46,3,4,4,344,Premium Customers
United Kingdom,15112.0,611,1,99.0,1,1,1,111,Regular Customers
United Kingdom,13723.0,217,6,878.5699999999999,2,4,4,244,Premium Customers
United Kingdom,15201.0,87,7,1682.21,3,4,4,344,Premium Customers
United Kingdom,12821.0,214,2,203.8,2,2,2,222,Premium Customers
United Kingdom,13640.0,611,1,270.0,1,1,2,112,Regular Customers
United Kingdom,16454.0,45,4,30.950000000000003,4,4,1,441,Premium Customers
United Kingdom,16369.0,18,7,2166.04,5,4,5,545,Premium Customers
United Kingdom,17497.0,390,2,153.0,2,3,1,231,Regular Customers
United Kingdom,14758.0,145,7,1566.48,3,4,4,344,Premium Customers
United Kingdom,13852.0,611,1,187.35,1,1,1,111,Regular Customers
United Kingdom,14855.0,135,6,3483.75,3,4,5,345,Premium Customers
United Kingdom,16053.0,33,6,2679.66,4,4,5,445,Premium Customers
United Kingdom,13712.0,247,2,321.09,2,2,2,222,Premium Customers
United Kingdom,14918.0,116,8,3921.9,3,5,5,355,Premium Customers
United Kingdom,14813.0,370,4,685.8100000000001,2,3,3,233,Regular Customers
United Kingdom,13278.0,41,4,1256.02,4,3,4,434,Premium Customers
United Kingdom,14450.0,181,7,1128.44,3,4,4,344,Premium Customers
United Kingdom,14533.0,25,9,1079.95,4,5,4,454,Premium Customers
United Kingdom,15613.0,610,1,305.5,1,1,2,112,Regular Customers
United Kingdom,17746.0,240,4,483.12,2,4,3,243,Premium Customers
United Kingdom,17110.0,165,3,233.5,3,3,2,332,Premium Customers
United Kingdom,15638.0,429,4,368.01,1,4,2,142,Regular Customers
United Kingdom,15062.0,71,8,2402.09,3,5,5,355,Premium Customers
United Kingdom,13163.0,610,1,17.65,1,1,1,111,Regular Customers
United Kingdom,15129.0,50,22,4316.2,4,5,5,455,New Customers
United Kingdom,13197.0,610,1,293.11,1,1,2,112,Regular Customers
United Kingdom,16040.0,65,7,1978.61,3,4,5,345,Premium Customers
United Kingdom,16341.0,25,7,2180.61,4,4,5,445,Premium Customers
United Kingdom,16944.0,610,1,67.36,1,2,1,121,Regular Customers
Netherlands,12786.0,610,1,548.5,1,1,3,113,Regular Customers
United Kingdom,13080.0,179,4,260.83,3,3,2,332,Premium Customers
United Kingdom,15331.0,500,3,583.79,1,3,3,133,Regular Customers
United Kingdom,17609.0,41,11,1529.61,4,5,4,454,Premium Customers
United Kingdom,16276.0,177,3,532.28,3,3,3,333,Premium Customers
United Kingdom,14275.0,396,5,237.98,2,4,2,242,Regular Customers
United Kingdom,16814.0,14,36,9493.03,5,5,5,555,New Customers
Germany,12481.0,23,14,6662.07,4,5,5,455,New Customers
United Kingdom,17608.0,33,4,488.06,4,4,3,443,Premium Customers
United Kingdom,13180.0,607,1,70.2,1,1,1,111,Regular Customers
United Kingdom,14011.0,480,2,365.66,1,2,2,122,Regular Customers
United Kingdom,16372.0,33,5,1154.16,4,4,4,444,Premium Customers
United Kingdom,17221.0,7,5,799.57,5,4,3,543,Premium Customers
United Kingdom,15067.0,78,5,2688.38,3,4,5,345,Premium Customers
United Kingdom,12935.0,2,15,3683.06,5,5,5,555,Premium Customers
United Kingdom,14430.0,512,3,1056.8000000000002,1,3,4,134,Regular Customers
United Kingdom,15524.0,607,1,15.0,1,1,1,111,Regular Customers
United Kingdom,15590.0,382,5,1377.8,2,4,4,244,Regular Customers
United Kingdom,14791.0,607,1,271.83000000000004,1,1,2,112,Regular Customers
United Kingdom,14114.0,331,6,1012.83,2,4,4,244,Regular Customers
Channel Islands,14930.0,109,6,3718.63,3,4,5,345,Premium Customers
United Kingdom,15546.0,607,2,1079.1,1,2,4,124,Regular Customers
United Kingdom,14844.0,64,10,4237.87,3,5,5,355,Premium Customers
United Kingdom,12982.0,243,8,2346.39,2,4,5,245,Premium Customers
Germany,12671.0,606,1,1332.061,1,1,4,114,Regular Customers
United Kingdom,14853.0,24,4,374.46,4,3,2,432,Premium Customers
United Kingdom,12943.0,558,2,224.5,1,2,2,122,Regular Customers
United Kingdom,15268.0,479,2,322.5,1,2,2,122,Regular Customers
United Kingdom,15639.0,134,3,748.98,3,3,3,333,Premium Customers
Spain,12459.0,605,1,343.35,1,1,2,112,Regular Customers
United Kingdom,16809.0,23,9,1679.43,4,5,4,454,Premium Customers
United Kingdom,15982.0,605,1,301.81,1,1,2,112,Regular Customers
United Kingdom,14998.0,170,4,530.33,3,3,3,333,Premium Customers
United Kingdom,17505.0,162,5,2023.03,3,4,5,345,Premium Customers
United Kingdom,16259.0,410,3,314.39,2,3,2,232,Regular Customers
United Kingdom,17594.0,85,4,2380.68,3,4,5,345,Premium Customers
United Kingdom,14624.0,57,6,759.53,4,4,3,443,Premium Customers
United Kingdom,17039.0,604,1,1277.41,1,2,4,124,Regular Customers
United Kingdom,16105.0,249,5,1734.73,2,4,4,244,Premium Customers
United Kingdom,16292.0,122,5,781.75,3,4,3,343,Premium Customers
United Kingdom,13878.0,55,4,1768.83,4,3,4,434,Premium Customers
United Kingdom,15572.0,5,10,2908.06,5,5,5,555,Premium Customers
United Kingdom,13388.0,131,3,858.75,3,3,4,334,Premium Customers
United Kingdom,14569.0,1,4,252.83,5,3,2,532,Premium Customers
United Kingdom,14656.0,169,5,576.15,3,4,3,343,Premium Customers
United Kingdom,13647.0,10,7,2059.8,5,4,5,545,Premium Customers
United Kingdom,18236.0,30,12,1516.45,4,5,4,454,Premium Customers
United Kingdom,17678.0,264,2,521.61,2,3,3,233,Regular Customers
United Kingdom,15814.0,17,6,1425.0,5,4,4,544,Premium Customers
United Kingdom,17709.0,170,5,425.61,3,4,3,343,Premium Customers
United Kingdom,13661.0,603,1,299.74,1,1,2,112,Regular Customers
United Kingdom,16174.0,126,6,1066.7,3,4,4,344,Premium Customers
United Kingdom,13015.0,53,11,4746.36,4,5,5,455,Premium Customers
United Kingdom,13414.0,134,5,1135.98,3,4,4,344,Premium Customers
United Kingdom,13591.0,65,6,1428.54,3,4,4,344,Premium Customers
United Kingdom,13450.0,27,13,2227.76,4,5,5,455,Premium Customers
United Kingdom,18262.0,140,3,549.7,3,3,3,333,Premium Customers
Netherlands,12778.0,20,9,1209.41,4,5,4,454,Premium Customers
Belgium,12395.0,19,15,3213.91,5,5,5,555,Premium Customers
United Kingdom,12969.0,603,1,109.7,1,1,1,111,Regular Customers
United Kingdom,15979.0,603,1,291.3,1,1,2,112,Regular Customers
United Kingdom,17626.0,603,1,234.1,1,2,2,122,Regular Customers
United Kingdom,14988.0,212,7,1815.57,2,4,4,244,Premium Customers
United Kingdom,14907.0,3,15,4787.650000000001,5,5,5,555,Premium Customers
United Kingdom,16094.0,12,11,2367.11,5,5,5,555,Premium Customers
United Kingdom,17842.0,602,1,282.39000000000004,1,2,2,122,Regular Customers
United Kingdom,14623.0,32,10,1520.18,4,5,4,454,Premium Customers
United Kingdom,13262.0,263,3,421.8,2,3,2,232,Premium Customers
United Kingdom,17346.0,4,26,4251.06,5,5,5,555,New Customers
United Kingdom,14395.0,2,19,6698.68,5,5,5,555,New Customers
United Kingdom,17256.0,107,4,206.43,3,4,2,342,Premium Customers
United Kingdom,15972.0,456,4,1128.53,1,4,4,144,Regular Customers
United Kingdom,17041.0,27,6,1486.53,4,4,4,444,Premium Customers
United Kingdom,16921.0,61,3,253.36,3,3,2,332,Premium Customers
United Kingdom,13286.0,600,1,495.41,1,1,3,113,Regular Customers
United Kingdom,14506.0,17,7,1940.5,5,4,4,544,Premium Customers
United Kingdom,15410.0,84,10,3396.8900000000003,3,5,5,355,Premium Customers
United Kingdom,17540.0,25,6,1556.6,4,4,4,444,Premium Customers
United Kingdom,17474.0,600,1,162.0,1,2,1,121,Regular Customers
United Kingdom,13145.0,40,5,501.6,4,4,3,443,Premium Customers
United Kingdom,13115.0,12,10,4985.39,5,5,5,555,Premium Customers
United Kingdom,15451.0,434,2,168.36,1,2,1,121,Regular Customers
United Kingdom,18095.0,313,4,614.76,2,4,3,243,Regular Customers
Germany,12516.0,78,4,970.08,3,3,4,334,Premium Customers
United Kingdom,14372.0,443,2,469.48,1,2,3,123,Regular Customers
United Kingdom,16548.0,599,1,17.4,1,1,1,111,Regular Customers
Netherlands,12780.0,599,1,242.28,1,1,2,112,Regular Customers
United Kingdom,14926.0,599,1,81.0,1,1,1,111,Regular Customers
United Kingdom,14611.0,444,2,494.15,1,2,3,123,Regular Customers
United Kingdom,17307.0,395,7,820.0500000000001,2,4,3,243,Regular Customers
United Kingdom,15970.0,304,2,496.82,2,2,3,223,Regular Customers
United Kingdom,16864.0,434,2,269.73,1,3,2,132,Regular Customers
United Kingdom,14812.0,599,1,168.1,1,1,1,111,Regular Customers
United Kingdom,12983.0,598,1,314.88,1,1,2,112,Regular Customers
United Kingdom,17622.0,598,2,908.81,1,3,4,134,Regular Customers
United Kingdom,17185.0,592,3,229.46,1,3,2,132,Regular Customers
United Kingdom,15886.0,60,4,670.21,3,4,3,343,Premium Customers
United Kingdom,18062.0,173,6,962.0,3,4,4,344,Premium Customers
United Kingdom,16472.0,434,2,390.0,1,2,2,122,Regular Customers
United Kingdom,16231.0,379,4,1043.55,2,4,4,244,Regular Customers
Finland,12588.0,39,3,479.73,4,3,3,433,Premium Customers
United Kingdom,15890.0,395,3,96.65,2,3,1,231,Regular Customers
United Kingdom,13461.0,39,6,846.4,4,4,3,443,Premium Customers
United Kingdom,13963.0,308,17,2127.9,2,5,5,255,Premium Customers
United Kingdom,13308.0,23,4,1355.79,4,3,4,434,Premium Customers
United Kingdom,14917.0,597,2,464.63,1,2,3,123,Regular Customers
Germany,12504.0,30,3,189.0,4,3,1,431,Premium Customers
United Kingdom,13625.0,597,1,213.36,1,1,2,112,Regular Customers
Germany,12625.0,212,4,3590.74,2,3,5,235,Premium Customers
United Kingdom,13346.0,463,3,149.4,1,3,1,131,Regular Customers
United Kingdom,16743.0,29,14,3751.08,4,5,5,455,Premium Customers
United Kingdom,15651.0,37,5,1090.5,4,4,4,444,Premium Customers
United Kingdom,16279.0,21,9,5133.43,4,5,5,455,Premium Customers
United Kingdom,14655.0,8,7,1590.26,5,4,4,544,Premium Customers
United Kingdom,17729.0,596,1,421.7000000000001,1,2,2,122,Regular Customers
United Kingdom,14182.0,444,4,449.97,1,3,3,133,Regular Customers
United Kingdom,17240.0,596,1,100.0,1,2,1,121,Regular Customers
United Kingdom,14788.0,7,3,974.55,5,3,4,534,Premium Customers
United Kingdom,17057.0,596,1,253.34,1,2,2,122,Regular Customers
France,12672.0,330,2,333.5,2,2,2,222,Regular Customers
United Kingdom,15474.0,596,1,124.85,1,1,1,111,Regular Customers
United Kingdom,17181.0,57,2,60.63,4,3,1,431,Premium Customers
United Kingdom,16028.0,596,1,65.2,1,1,1,111,Regular Customers
United Kingdom,15548.0,596,1,98.74,1,1,1,111,Regular Customers
United Kingdom,13656.0,165,4,869.39,3,3,4,334,Premium Customers
United Kingdom,15245.0,134,8,2666.94,3,5,5,355,Premium Customers
United Kingdom,16538.0,541,3,287.47,1,3,2,132,Regular Customers
United Kingdom,16868.0,394,3,213.36,2,3,2,232,Regular Customers
United Kingdom,15600.0,428,4,1020.44,1,4,4,144,Regular Customers
United Kingdom,12844.0,29,4,558.02,4,3,3,433,Premium Customers
United Kingdom,16068.0,594,1,97.28,1,1,1,111,Regular Customers
United Kingdom,13863.0,248,4,993.35,2,3,4,234,Premium Customers
United Kingdom,13760.0,54,5,862.19,4,4,4,444,Premium Customers
United Kingdom,18091.0,593,1,230.0,1,2,2,122,Regular Customers
United Kingdom,13609.0,593,1,34.650000000000006,1,1,1,111,Regular Customers
United Kingdom,14677.0,593,1,184.91,1,1,1,111,Regular Customers
United Kingdom,12838.0,34,10,2188.57,4,5,5,455,Premium Customers
United Kingdom,17093.0,593,1,171.18,1,2,1,121,Regular Customers
United Kingdom,14743.0,593,1,50.48,1,1,1,111,Regular Customers
United Kingdom,14773.0,593,1,127.8,1,1,1,111,Regular Customers
United Kingdom,12925.0,5,3,661.3299999999999,5,3,3,533,Premium Customers
United Kingdom,15717.0,234,5,541.7,2,4,3,243,Premium Customers
United Kingdom,14999.0,593,1,116.73,1,1,1,111,Regular Customers
United Kingdom,14665.0,61,6,2190.75,3,4,5,345,Premium Customers
United Kingdom,14021.0,155,7,1364.87,3,4,4,344,Premium Customers
United Kingdom,15384.0,170,4,1745.09,3,4,4,344,Premium Customers
United Kingdom,14563.0,510,2,289.61,1,2,2,122,Regular Customers
United Kingdom,15111.0,29,5,2033.87,4,4,5,445,Premium Customers
United Kingdom,13307.0,120,2,217.24,3,2,2,322,Premium Customers
United Kingdom,14552.0,152,3,492.03,3,3,3,333,Premium Customers
United Kingdom,16623.0,246,4,798.19,2,4,3,243,Premium Customers
United Kingdom,13012.0,9,10,2626.13,5,5,5,555,Premium Customers
United Kingdom,13655.0,114,6,1838.01,3,4,4,344,Premium Customers
United Kingdom,13064.0,13,6,1277.22,5,4,4,544,Premium Customers
United Kingdom,16088.0,592,1,88.35,1,1,1,111,Regular Customers
United Kingdom,16543.0,592,1,258.07,1,1,2,112,Regular Customers
United Kingdom,16117.0,190,3,548.65,2,3,3,233,Premium Customers
United Kingdom,15402.0,149,6,1216.2,3,4,4,344,Premium Customers
United Kingdom,17991.0,225,3,232.15,2,3,2,232,Premium Customers
United Kingdom,16354.0,63,5,989.8,3,4,4,344,Premium Customers
United Kingdom,12849.0,31,6,1854.18,4,4,4,444,Premium Customers
Australia,12392.0,591,1,196.95,1,1,1,111,Regular Customers
United Kingdom,16408.0,591,1,231.93,1,1,2,112,Regular Customers
United Kingdom,16267.0,591,1,87.9,1,1,1,111,Regular Customers
Singapore,12744.0,56,8,7252.71,4,4,5,445,Premium Customers
Italy,14912.0,17,5,756.8,5,4,3,543,Premium Customers
United Kingdom,16138.0,379,3,393.5,2,3,2,232,Regular Customers
United Kingdom,14237.0,373,2,276.95,2,2,2,222,Regular Customers
United Kingdom,16182.0,72,2,112.88,3,2,1,321,Premium Customers
United Kingdom,14978.0,72,10,1912.49,3,5,4,354,Premium Customers
United Kingdom,17635.0,424,3,1023.6,1,3,4,134,Regular Customers
United Kingdom,17491.0,1,17,3424.09,5,5,5,555,Premium Customers
United Kingdom,13539.0,86,7,1228.69,3,4,4,344,Premium Customers
United Kingdom,13775.0,591,1,706.8100000000001,1,1,3,113,Regular Customers
United Kingdom,18049.0,437,2,454.77,1,3,3,133,Regular Customers
United Kingdom,14724.0,590,1,276.15,1,1,2,112,Regular Customers
Belgium,12876.0,58,4,2384.48,4,3,5,435,Premium Customers
United Kingdom,16384.0,90,4,1200.61,3,4,4,344,Premium Customers
Greece,12717.0,151,3,1001.96,3,3,4,334,Premium Customers
United Kingdom,17605.0,590,1,92.75,1,2,1,121,Regular Customers
United Kingdom,14389.0,65,5,1476.54,3,4,4,344,Premium Customers
United Kingdom,16648.0,43,3,615.4,4,3,3,433,Premium Customers
United Kingdom,15101.0,9,6,930.12,5,4,4,544,Premium Customers
United Kingdom,15445.0,264,2,180.95,2,2,1,221,Regular Customers
United Kingdom,13238.0,23,5,766.6800000000001,4,4,3,443,Premium Customers
United Kingdom,17262.0,52,5,531.31,4,4,3,443,Premium Customers
Germany,12698.0,590,1,218.45,1,1,2,112,Regular Customers
United Kingdom,16767.0,31,14,5209.95,4,5,5,455,Premium Customers
United Kingdom,13041.0,451,4,623.63,1,3,3,133,Regular Customers
United Kingdom,14403.0,217,3,367.35,2,3,2,232,Premium Customers
United Kingdom,17886.0,32,6,733.41,4,4,3,443,Premium Customers
United Kingdom,17730.0,3,19,5645.6,5,5,5,555,New Customers
United Kingdom,18111.0,589,1,315.8,1,2,2,122,Regular Customers
Italy,12349.0,19,3,2635.04,5,3,5,535,Premium Customers
United Kingdom,17771.0,57,4,301.51,4,4,2,442,Premium Customers
United Kingdom,15954.0,589,1,190.75,1,1,1,111,Regular Customers
United Kingdom,16332.0,28,10,1551.44,4,5,4,454,Premium Customers
United Kingdom,12863.0,52,6,697.25,4,4,3,443,Premium Customers
United Kingdom,16607.0,18,23,4220.14,5,5,5,555,New Customers
United Kingdom,15180.0,367,3,758.85,2,3,3,233,Regular Customers
United Kingdom,18141.0,402,2,765.1600000000001,2,3,3,233,Regular Customers
Switzerland,12377.0,315,4,2893.84,2,3,5,235,Regular Customers
United Kingdom,14282.0,3,24,3643.28,5,5,5,555,New Customers
United Kingdom,17463.0,16,7,2229.46,5,4,5,545,Premium Customers
United Kingdom,15709.0,284,2,142.95,2,2,1,221,Regular Customers
United Kingdom,16827.0,393,3,125.51,2,3,1,231,Regular Customers
United Kingdom,12915.0,149,4,664.2,3,3,3,333,Premium Customers
United Kingdom,17021.0,442,5,711.1700000000001,1,4,3,143,Regular Customers
United Kingdom,14650.0,589,1,39.0,1,1,1,111,Regular Customers
Netherlands,12806.0,572,2,676.56,1,2,3,123,Regular Customers
United Kingdom,17005.0,471,2,209.35,1,3,2,132,Regular Customers
United Kingdom,15818.0,588,1,123.5,1,1,1,111,Regular Customers
United Kingdom,14201.0,60,10,901.99,3,5,4,354,Premium Customers
United Kingdom,16374.0,66,5,1332.1,3,4,4,344,Premium Customers
Austria,12374.0,25,3,1900.78,4,3,4,434,Premium Customers
United Kingdom,14683.0,588,1,103.58,1,1,1,111,Regular Customers
United Kingdom,15253.0,16,8,1906.88,5,5,4,554,Premium Customers
United Kingdom,15418.0,425,2,436.67,1,2,3,123,Regular Customers
United Kingdom,16651.0,587,1,136.2,1,2,1,121,Regular Customers
United Kingdom,17565.0,587,1,115.38,1,2,1,121,Regular Customers
United Kingdom,15373.0,8,15,1801.14,5,5,4,554,Premium Customers
United Kingdom,15229.0,586,1,160.5,1,1,1,111,Regular Customers
United Kingdom,15426.0,19,9,1897.9,5,5,4,554,Premium Customers
United Kingdom,13465.0,446,2,563.08,1,2,3,123,Regular Customers
United Kingdom,17555.0,20,5,1029.29,4,4,4,444,Premium Customers
Spain,12507.0,156,3,751.0,3,3,3,333,Premium Customers
United Kingdom,16317.0,120,5,1663.44,3,4,4,344,Premium Customers
United Kingdom,15183.0,548,3,369.63,1,3,2,132,Regular Customers
United Kingdom,13143.0,585,1,371.1,1,1,2,112,Regular Customers
United Kingdom,16145.0,9,19,5607.41,5,5,5,555,New Customers
Italy,12725.0,371,3,1495.42,2,3,4,234,Regular Customers
United Kingdom,18163.0,584,1,483.85,1,2,3,123,Regular Customers
United Kingdom,14962.0,271,4,242.31000000000003,2,3,2,232,Regular Customers
United Kingdom,15391.0,584,1,116.9,1,1,1,111,Regular Customers
United Kingdom,16526.0,172,2,441.41,3,2,3,323,Premium Customers
United Kingdom,16135.0,263,2,578.2,2,2,3,223,Premium Customers
United Kingdom,14025.0,465,8,2185.14,1,4,5,145,Regular Customers
United Kingdom,17759.0,17,5,1009.82,5,4,4,544,Premium Customers
United Kingdom,14437.0,366,5,748.76,2,4,3,243,Regular Customers
Channel Islands,14936.0,34,11,7950.98,4,5,5,455,New Customers
United Kingdom,15488.0,457,3,191.88,1,3,1,131,Regular Customers
United Kingdom,13512.0,261,4,625.7900000000001,2,3,3,233,Premium Customers
United Kingdom,18028.0,583,1,110.45000000000002,1,2,1,121,Regular Customers
United Kingdom,15868.0,583,1,94.53,1,1,1,111,Regular Customers
United Kingdom,15097.0,4,3,483.7,5,3,3,533,Premium Customers
United Kingdom,15704.0,140,6,3043.28,3,4,5,345,Premium Customers
United Kingdom,17597.0,214,5,2155.27,2,4,5,245,Premium Customers
United Kingdom,12958.0,400,2,299.24,2,2,2,222,Regular Customers
United Kingdom,13713.0,408,3,660.96,2,3,3,233,Regular Customers
United Kingdom,13400.0,583,1,306.51,1,1,2,112,Regular Customers
United Kingdom,16844.0,563,2,547.44,1,3,3,133,Regular Customers
Australia,12388.0,16,8,3556.55,5,4,5,545,Premium Customers
United Kingdom,13102.0,1,37,8438.93,5,5,5,555,New Customers
United Kingdom,17199.0,582,1,104.08,1,2,1,121,Regular Customers
United Kingdom,14272.0,74,4,754.62,3,3,3,333,Premium Customers
United Kingdom,13024.0,471,2,451.02,1,2,3,123,Regular Customers
United Kingdom,13891.0,378,3,743.96,2,3,3,233,Regular Customers
United Kingdom,16890.0,582,1,108.29,1,2,1,121,Regular Customers
United Kingdom,13974.0,49,2,641.92,4,2,3,423,Premium Customers
United Kingdom,17225.0,582,1,131.15,1,2,1,121,Regular Customers
United Kingdom,17798.0,582,1,178.07,1,2,1,121,Regular Customers
United Kingdom,13830.0,582,1,110.20000000000002,1,1,1,111,Regular Customers
United Kingdom,14814.0,581,1,136.31,1,1,1,111,Regular Customers
United Kingdom,18254.0,581,1,267.9,1,2,2,122,Regular Customers
United Kingdom,17031.0,12,4,603.95,5,4,3,543,Premium Customers
United Kingdom,17808.0,549,3,159.95,1,3,1,131,Regular Customers
United Kingdom,16632.0,486,2,406.4,1,3,2,132,Regular Customers
United Kingdom,13007.0,580,1,116.1,1,1,1,111,Regular Customers
United Kingdom,13838.0,6,10,1425.57,5,5,4,554,Premium Customers
United Kingdom,14474.0,46,2,873.34,4,2,4,424,Premium Customers
United Kingdom,17926.0,133,5,848.33,3,4,3,343,Premium Customers
United Kingdom,14678.0,579,1,373.69,1,1,2,112,Regular Customers
United Kingdom,13425.0,108,5,2426.58,3,4,5,345,Premium Customers
United Kingdom,17292.0,472,2,111.88,1,3,1,131,Regular Customers
United Kingdom,14129.0,2,9,2434.02,5,5,5,555,Premium Customers
United Kingdom,17135.0,16,8,1105.4,5,5,4,554,Premium Customers
United Kingdom,16092.0,115,6,1415.6,3,4,4,344,Premium Customers
United Kingdom,15661.0,317,7,557.67,2,4,3,243,Regular Customers
United Kingdom,13051.0,579,1,46.8,1,1,1,111,Regular Customers
United Kingdom,17720.0,26,10,1946.89,4,5,4,454,Premium Customers
United Kingdom,17003.0,402,4,815.46,2,4,3,243,Regular Customers
United Kingdom,14941.0,579,1,100.5,1,1,1,111,Regular Customers
United Kingdom,14361.0,579,1,162.28,1,1,1,111,Regular Customers
United Kingdom,17169.0,58,3,1010.06,4,3,4,434,Premium Customers
United Kingdom,17482.0,487,2,628.59,1,3,3,133,Regular Customers
United Kingdom,17579.0,5,4,629.13,5,4,3,543,Premium Customers
United Kingdom,14588.0,578,1,122.64,1,1,1,111,Regular Customers
United Kingdom,16614.0,183,3,794.54,3,3,3,333,Premium Customers
United Kingdom,13585.0,531,2,342.65,1,2,2,122,Regular Customers
Italy,12675.0,578,1,613.95,1,1,3,113,Regular Customers
United Kingdom,16323.0,578,1,81.36,1,1,1,111,Regular Customers
Finland,12582.0,239,4,1308.29,2,3,4,234,Premium Customers
United Kingdom,17545.0,43,6,856.78,4,4,4,444,Premium Customers
France,12599.0,29,13,1676.26,4,5,4,454,Premium Customers
United Kingdom,18281.0,181,2,167.24,3,3,1,331,Premium Customers
United Kingdom,17388.0,78,6,386.28,3,4,2,342,Premium Customers
United Kingdom,13695.0,31,14,1687.93,4,5,4,454,Premium Customers
United Kingdom,13943.0,578,1,204.04,1,1,2,112,Regular Customers
United Kingdom,17321.0,68,5,1159.89,3,4,4,344,Premium Customers
United Kingdom,15034.0,16,14,5579.25,5,5,5,555,Premium Customers
United Kingdom,13296.0,137,6,646.26,3,4,3,343,Premium Customers
United Kingdom,16307.0,429,3,1106.96,1,3,4,134,Regular Customers
United Kingdom,13103.0,40,3,607.64,4,3,3,433,Premium Customers
United Kingdom,14014.0,77,3,932.31,3,3,4,334,Premium Customers
United Kingdom,13295.0,360,4,1011.67,2,3,4,234,Regular Customers
United Kingdom,14391.0,577,1,135.6,1,1,1,111,Regular Customers
United Kingdom,17705.0,3,11,1699.42,5,5,4,554,Premium Customers
Germany,12580.0,247,2,956.6,2,2,4,224,Premium Customers
United Kingdom,15012.0,54,3,496.3,4,3,3,433,Premium Customers
United Kingdom,16898.0,26,5,757.32,4,4,3,443,Premium Customers
United Kingdom,17016.0,577,1,377.05,1,2,2,122,Regular Customers
United Kingdom,17845.0,555,4,500.9500000000001,1,4,3,143,Regular Customers
United Kingdom,13998.0,447,3,399.2,1,3,2,132,Regular Customers
France,12494.0,16,9,1384.15,5,5,4,554,Premium Customers
United Kingdom,16993.0,464,2,831.9,1,3,3,133,Regular Customers
United Kingdom,15405.0,189,2,407.88,3,2,2,322,Premium Customers
United Kingdom,17897.0,173,9,1213.2,3,5,4,354,Premium Customers
United Kingdom,15470.0,576,1,8.4,1,1,1,111,Regular Customers
United Kingdom,15199.0,59,9,1510.65,4,5,4,454,Premium Customers
United Kingdom,14039.0,33,2,89.56,4,2,1,421,Premium Customers
United Kingdom,13892.0,27,5,422.61,4,4,2,442,Premium Customers
United Kingdom,13220.0,78,5,941.39,3,4,4,344,Premium Customers
United Kingdom,18197.0,576,1,203.1,1,2,2,122,Regular Customers
United Kingdom,13888.0,120,7,1502.95,3,4,4,344,Premium Customers
United Kingdom,15597.0,35,2,563.37,4,2,3,423,Premium Customers
United Kingdom,16906.0,82,7,981.26,3,4,4,344,Premium Customers
United Kingdom,16754.0,528,4,567.54,1,4,3,143,Regular Customers
United Kingdom,15210.0,225,3,631.59,2,3,3,233,Premium Customers
United Kingdom,12894.0,575,1,103.95,1,1,1,111,Regular Customers
United Kingdom,12923.0,64,3,435.97,3,3,3,333,Premium Customers
United Kingdom,15478.0,40,3,1220.15,4,3,4,434,Premium Customers
United Kingdom,12880.0,382,2,502.43,2,2,3,223,Regular Customers
United Kingdom,16115.0,10,12,2362.4,5,5,5,555,Premium Customers
United Kingdom,16836.0,40,4,672.05,4,4,3,443,Premium Customers
United Kingdom,15723.0,365,4,711.46,2,4,3,243,Regular Customers
United Kingdom,16588.0,386,4,1048.08,2,4,4,244,Regular Customers
United Kingdom,14296.0,421,2,372.05,1,2,2,122,Regular Customers
United Kingdom,13300.0,169,3,1073.21,3,3,4,334,Premium Customers
United Kingdom,12745.0,487,2,417.93,1,2,2,122,Regular Customers
United Kingdom,16922.0,573,1,507.73,1,2,3,123,Regular Customers
United Kingdom,18258.0,464,4,357.95,1,4,2,142,Regular Customers
United Kingdom,17123.0,162,3,815.67,3,3,3,333,Premium Customers
United Kingdom,16507.0,572,1,132.76,1,1,1,111,Regular Customers
United Kingdom,14982.0,572,1,199.98,1,1,1,111,Regular Customers
United Kingdom,18287.0,43,7,2229.8,4,4,5,445,Premium Customers
United Kingdom,18157.0,571,1,176.79,1,2,1,121,Regular Customers
United Kingdom,16932.0,53,3,357.4,4,3,2,432,Premium Customers
United Kingdom,15280.0,172,3,275.72,3,3,2,332,Premium Customers
United Kingdom,13857.0,393,6,884.28,2,4,4,244,Regular Customers
United Kingdom,13719.0,15,11,2452.3,5,5,5,555,Premium Customers
United Kingdom,14017.0,571,1,185.2,1,1,1,111,Regular Customers
United Kingdom,17928.0,45,3,201.76,4,3,2,432,Premium Customers
United Kingdom,13605.0,387,2,442.27,2,2,3,223,Regular Customers
United Kingdom,14304.0,223,3,1348.8,2,3,4,234,Premium Customers
United Kingdom,16884.0,38,4,760.54,4,4,3,443,Premium Customers
United Kingdom,15071.0,94,4,1000.06,3,3,4,334,Premium Customers
Switzerland,13501.0,288,3,2170.67,2,3,5,235,Regular Customers
United Kingdom,14744.0,16,12,1228.68,5,5,4,554,Premium Customers
United Kingdom,13541.0,427,2,500.25,1,2,3,123,Regular Customers
United Kingdom,15282.0,570,1,329.09,1,1,2,112,Regular Customers
United Kingdom,16835.0,128,6,1181.66,3,4,4,344,Premium Customers
United Kingdom,14325.0,570,1,198.08,1,1,1,111,Regular Customers
United Kingdom,15636.0,90,4,1215.93,3,4,4,344,Premium Customers
United Kingdom,14283.0,463,4,558.64,1,3,3,133,Regular Customers
United Kingdom,17490.0,1,9,1756.61,5,5,4,554,Premium Customers
United Kingdom,16059.0,66,12,2716.4700000000003,3,5,5,355,Premium Customers
United Kingdom,14598.0,44,2,384.04,4,2,2,422,Premium Customers
United Kingdom,14220.0,247,4,1008.92,2,3,4,234,Premium Customers
United Kingdom,16564.0,569,1,87.8,1,1,1,111,Regular Customers
United Kingdom,12837.0,173,2,421.41,3,2,2,322,Premium Customers
United Kingdom,16664.0,569,1,83.7,1,2,1,121,Regular Customers
United Kingdom,14334.0,17,12,3247.6,5,5,5,555,Premium Customers
United Kingdom,15777.0,241,6,755.01,2,4,3,243,Premium Customers
United Kingdom,15401.0,452,2,168.75,1,2,1,121,Regular Customers
United Kingdom,17758.0,19,12,4282.51,5,5,5,555,Premium Customers
United Kingdom,15025.0,33,2,809.74,4,2,3,423,Premium Customers
United Kingdom,14850.0,312,6,1358.61,2,4,4,244,Regular Customers
United Kingdom,15559.0,568,1,936.4,1,1,4,114,Regular Customers
United Kingdom,13213.0,57,11,2716.33,4,5,5,455,Premium Customers
United Kingdom,16604.0,563,2,335.55,1,3,2,132,Regular Customers
United Kingdom,15826.0,56,4,1962.79,4,4,5,445,Premium Customers
United Kingdom,14513.0,207,3,435.05,2,3,3,233,Premium Customers
United Kingdom,14464.0,568,1,51.0,1,1,1,111,Regular Customers
United Kingdom,14671.0,549,2,931.35,1,2,4,124,Regular Customers
United Kingdom,14311.0,243,2,405.16,2,2,2,222,Premium Customers
Bahrain,12355.0,214,2,656.11,2,2,3,223,Premium Customers
United Kingdom,18011.0,373,2,275.64,2,3,2,232,Regular Customers
United Kingdom,14409.0,71,7,2007.92,3,4,5,345,Premium Customers
United Kingdom,17898.0,85,4,206.91,3,4,2,342,Premium Customers
United Kingdom,16889.0,195,6,1991.82,2,4,5,245,Premium Customers
United Kingdom,16121.0,57,5,1333.34,4,4,4,444,Premium Customers
United Kingdom,12974.0,198,2,315.8,2,2,2,222,Premium Customers
United Kingdom,16290.0,465,4,1140.55,1,4,4,144,Regular Customers
United Kingdom,18208.0,566,1,137.28,1,2,1,121,Regular Customers
United Kingdom,14010.0,565,2,382.15,1,2,2,122,Regular Customers
United Kingdom,17785.0,53,3,301.93,4,3,2,432,Premium Customers
United Kingdom,13778.0,103,4,813.75,3,3,3,333,Premium Customers
United Kingdom,17278.0,241,2,231.29,2,3,2,232,Premium Customers
Switzerland,12409.0,79,5,4248.51,3,4,5,345,Premium Customers
United Kingdom,14920.0,213,3,1348.1,2,3,4,234,Premium Customers
United Kingdom,18060.0,408,2,935.96,2,3,4,234,Regular Customers
Germany,12632.0,521,2,657.16,1,2,3,123,Regular Customers
United Kingdom,16831.0,565,1,91.8,1,2,1,121,Regular Customers
United Kingdom,14394.0,565,1,76.8,1,1,1,111,Regular Customers
United Kingdom,16974.0,523,2,365.5,1,3,2,132,Regular Customers
United Kingdom,13402.0,127,4,1093.93,3,3,4,334,Premium Customers
United Kingdom,16185.0,17,3,577.62,5,3,3,533,Premium Customers
United Kingdom,14168.0,421,2,330.65,1,2,2,122,Regular Customers
United Kingdom,14847.0,149,3,831.05,3,3,3,333,Premium Customers
United Kingdom,16229.0,87,6,2461.06,3,4,5,345,Premium Customers
United Kingdom,15681.0,25,13,2298.48,4,5,5,455,Premium Customers
United Kingdom,17205.0,54,3,88.53,4,3,1,431,Premium Customers
United Kingdom,16075.0,503,2,554.83,1,2,3,123,Regular Customers
Portugal,12773.0,564,1,29.3,1,1,1,111,Regular Customers
United Kingdom,18000.0,564,1,29.3,1,2,1,121,Regular Customers
Netherlands,12802.0,187,5,1947.2,3,4,4,344,Premium Customers
United Kingdom,13324.0,36,16,2164.45,4,5,5,455,Premium Customers
United Kingdom,16175.0,94,7,1612.34,3,4,4,344,Premium Customers
United Kingdom,13989.0,66,5,1132.67,3,4,4,344,Premium Customers
United Kingdom,14993.0,564,1,36.13,1,1,1,111,Regular Customers
United Kingdom,15217.0,563,1,410.34,1,1,2,112,Regular Customers
United Kingdom,16328.0,563,1,310.83,1,1,2,112,Regular Customers
United Kingdom,17862.0,324,4,934.44,2,4,4,244,Regular Customers
United Kingdom,17694.0,142,3,970.39,3,3,4,334,Premium Customers
France,12656.0,17,8,3624.46,5,4,5,545,Premium Customers
United Kingdom,17327.0,410,2,106.25,2,3,1,231,Regular Customers
United Kingdom,17179.0,178,6,1497.31,3,4,4,344,Premium Customers
United Kingdom,15900.0,24,4,708.01,4,4,3,443,Premium Customers
United Kingdom,17074.0,563,1,11.8,1,2,1,121,Regular Customers
United Kingdom,14181.0,411,2,295.6,1,2,2,122,Regular Customers
United Kingdom,16715.0,78,2,148.57999999999998,3,3,1,331,Premium Customers
United Kingdom,16153.0,50,11,3702.11,4,5,5,455,Premium Customers
United Kingdom,16046.0,562,1,168.79000000000002,1,1,1,111,Regular Customers
Channel Islands,14938.0,562,2,1232.71,1,2,4,124,Regular Customers
Switzerland,12378.0,130,2,4473.21,3,2,5,325,Premium Customers
United Kingdom,13880.0,21,17,3950.27,4,5,5,455,Premium Customers
United Kingdom,16458.0,3,30,5597.25,5,5,5,555,New Customers
United Kingdom,13920.0,432,4,1037.3,1,3,4,134,Regular Customers
United Kingdom,13169.0,64,3,462.4,3,3,3,333,Premium Customers
United Kingdom,17499.0,290,2,813.5600000000001,2,3,3,233,Regular Customers
United Kingdom,15340.0,562,1,105.5,1,1,1,111,Regular Customers
United Kingdom,16234.0,476,3,297.38,1,3,2,132,Regular Customers
United Kingdom,16392.0,270,3,705.15,2,3,3,233,Regular Customers
United Kingdom,16391.0,401,4,929.16,2,4,4,244,Regular Customers
United Kingdom,15256.0,149,2,170.4,3,2,1,321,Premium Customers
United Kingdom,17699.0,477,2,266.05,1,3,2,132,Regular Customers
United Kingdom,16695.0,562,1,135.29999999999998,1,2,1,121,Regular Customers
United Kingdom,14069.0,515,2,178.86,1,2,1,121,Regular Customers
United Kingdom,16101.0,71,4,2916.51,3,4,5,345,Premium Customers
United Kingdom,14876.0,521,2,236.8,1,2,2,122,Regular Customers
United Kingdom,16691.0,418,2,118.98,1,3,1,131,Regular Customers
United Kingdom,15985.0,123,7,1830.52,3,4,4,344,Premium Customers
United Kingdom,16218.0,30,11,2006.75,4,5,5,455,Premium Customers
United Kingdom,15400.0,128,5,447.15,3,4,3,343,Premium Customers
United Kingdom,15254.0,127,3,896.8100000000001,3,3,4,334,Premium Customers
United Kingdom,13602.0,65,4,932.53,3,3,4,334,Premium Customers
United Kingdom,17741.0,407,2,69.9,2,3,1,231,Regular Customers
United Kingdom,17822.0,420,5,1201.89,1,4,4,144,Regular Customers
Germany,12619.0,16,9,808.41,5,5,3,553,Premium Customers
United Kingdom,17583.0,560,1,135.95,1,2,1,121,Regular Customers
United Kingdom,16035.0,560,1,82.43,1,1,1,111,Regular Customers
Germany,12499.0,560,1,297.16,1,1,2,112,Regular Customers
United Kingdom,18044.0,4,18,2225.16,5,5,5,555,Premium Customers
United Kingdom,14104.0,166,4,455.04,3,3,3,333,Premium Customers
United Kingdom,17617.0,559,1,385.19,1,2,2,122,Regular Customers
United Kingdom,15938.0,112,9,607.91,3,5,3,353,Premium Customers
United Kingdom,16518.0,61,4,741.87,3,4,3,343,Premium Customers
United Kingdom,15135.0,239,2,256.93,2,2,2,222,Premium Customers
United Kingdom,15980.0,89,6,2327.6,3,4,5,345,Premium Customers
United Kingdom,15670.0,297,2,296.55,2,2,2,222,Regular Customers
United Kingdom,18038.0,556,1,113.58,1,2,1,121,Regular Customers
United Kingdom,17745.0,478,2,314.69,1,3,2,132,Regular Customers
United Kingdom,13472.0,464,2,592.24,1,2,3,123,Regular Customers
United Kingdom,15246.0,238,3,724.35,2,3,3,233,Premium Customers
United Kingdom,15887.0,460,2,578.15,1,2,3,123,Regular Customers
United Kingdom,15714.0,12,5,538.46,5,4,3,543,Premium Customers
United Kingdom,16565.0,364,3,157.45000000000002,2,3,1,231,Regular Customers
United Kingdom,16401.0,1,21,4302.72,5,5,5,555,New Customers
United Kingdom,15305.0,555,1,77.7,1,1,1,111,Regular Customers
United Kingdom,17096.0,15,11,2898.59,5,5,5,555,Premium Customers
United Kingdom,16896.0,555,1,56.95,1,2,1,121,Regular Customers
United Kingdom,14859.0,13,5,1356.14,5,4,4,544,Premium Customers
United Kingdom,15502.0,16,11,5036.06,5,5,5,555,Premium Customers
Belgium,12874.0,385,2,706.6999999999999,2,2,3,223,Regular Customers
United Kingdom,17216.0,554,1,55.1,1,2,1,121,Regular Customers
United Kingdom,13031.0,407,5,2850.91,2,4,5,245,Regular Customers
United Kingdom,17683.0,386,3,611.79,2,3,3,233,Regular Customers
United Kingdom,18214.0,531,4,365.14,1,4,2,142,Regular Customers
United Kingdom,15731.0,554,1,125.3,1,1,1,111,Regular Customers
United Kingdom,14486.0,512,2,175.5,1,2,1,121,Regular Customers
United Kingdom,14436.0,99,2,106.56,3,2,1,321,Premium Customers
United Kingdom,14902.0,26,3,910.12,4,3,4,434,Premium Customers
United Kingdom,18206.0,553,1,314.66,1,2,2,122,Regular Customers
United Kingdom,17235.0,25,8,1023.28,4,5,4,454,Premium Customers
United Kingdom,14687.0,107,3,688.28,3,3,3,333,Premium Customers
United Kingdom,14766.0,8,11,5549.77,5,5,5,555,Premium Customers
United Kingdom,18234.0,552,1,137.1,1,2,1,121,Regular Customers
United Kingdom,16356.0,198,6,415.87,2,4,2,242,Premium Customers
United Kingdom,12911.0,552,1,1131.69,1,1,4,114,Regular Customers
United Kingdom,18112.0,12,4,525.04,5,4,3,543,Premium Customers
United Kingdom,13109.0,60,3,1075.11,3,3,4,334,Premium Customers
United Kingdom,15956.0,551,1,291.2,1,1,2,112,Regular Customers
United Kingdom,14208.0,95,2,417.04,3,2,2,322,Premium Customers
United Kingdom,17915.0,551,1,163.85,1,2,1,121,Regular Customers
United Kingdom,16340.0,107,3,1362.12,3,3,4,334,Premium Customers
United Kingdom,13614.0,24,6,1511.09,4,4,4,444,Premium Customers
United Kingdom,18137.0,551,2,104.84,1,3,1,131,Regular Customers
United Kingdom,15976.0,165,6,1403.0,3,4,4,344,Premium Customers
United Kingdom,14128.0,61,3,911.71,3,3,4,334,Premium Customers
United Kingdom,13056.0,551,1,148.83,1,1,1,111,Regular Customers
United Kingdom,14247.0,278,5,522.72,2,4,3,243,Regular Customers
United Kingdom,14734.0,426,4,897.72,1,3,4,134,Regular Customers
United Kingdom,17009.0,551,1,39.53999999999999,1,2,1,121,Regular Customers
United Kingdom,14309.0,8,11,2794.37,5,5,5,555,Premium Customers
United Kingdom,15958.0,74,4,400.87,3,4,2,342,Premium Customers
United Kingdom,17987.0,185,5,689.4399999999999,3,4,3,343,Premium Customers
United Kingdom,15471.0,2,3,799.66,5,3,3,533,Premium Customers
United Kingdom,14515.0,18,12,2494.3,5,5,5,555,Premium Customers
United Kingdom,16382.0,408,2,215.75,2,2,2,222,Regular Customers
United Kingdom,13699.0,155,2,382.6,3,2,2,322,Premium Customers
United Kingdom,17515.0,31,9,855.03,4,5,4,454,Premium Customers
United Kingdom,14786.0,550,1,90.96,1,1,1,111,Regular Customers
United Kingdom,16232.0,44,7,1765.97,4,4,4,444,Premium Customers
United Kingdom,18100.0,550,1,372.49,1,2,2,122,Regular Customers
United Kingdom,15872.0,15,4,625.9,5,4,3,543,Premium Customers
United Kingdom,12829.0,337,2,47.52,2,2,1,221,Regular Customers
United Kingdom,15551.0,37,7,1388.27,4,4,4,444,Premium Customers
United Kingdom,17040.0,138,2,173.3,3,3,1,331,Premium Customers
United Kingdom,17101.0,30,6,1730.93,4,4,4,444,Premium Customers
United Kingdom,15720.0,24,2,514.42,4,2,3,423,Premium Customers
United Kingdom,14498.0,43,10,2857.01,4,5,5,455,Premium Customers
United Kingdom,17784.0,550,1,84.99,1,2,1,121,Regular Customers
United Kingdom,13997.0,519,2,221.66,1,2,2,122,Regular Customers
United Kingdom,12928.0,35,12,3479.55,4,5,5,455,Premium Customers
United Kingdom,17190.0,59,5,822.98,4,4,3,443,Premium Customers
United Kingdom,16048.0,373,4,818.7900000000001,2,4,3,243,Regular Customers
United Kingdom,17543.0,550,1,111.55,1,2,1,121,Regular Customers
United Kingdom,18103.0,549,1,27.75,1,2,1,121,Regular Customers
United Kingdom,15532.0,25,10,2744.51,4,5,5,455,Premium Customers
United Kingdom,16072.0,288,4,2554.92,2,4,5,245,Regular Customers
United Kingdom,17713.0,382,4,1049.04,2,4,4,244,Regular Customers
United Kingdom,17417.0,549,1,156.23000000000002,1,2,1,121,Regular Customers
United Kingdom,13502.0,17,5,554.0,5,4,3,543,Premium Customers
United Kingdom,14260.0,471,3,698.2,1,3,3,133,Regular Customers
United Kingdom,15352.0,549,1,75.7,1,1,1,111,Regular Customers
United Kingdom,17282.0,174,4,802.96,3,4,3,343,Premium Customers
United Kingdom,16453.0,531,2,219.06,1,2,2,122,Regular Customers
United Kingdom,14230.0,436,3,515.8000000000001,1,3,3,133,Regular Customers
United Kingdom,14615.0,394,5,798.41,2,4,3,243,Regular Customers
United Kingdom,17971.0,548,1,146.04,1,2,1,121,Regular Customers
United Kingdom,14180.0,11,33,2061.55,5,5,5,555,New Customers
Australia,12424.0,163,4,1701.05,3,3,4,334,Premium Customers
USA,12634.0,548,1,360.0,1,1,2,112,Regular Customers
United Kingdom,17204.0,175,9,3254.9300000000003,3,5,5,355,Premium Customers
United Kingdom,13065.0,373,5,900.5500000000001,2,4,4,244,Regular Customers
United Kingdom,15757.0,66,6,2452.07,3,4,5,345,Premium Customers
United Kingdom,17869.0,107,7,415.21,3,4,2,342,Premium Customers
United Kingdom,15734.0,115,4,715.7,3,4,3,343,Premium Customers
United Kingdom,15207.0,416,3,482.32,1,3,3,133,Regular Customers
United Kingdom,16679.0,366,3,436.86,2,3,3,233,Regular Customers
United Kingdom,13438.0,547,1,46.5,1,1,1,111,Regular Customers
United Kingdom,14618.0,9,7,845.05,5,4,3,543,Premium Customers
United Kingdom,15102.0,531,2,460.41,1,2,3,123,Regular Customers
United Kingdom,17996.0,380,3,278.71,2,3,2,232,Regular Customers
United Kingdom,17691.0,358,4,521.85,2,4,3,243,Regular Customers
United Kingdom,16499.0,360,8,2142.2200000000003,2,5,5,255,Regular Customers
United Kingdom,17902.0,547,1,108.04,1,2,1,121,Regular Customers
United Kingdom,14228.0,438,3,646.8000000000001,1,3,3,133,Regular Customers
United Kingdom,13794.0,547,1,108.13,1,1,1,111,Regular Customers
United Kingdom,16547.0,546,1,73.39999999999999,1,1,1,111,Regular Customers
United Kingdom,14727.0,274,3,284.18,2,3,2,232,Regular Customers
United Kingdom,13337.0,546,1,1164.79,1,1,4,114,Regular Customers
Denmark,12429.0,9,8,3466.73,5,4,5,545,Premium Customers
United Kingdom,18022.0,36,5,1328.27,4,4,4,444,Premium Customers
United Kingdom,17749.0,178,3,742.71,3,3,3,333,Premium Customers
United Kingdom,13601.0,45,4,1072.45,4,3,4,434,Premium Customers
United Kingdom,13745.0,162,2,591.88,3,2,3,323,Premium Customers
United Kingdom,16021.0,395,2,386.68,2,2,2,222,Regular Customers
United Kingdom,13545.0,391,2,313.23,2,2,2,222,Regular Customers
United Kingdom,17790.0,27,20,2310.81,4,5,5,455,Premium Customers
United Kingdom,14224.0,110,9,1097.95,3,5,4,354,Premium Customers
United Kingdom,14581.0,17,2,271.57,5,2,2,522,Premium Customers
United Kingdom,16647.0,170,4,378.0,3,4,2,342,Premium Customers
United Kingdom,16622.0,544,1,147.35,1,2,1,121,Regular Customers
United Kingdom,16625.0,275,5,1515.01,2,4,4,244,Premium Customers
United Kingdom,12897.0,205,4,291.45000000000005,2,3,2,232,Premium Customers
United Kingdom,15150.0,17,13,7826.59,5,5,5,555,New Customers
United Kingdom,18020.0,544,1,166.03,1,2,1,121,Regular Customers
United Kingdom,15901.0,17,5,564.0,5,4,3,543,Premium Customers
United Kingdom,15016.0,173,4,483.29,3,3,3,333,Premium Customers
United Kingdom,16007.0,48,7,2844.19,4,4,5,445,Premium Customers
United Kingdom,15361.0,362,3,330.0,2,3,2,232,Regular Customers
United Kingdom,15817.0,421,3,2358.6,1,3,5,135,Regular Customers
France,12637.0,67,12,7054.79,3,5,5,355,New Customers
United Kingdom,13069.0,1,37,6418.3,5,5,5,555,New Customers
United Kingdom,16500.0,5,8,554.61,5,5,3,553,Premium Customers
United Kingdom,15905.0,543,1,98.79,1,1,1,111,Regular Customers
United Kingdom,17922.0,543,1,146.0,1,2,1,121,Regular Customers
United Kingdom,14139.0,46,4,835.06,4,3,3,433,Premium Customers
United Kingdom,16205.0,31,7,1275.91,4,4,4,444,Premium Customers
United Kingdom,13297.0,8,7,2514.12,5,4,5,545,Premium Customers
United Kingdom,17571.0,50,4,1173.4,4,4,4,444,Premium Customers
United Kingdom,15816.0,542,2,93.3,1,2,1,121,Regular Customers
United Kingdom,13168.0,36,5,1497.13,4,4,4,444,Premium Customers
United Kingdom,15625.0,104,9,2660.76,3,5,5,355,Premium Customers
United Kingdom,15926.0,542,1,82.53999999999999,1,1,1,111,Regular Customers
United Kingdom,14634.0,438,3,1531.74,1,3,4,134,Regular Customers
United Kingdom,18042.0,54,2,179.6,4,3,1,431,Premium Customers
United Kingdom,15040.0,542,1,7.49,1,1,1,111,Regular Customers
United Kingdom,17952.0,378,4,476.31,2,4,3,243,Regular Customers
United Kingdom,13567.0,428,4,926.64,1,3,4,134,Regular Customers
United Kingdom,13586.0,541,1,93.28,1,1,1,111,Regular Customers
United Kingdom,14374.0,541,1,29.4,1,1,1,111,Regular Customers
United Kingdom,14375.0,185,3,775.82,3,3,3,333,Premium Customers
United Kingdom,15432.0,23,2,244.26,4,2,2,422,Premium Customers
United Kingdom,14619.0,246,2,980.09,2,2,4,224,Premium Customers
United Kingdom,15381.0,268,3,582.84,2,3,3,233,Regular Customers
United Kingdom,17401.0,541,1,90.45,1,2,1,121,Regular Customers
United Kingdom,13112.0,541,1,20.6,1,1,1,111,Regular Customers
United Kingdom,16492.0,541,1,321.96,1,1,2,112,Regular Customers
Denmark,13919.0,59,4,1098.61,4,3,4,434,Premium Customers
United Kingdom,16134.0,22,5,1894.03,4,4,4,444,Premium Customers
United Kingdom,17098.0,382,3,403.12,2,3,2,232,Regular Customers
United Kingdom,12746.0,541,1,238.65,1,1,2,112,Regular Customers
United Kingdom,17692.0,127,12,2646.53,3,5,5,355,Premium Customers
United Kingdom,16515.0,52,10,2649.98,4,5,5,455,Premium Customers
United Kingdom,13608.0,541,1,215.05,1,1,2,112,Regular Customers
United Kingdom,14508.0,22,5,636.67,4,4,3,443,Premium Customers
United Kingdom,16925.0,540,1,108.65,1,2,1,121,Regular Customers
United Kingdom,17953.0,540,1,133.67000000000002,1,2,1,121,Regular Customers
United Kingdom,15718.0,540,1,293.79,1,1,2,112,Regular Customers
United Kingdom,17341.0,157,5,933.82,3,4,4,344,Premium Customers
United Kingdom,13277.0,16,6,344.2,5,4,2,542,Premium Customers
United Kingdom,16155.0,382,5,646.45,2,4,3,243,Regular Customers
United Kingdom,14919.0,539,1,359.35,1,1,2,112,Regular Customers
Denmark,12412.0,75,6,2103.83,3,4,5,345,Premium Customers
United Kingdom,14840.0,268,2,342.81,2,2,2,222,Regular Customers
United Kingdom,16486.0,538,1,134.36,1,1,1,111,Regular Customers
United Kingdom,18128.0,537,1,367.88,1,2,2,122,Regular Customers
United Kingdom,15247.0,122,3,308.56,3,3,2,332,Premium Customers
United Kingdom,16739.0,177,2,660.38,3,3,3,333,Premium Customers
United Kingdom,15786.0,46,5,7085.75,4,4,5,445,Premium Customers
United Kingdom,14338.0,196,2,713.0,2,2,3,223,Premium Customers
United Kingdom,13707.0,267,5,2243.59,2,4,5,245,Premium Customers
United Kingdom,16815.0,454,2,330.72,1,3,2,132,Regular Customers
United Kingdom,16062.0,10,8,1918.09,5,5,4,554,Premium Customers
United Kingdom,16315.0,331,2,302.01,2,2,2,222,Regular Customers
United Kingdom,16503.0,107,11,2874.44,3,5,5,355,Premium Customers
United Kingdom,17192.0,536,1,62.53,1,2,1,121,Regular Customers
United Kingdom,15081.0,22,12,1409.47,4,5,4,454,Premium Customers
Netherlands,12774.0,536,1,83.7,1,1,1,111,Regular Customers
United Kingdom,16227.0,225,3,966.22,2,3,4,234,Premium Customers
France,12724.0,5,7,1870.21,5,4,4,544,Premium Customers
United Kingdom,16894.0,535,1,918.29,1,2,4,124,Regular Customers
United Kingdom,15809.0,36,6,578.44,4,4,3,443,Premium Customers
United Kingdom,14874.0,535,1,68.28,1,1,1,111,Regular Customers
United Kingdom,14793.0,21,2,625.9,4,2,3,423,Premium Customers
United Kingdom,16680.0,43,2,480.05,4,3,3,433,Premium Customers
United Kingdom,17422.0,16,11,3023.76,5,5,5,555,Premium Customers
Portugal,12792.0,257,2,651.51,2,2,3,223,Premium Customers
United Kingdom,17380.0,434,3,585.0,1,3,3,133,Regular Customers
United Kingdom,14725.0,25,4,909.69,4,3,4,434,Premium Customers
United Kingdom,17382.0,65,5,371.4,3,4,2,342,Premium Customers
Belgium,12379.0,82,4,1409.52,3,3,4,334,Premium Customers
United Kingdom,16825.0,39,5,1268.43,4,4,4,444,Premium Customers
United Kingdom,16180.0,100,13,4364.28,3,5,5,355,Premium Customers
United Kingdom,14509.0,534,1,101.0,1,1,1,111,Regular Customers
United Kingdom,15248.0,411,3,1623.02,1,3,4,134,Regular Customers
United Kingdom,15991.0,534,1,79.6,1,1,1,111,Regular Customers
United Kingdom,17304.0,534,1,50.5,1,2,1,121,Regular Customers
United Kingdom,15913.0,534,1,6.300000000000001,1,1,1,111,Regular Customers
United Kingdom,17686.0,7,9,6155.63,5,5,5,555,Premium Customers
Germany,12705.0,15,13,9739.66,5,5,5,555,New Customers
United Kingdom,16683.0,534,1,278.85,1,2,2,122,Regular Customers
United Kingdom,15043.0,473,4,319.72,1,3,2,132,Regular Customers
USA,12741.0,533,1,236.07,1,1,2,112,Regular Customers
United Kingdom,17099.0,533,1,528.97,1,2,3,123,Regular Customers
United Kingdom,15629.0,450,4,1257.8,1,4,4,144,Regular Customers
United Kingdom,14326.0,242,3,785.86,2,3,3,233,Premium Customers
United Kingdom,16961.0,116,3,680.01,3,3,3,333,Premium Customers
United Kingdom,15824.0,453,2,800.58,1,2,3,123,Regular Customers
United Kingdom,16539.0,3,10,2778.16,5,5,5,555,Premium Customers
United Kingdom,15779.0,463,2,85.83000000000001,1,2,1,121,Regular Customers
United Kingdom,14058.0,463,2,426.69,1,2,3,123,Regular Customers
United Kingdom,13861.0,429,2,223.61,1,2,2,122,Regular Customers
United Kingdom,14199.0,218,3,471.0,2,3,3,233,Premium Customers
United Kingdom,17194.0,361,2,500.11,2,3,3,233,Regular Customers
United Kingdom,16529.0,190,4,1633.6,2,4,4,244,Premium Customers
United Kingdom,15264.0,64,2,787.5500000000001,3,2,3,323,Premium Customers
United Kingdom,17812.0,13,7,706.99,5,4,3,543,Premium Customers
United Kingdom,16733.0,530,1,259.68,1,2,2,122,Regular Customers
United Kingdom,17437.0,530,1,310.44,1,2,2,122,Regular Customers
United Kingdom,16012.0,35,5,2411.07,4,4,5,445,Premium Customers
United Kingdom,13129.0,452,2,138.45,1,2,1,121,Regular Customers
United Kingdom,17578.0,218,7,953.27,2,4,4,244,Premium Customers
United Kingdom,13123.0,473,2,457.0,1,2,3,123,Regular Customers
Switzerland,12451.0,11,8,8643.05,5,4,5,545,New Customers
Portugal,12784.0,15,2,1301.05,5,2,4,524,Premium Customers
United Kingdom,17326.0,408,2,242.61,2,3,2,232,Regular Customers
Sweden,12485.0,529,1,612.3,1,1,3,113,Regular Customers
United Kingdom,14020.0,17,4,1052.67,5,3,4,534,Premium Customers
United Kingdom,13859.0,326,2,253.91000000000005,2,2,2,222,Regular Customers
Germany,12527.0,82,4,461.5100000000001,3,3,3,333,Premium Customers
Japan,12799.0,529,1,202.4,1,1,2,112,Regular Customers
United Kingdom,13023.0,64,3,792.6700000000001,3,3,3,333,Premium Customers
United Kingdom,13299.0,268,3,808.5,2,3,3,233,Premium Customers
United Kingdom,14774.0,529,1,192.85,1,1,1,111,Regular Customers
Netherlands,12788.0,463,4,384.9,1,3,2,132,Regular Customers
France,12529.0,528,1,280.68,1,1,2,112,Regular Customers
United Kingdom,13620.0,528,1,52.34,1,1,1,111,Regular Customers
United Kingdom,15430.0,468,2,615.75,1,2,3,123,Regular Customers
Australia,12415.0,25,15,6242.41,4,5,5,455,New Customers
United Kingdom,15842.0,393,2,389.68,2,2,2,222,Regular Customers
United Kingdom,13752.0,124,7,984.54,3,4,4,344,Premium Customers
United Kingdom,13739.0,18,2,200.4,5,2,2,522,Premium Customers
United Kingdom,14398.0,401,2,574.94,2,2,3,223,Regular Customers
United Kingdom,17666.0,4,5,427.98,5,4,3,543,Premium Customers
United Kingdom,18053.0,71,2,524.22,3,3,3,333,Premium Customers
United Kingdom,14217.0,2,23,2084.84,5,5,5,555,Premium Customers
United Kingdom,17748.0,527,1,204.65,1,2,2,122,Regular Customers
Germany,13814.0,92,3,1885.42,3,3,4,334,Premium Customers
United Kingdom,13649.0,257,6,1230.62,2,4,4,244,Premium Customers
United Kingdom,17029.0,437,2,309.40000000000003,1,3,2,132,Regular Customers
France,12575.0,457,2,508.47,1,2,3,123,Regular Customers
Israel,12653.0,149,3,2045.69,3,3,5,335,Premium Customers
United Kingdom,15852.0,187,3,119.06,3,3,1,331,Premium Customers
United Kingdom,17239.0,313,4,624.35,2,4,3,243,Regular Customers
United Kingdom,15888.0,81,3,230.81,3,3,2,332,Premium Customers
United Kingdom,18109.0,2,38,4515.91,5,5,5,555,New Customers
United Kingdom,17651.0,12,16,5122.85,5,5,5,555,New Customers
United Kingdom,15851.0,527,1,109.73,1,1,1,111,Regular Customers
United Kingdom,16926.0,371,5,393.86,2,4,2,242,Regular Customers
Poland,12576.0,36,8,1947.13,4,4,4,444,Premium Customers
United Kingdom,13439.0,255,3,863.8,2,3,4,234,Premium Customers
United Kingdom,13292.0,39,5,744.72,4,4,3,443,Premium Customers
United Kingdom,17187.0,227,2,267.05,2,3,2,232,Premium Customers
United Kingdom,18217.0,29,4,686.32,4,4,3,443,Premium Customers
United Kingdom,17080.0,22,6,520.8,4,4,3,443,Premium Customers
United Kingdom,16907.0,29,9,1135.49,4,5,4,454,Premium Customers
United Kingdom,14693.0,265,7,498.26,2,4,3,243,Premium Customers
United Kingdom,18230.0,9,9,3381.76,5,5,5,555,Premium Customers
Germany,12633.0,59,7,4199.47,4,4,5,445,Premium Customers
United Kingdom,14699.0,214,4,646.9,2,3,3,233,Premium Customers
United Kingdom,14963.0,10,12,2544.69,5,5,5,555,Premium Customers
United Kingdom,13246.0,18,11,1935.56,5,5,4,554,Premium Customers
United Kingdom,13125.0,524,1,96.18,1,1,1,111,Regular Customers
United Kingdom,14647.0,201,2,406.29,2,2,2,222,Premium Customers
United Kingdom,16032.0,456,6,1852.01,1,4,4,144,Regular Customers
United Kingdom,13029.0,31,4,197.5,4,3,1,431,Premium Customers
United Kingdom,17376.0,71,4,395.64,3,4,2,342,Premium Customers
United Kingdom,15627.0,457,2,485.78,1,2,3,123,Regular Customers
Thailand,12469.0,523,1,1005.4,1,1,4,114,Regular Customers
United Kingdom,15678.0,53,3,1473.57,4,3,4,434,Premium Customers
United Kingdom,16110.0,45,4,1534.5,4,4,4,444,Premium Customers
United Kingdom,15969.0,3,5,450.6,5,4,3,543,Premium Customers
United Kingdom,12953.0,10,2,576.21,5,2,3,523,Premium Customers
Germany,12693.0,127,6,961.62,3,4,4,344,Premium Customers
United Kingdom,15076.0,173,2,1243.84,3,2,4,324,Premium Customers
United Kingdom,16576.0,420,2,515.37,1,3,3,133,Regular Customers
United Kingdom,17901.0,29,2,71.78,4,3,1,431,Premium Customers
Denmark,12403.0,50,2,160.4,4,2,1,421,Premium Customers
Germany,12730.0,522,1,583.4,1,1,3,113,Regular Customers
United Kingdom,14452.0,11,4,533.2,5,3,3,533,Premium Customers
United Kingdom,12749.0,4,9,4182.81,5,5,5,555,Premium Customers
United Kingdom,13909.0,423,2,179.0,1,2,1,121,Regular Customers
United Kingdom,15133.0,128,5,1204.66,3,4,4,344,Premium Customers
United Kingdom,17129.0,520,1,14.85,1,2,1,121,Regular Customers
United Kingdom,13534.0,2,34,6905.5,5,5,5,555,New Customers
United Kingdom,16649.0,520,1,178.88,1,2,1,121,Regular Customers
United Kingdom,15056.0,520,1,103.7,1,1,1,111,Regular Customers
United Kingdom,13677.0,405,2,285.44,2,2,2,222,Regular Customers
United Kingdom,15127.0,66,2,611.55,3,2,3,323,Premium Customers
Portugal,12782.0,5,11,3638.29,5,5,5,555,Premium Customers
Germany,12592.0,92,4,861.4399999999999,3,3,4,334,Premium Customers
United Kingdom,16650.0,72,7,1614.73,3,4,4,344,Premium Customers
United Kingdom,12963.0,8,12,2879.93,5,5,5,555,Premium Customers
United Kingdom,18279.0,519,1,64.6,1,2,1,121,Regular Customers
United Kingdom,12841.0,5,40,5525.58,5,5,5,555,New Customers
United Kingdom,13399.0,464,3,249.9,1,3,2,132,Regular Customers
United Kingdom,17492.0,248,3,870.22,2,3,4,234,Premium Customers
United Kingdom,13734.0,509,2,112.34,1,2,1,121,Regular Customers
United Kingdom,14580.0,518,1,14.85,1,1,1,111,Regular Customers
United Kingdom,15283.0,487,2,114.43,1,2,1,121,Regular Customers
United Kingdom,16049.0,40,6,1565.18,4,4,4,444,Premium Customers
United Kingdom,14516.0,516,1,142.67,1,1,1,111,Regular Customers
United Kingdom,13779.0,516,1,110.13,1,1,1,111,Regular Customers
United Kingdom,18238.0,515,1,255.02,1,2,2,122,Regular Customers
United Kingdom,17143.0,417,2,589.42,1,3,3,133,Regular Customers
United Kingdom,14248.0,318,3,670.31,2,3,3,233,Regular Customers
United Kingdom,16915.0,9,8,412.13,5,5,2,552,Premium Customers
United Kingdom,16469.0,24,5,659.36,4,4,3,443,Premium Customers
United Kingdom,13428.0,10,3,445.14,5,3,3,533,Premium Customers
United Kingdom,16435.0,512,3,580.47,1,3,3,133,Regular Customers
United Kingdom,17408.0,514,1,101.25,1,2,1,121,Regular Customers
United Kingdom,14610.0,396,2,24.35,2,2,1,221,Regular Customers
United Kingdom,17714.0,321,5,1112.67,2,4,4,244,Regular Customers
United Kingdom,18123.0,24,3,440.51,4,3,3,433,Premium Customers
United Kingdom,17034.0,16,5,1100.07,5,4,4,544,Premium Customers
Lithuania,15332.0,370,5,4170.28,2,4,5,245,Regular Customers
United Kingdom,18096.0,12,6,1371.39,5,4,4,544,Premium Customers
United Kingdom,14007.0,513,1,42.58,1,1,1,111,Regular Customers
United Kingdom,15530.0,22,5,1270.61,4,4,4,444,Premium Customers
United Kingdom,17559.0,513,1,117.22,1,2,1,121,Regular Customers
United Kingdom,17783.0,72,3,357.96,3,3,2,332,Premium Customers
United Kingdom,13255.0,9,3,294.16,5,3,2,532,Premium Customers
United Kingdom,14084.0,512,1,56.4,1,1,1,111,Regular Customers
United Kingdom,16251.0,512,1,104.46,1,1,1,111,Regular Customers
United Kingdom,17968.0,374,4,442.09,2,4,3,243,Regular Customers
United Kingdom,18021.0,510,2,175.76,1,3,1,131,Regular Customers
United Kingdom,15908.0,512,1,146.39,1,1,1,111,Regular Customers
United Kingdom,17921.0,64,10,2049.61,3,5,5,355,Premium Customers
United Kingdom,15452.0,30,6,1670.51,4,4,4,444,Premium Customers
United Kingdom,13959.0,79,6,855.94,3,4,4,344,Premium Customers
United Kingdom,17680.0,24,3,304.7,4,3,2,432,Premium Customers
United Kingdom,12977.0,156,4,305.28000000000003,3,3,2,332,Premium Customers
United Kingdom,17541.0,510,1,80.06,1,2,1,121,Regular Customers
United Kingdom,17261.0,510,1,201.69,1,2,2,122,Regular Customers
United Kingdom,14553.0,19,9,1236.9,5,5,4,554,Premium Customers
United Kingdom,15151.0,423,2,1140.61,1,2,4,124,Regular Customers
United Kingdom,17339.0,94,3,258.20000000000005,3,3,2,332,Premium Customers
United Kingdom,15189.0,1,44,5393.95,5,5,5,555,New Customers
United Kingdom,16496.0,9,6,1862.45,5,4,4,544,Premium Customers
United Kingdom,14674.0,509,1,131.16,1,1,1,111,Regular Customers
United Kingdom,16089.0,386,2,213.69,2,2,2,222,Regular Customers
United Kingdom,14599.0,390,2,441.44,2,2,3,223,Regular Customers
Finland,12696.0,435,2,716.01,1,2,3,123,Regular Customers
United Kingdom,16861.0,60,5,679.63,3,4,3,343,Premium Customers
United Kingdom,15788.0,509,1,157.33,1,1,1,111,Regular Customers
United Kingdom,16172.0,95,7,1757.56,3,4,4,344,Premium Customers
United Kingdom,17395.0,508,1,52.5,1,2,1,121,Regular Customers
United Kingdom,17090.0,4,10,2071.15,5,5,5,555,Premium Customers
United Kingdom,17470.0,45,11,1861.53,4,5,4,454,Premium Customers
United Kingdom,12864.0,138,2,11.15,3,2,1,321,Premium Customers
United Kingdom,14922.0,394,2,701.44,2,2,3,223,Regular Customers
United Kingdom,13509.0,9,6,722.6800000000001,5,4,3,543,Premium Customers
United Kingdom,16129.0,407,3,1137.99,2,3,4,234,Regular Customers
United Kingdom,15617.0,396,3,658.2,2,3,3,233,Regular Customers
Germany,12480.0,28,7,3648.86,4,4,5,445,Premium Customers
United Kingdom,14797.0,507,1,274.81,1,1,2,112,Regular Customers
Germany,12720.0,3,29,5995.9,5,5,5,555,New Customers
United Kingdom,13913.0,507,1,13.52,1,1,1,111,Regular Customers
United Kingdom,13444.0,374,2,578.78,2,2,3,223,Regular Customers
United Kingdom,18074.0,374,2,618.49,2,3,3,233,Regular Customers
United Kingdom,14858.0,506,1,180.75,1,1,1,111,Regular Customers
United Kingdom,16975.0,423,3,640.88,1,3,3,133,Regular Customers
United Kingdom,17643.0,373,2,348.15000000000003,2,3,2,232,Regular Customers
United Kingdom,16555.0,35,5,1013.88,4,4,4,444,Premium Customers
Spain,12421.0,16,6,810.28,5,4,3,543,Premium Customers
United Kingdom,17918.0,501,3,266.28,1,3,2,132,Regular Customers
United Kingdom,14236.0,81,5,905.72,3,4,4,344,Premium Customers
United Kingdom,17177.0,505,1,86.65,1,2,1,121,Regular Customers
United Kingdom,13788.0,505,1,3.75,1,1,1,111,Regular Customers
United Kingdom,18026.0,501,2,85.35,1,3,1,131,Regular Customers
Germany,12595.0,505,1,197.4,1,1,1,111,Regular Customers
United Kingdom,16203.0,59,6,863.48,4,4,4,444,Premium Customers
United Kingdom,13665.0,386,3,1467.7,2,3,4,234,Regular Customers
United Kingdom,14312.0,47,11,2351.75,4,5,5,455,Premium Customers
United Kingdom,18132.0,504,1,211.63,1,2,2,122,Regular Customers
United Kingdom,17112.0,503,1,197.57,1,2,1,121,Regular Customers
Belgium,12866.0,283,3,880.85,2,3,4,234,Regular Customers
Switzerland,12410.0,309,2,497.61,2,2,3,223,Regular Customers
United Kingdom,13239.0,262,5,1250.72,2,4,4,244,Premium Customers
United Kingdom,13250.0,461,2,253.09,1,2,2,122,Regular Customers
United Kingdom,12889.0,381,4,276.06,2,3,2,232,Regular Customers
United Kingdom,13137.0,11,16,6893.57,5,5,5,555,New Customers
United Kingdom,15378.0,463,2,246.5,1,2,2,122,Regular Customers
Germany,12476.0,16,16,8929.14,5,5,5,555,New Customers
United Kingdom,15080.0,428,2,546.25,1,2,3,123,Regular Customers
United Kingdom,17494.0,502,1,34.8,1,2,1,121,Regular Customers
United Kingdom,17224.0,501,1,22.36,1,2,1,121,Regular Customers
United Kingdom,15142.0,46,6,2242.66,4,4,5,445,Premium Customers
Sweden,12801.0,501,1,699.35,1,1,3,113,Regular Customers
United Kingdom,14384.0,501,1,58.5,1,1,1,111,Regular Customers
United Kingdom,16128.0,18,10,3321.02,5,5,5,555,Premium Customers
United Kingdom,13384.0,31,11,4610.42,4,5,5,455,Premium Customers
United Kingdom,13161.0,313,2,326.93,2,2,2,222,Regular Customers
United Kingdom,15284.0,500,1,24.75,1,1,1,111,Regular Customers
Netherlands,12804.0,466,2,287.57,1,2,2,122,Regular Customers
Spain,12547.0,198,3,299.58,2,3,2,232,Premium Customers
United Kingdom,13435.0,5,9,2275.56,5,5,5,555,Premium Customers
United Kingdom,17122.0,119,4,570.5,3,4,3,343,Premium Customers
United Kingdom,15228.0,66,6,4181.65,3,4,5,345,Premium Customers
United Kingdom,14463.0,205,2,121.35,2,2,1,221,Premium Customers
United Kingdom,15596.0,101,9,2201.87,3,5,5,355,Premium Customers
United Kingdom,18207.0,499,1,509.62,1,2,3,123,Regular Customers
United Kingdom,13796.0,499,1,278.75,1,1,2,112,Regular Customers
United Kingdom,16278.0,100,3,509.99,3,3,3,333,Premium Customers
United Kingdom,16937.0,499,1,196.25,1,2,1,121,Regular Customers
United Kingdom,18264.0,499,1,457.2,1,2,3,123,Regular Customers
United Kingdom,14833.0,499,1,94.8,1,1,1,111,Regular Customers
United Kingdom,14901.0,11,11,1508.12,5,5,4,554,Premium Customers
United Kingdom,18075.0,23,20,4848.6900000000005,4,5,5,455,New Customers
United Kingdom,17168.0,499,1,361.25,1,2,2,122,Regular Customers
United Kingdom,16045.0,120,8,2079.04,3,5,5,355,Premium Customers
Belgium,12408.0,33,8,2727.91,4,4,5,445,Premium Customers
United Kingdom,15021.0,9,12,2108.29,5,5,5,555,Premium Customers
United Kingdom,17929.0,309,2,305.20000000000005,2,3,2,232,Regular Customers
United Kingdom,14346.0,121,5,1707.85,3,4,4,344,Premium Customers
United Kingdom,16428.0,414,3,552.99,1,3,3,133,Regular Customers
United Kingdom,17109.0,29,8,1189.37,4,5,4,454,Premium Customers
United Kingdom,17735.0,2,26,15130.55,5,5,5,555,New Customers
United Kingdom,15459.0,417,2,120.48,1,2,1,121,Regular Customers
United Kingdom,14455.0,432,4,517.13,1,3,3,133,Regular Customers
United Kingdom,13766.0,495,1,190.35,1,1,1,111,Regular Customers
United Kingdom,13474.0,236,3,532.49,2,3,3,233,Premium Customers
United Kingdom,12862.0,426,2,798.17,1,2,3,123,Regular Customers
United Kingdom,13617.0,40,8,974.26,4,4,4,444,Premium Customers
United Kingdom,15666.0,472,2,553.13,1,2,3,123,Regular Customers
United Kingdom,15200.0,495,1,491.35,1,1,3,113,Regular Customers
United Kingdom,18277.0,58,5,974.55,4,4,4,444,Premium Customers
United Kingdom,13090.0,9,19,4947.12,5,5,5,555,New Customers
United Kingdom,12907.0,396,2,403.71,2,2,2,222,Regular Customers
United Kingdom,16060.0,431,2,332.15000000000003,1,2,2,122,Regular Customers
United Kingdom,16256.0,267,2,375.05,2,2,2,222,Regular Customers
United Kingdom,16440.0,8,6,3719.57,5,4,5,545,Premium Customers
United Kingdom,14001.0,46,9,2384.8700000000003,4,5,5,455,Premium Customers
United Kingdom,18048.0,203,3,295.91,2,3,2,232,Premium Customers
United Kingdom,17665.0,493,1,260.7,1,2,2,122,Regular Customers
United Kingdom,16880.0,31,8,926.22,4,5,4,454,Premium Customers
United Kingdom,16316.0,64,12,3747.37,3,5,5,355,Premium Customers
United Kingdom,14219.0,4,3,494.28,5,3,3,533,Premium Customers
United Kingdom,15363.0,373,2,642.31,2,2,3,223,Regular Customers
United Kingdom,16417.0,493,1,35.7,1,1,1,111,Regular Customers
United Kingdom,15387.0,492,1,450.75,1,1,3,113,Regular Customers
United Kingdom,16334.0,492,1,234.36,1,1,2,112,Regular Customers
United Kingdom,15587.0,50,5,468.0,4,4,3,443,Premium Customers
United Kingdom,13155.0,33,6,1225.88,4,4,4,444,Premium Customers
United Kingdom,17156.0,492,1,584.31,1,2,3,123,Regular Customers
United Kingdom,18079.0,45,4,708.87,4,4,3,443,Premium Customers
United Kingdom,15403.0,492,1,20.4,1,1,1,111,Regular Customers
United Kingdom,15271.0,7,24,3931.01,5,5,5,555,New Customers
United Kingdom,14521.0,491,1,172.84,1,1,1,111,Regular Customers
United Kingdom,13135.0,491,1,231.0,1,1,2,112,Regular Customers
United Kingdom,13140.0,108,5,781.12,3,4,3,343,Premium Customers
United Kingdom,18154.0,3,5,695.99,5,4,3,543,Premium Customers
United Kingdom,17975.0,15,24,5727.820000000001,5,5,5,555,New Customers
United Kingdom,16196.0,489,1,93.3,1,1,1,111,Regular Customers
United Kingdom,17132.0,452,2,757.33,1,3,3,133,Regular Customers
United Kingdom,14575.0,488,1,380.52,1,1,2,112,Regular Customers
United Kingdom,17393.0,411,2,209.73,1,3,2,132,Regular Customers
United Kingdom,15262.0,324,3,389.07,2,3,2,232,Regular Customers
United Kingdom,13653.0,488,1,136.3,1,1,1,111,Regular Customers
United Kingdom,17732.0,373,8,1661.97,2,5,4,254,Regular Customers
Switzerland,12458.0,71,4,1281.72,3,3,4,334,Premium Customers
United Kingdom,15595.0,488,1,64.8,1,1,1,111,Regular Customers
United Kingdom,14631.0,51,6,1542.95,4,4,4,444,Premium Customers
United Kingdom,14794.0,3,9,1309.3,5,5,4,554,Premium Customers
United Kingdom,17212.0,253,3,422.29,2,3,2,232,Premium Customers
United Kingdom,14022.0,225,2,731.95,2,2,3,223,Premium Customers
United Kingdom,14053.0,160,3,110.0,3,3,1,331,Premium Customers
United Kingdom,13045.0,99,3,750.17,3,3,3,333,Premium Customers
United Kingdom,14722.0,147,3,413.97,3,3,2,332,Premium Customers
United Kingdom,16221.0,37,9,1566.89,4,5,4,454,Premium Customers
United Kingdom,13839.0,486,1,139.95000000000002,1,1,1,111,Regular Customers
United Kingdom,14144.0,486,1,30.6,1,1,1,111,Regular Customers
United Kingdom,14913.0,36,8,3488.99,4,5,5,455,Premium Customers
United Kingdom,13717.0,32,8,1344.99,4,4,4,444,Premium Customers
United Kingdom,15837.0,65,2,622.61,3,2,3,323,Premium Customers
United Kingdom,13594.0,53,2,482.32,4,2,3,423,Premium Customers
Portugal,12771.0,486,1,169.5,1,1,1,111,Regular Customers
United Kingdom,14700.0,32,5,2129.89,4,4,5,445,Premium Customers
United Kingdom,14822.0,485,1,140.70000000000002,1,1,1,111,Regular Customers
United Kingdom,17615.0,130,6,504.85,3,4,3,343,Premium Customers
United Kingdom,14736.0,485,2,249.2,1,2,2,122,Regular Customers
United Kingdom,15110.0,24,6,837.95,4,4,3,443,Premium Customers
United Kingdom,16033.0,6,27,8065.01,5,5,5,555,New Customers
United Kingdom,15652.0,91,5,880.24,3,4,4,344,Premium Customers
United Kingdom,16477.0,64,11,3994.84,3,5,5,355,Premium Customers
United Kingdom,14630.0,484,1,199.3,1,1,1,111,Regular Customers
United Kingdom,12959.0,484,1,63.6,1,1,1,111,Regular Customers
United Kingdom,17639.0,276,6,459.92,2,4,3,243,Regular Customers
United Kingdom,14550.0,11,4,1107.41,5,3,4,534,Premium Customers
Sweden,12676.0,25,10,2062.37,4,5,5,455,Premium Customers
United Kingdom,14153.0,483,1,233.4,1,1,2,112,Regular Customers
United Kingdom,16345.0,44,2,1018.09,4,2,4,424,Premium Customers
United Kingdom,17300.0,391,2,206.49,2,3,2,232,Regular Customers
United Kingdom,16043.0,38,7,1279.74,4,4,4,444,Premium Customers
United Kingdom,17248.0,120,2,459.74,3,3,3,333,Premium Customers
United Kingdom,16468.0,470,2,712.62,1,2,3,123,Regular Customers
United Kingdom,14996.0,481,2,366.33,1,2,2,122,Regular Customers
United Kingdom,14183.0,411,2,218.69,1,2,2,122,Regular Customers
United Kingdom,17299.0,12,6,868.87,5,4,4,544,Premium Customers
United Kingdom,15050.0,25,5,2029.9,4,4,5,445,Premium Customers
Sweden,12687.0,481,1,1721.57,1,1,4,114,Regular Customers
United Kingdom,13063.0,481,1,188.4,1,1,1,111,Regular Customers
United Kingdom,14379.0,44,4,933.61,4,3,4,434,Premium Customers
United Kingdom,13945.0,395,2,715.75,2,2,3,223,Regular Customers
United Kingdom,14531.0,480,1,348.39,1,1,2,112,Regular Customers
United Kingdom,17430.0,33,4,581.66,4,4,3,443,Premium Customers
United Kingdom,14749.0,480,1,181.75,1,1,1,111,Regular Customers
United Kingdom,17513.0,72,3,735.0,3,3,3,333,Premium Customers
United Kingdom,15072.0,479,1,181.22,1,1,1,111,Regular Customers
United Kingdom,13320.0,78,6,2211.6,3,4,5,345,Premium Customers
United Kingdom,17627.0,479,1,67.30000000000001,1,2,1,121,Regular Customers
United Kingdom,15310.0,479,1,965.6,1,1,4,114,Regular Customers
United Kingdom,17792.0,467,2,300.8,1,3,2,132,Regular Customers
United Kingdom,16675.0,442,2,346.16,1,3,2,132,Regular Customers
United Kingdom,16638.0,23,15,1809.06,4,5,4,454,Premium Customers
United Kingdom,15764.0,88,8,3621.53,3,5,5,355,Premium Customers
United Kingdom,17585.0,109,7,1485.54,3,4,4,344,Premium Customers
United Kingdom,15154.0,75,3,934.97,3,3,4,334,Premium Customers
United Kingdom,15506.0,23,6,1680.9,4,4,4,444,Premium Customers
United Kingdom,17599.0,478,1,52.05,1,2,1,121,Regular Customers
United Kingdom,15903.0,10,11,3518.52,5,5,5,555,Premium Customers
United Kingdom,12851.0,97,2,215.61,3,2,2,322,Premium Customers
United Kingdom,16919.0,156,22,3247.91,3,5,5,355,New Customers
United Kingdom,13479.0,201,4,683.95,2,3,3,233,Premium Customers
United Kingdom,18191.0,262,2,327.79999999999995,2,3,2,232,Premium Customers
United Kingdom,16299.0,477,1,193.65,1,1,1,111,Regular Customers
Germany,12519.0,64,2,562.72,3,2,3,323,Premium Customers
Norway,12433.0,1,10,10204.26,5,5,5,555,New Customers
United Kingdom,16562.0,477,1,223.86,1,1,2,112,Regular Customers
United Kingdom,16294.0,477,1,126.05,1,1,1,111,Regular Customers
Austria,12865.0,26,4,2836.7,4,3,5,435,Premium Customers
United Kingdom,15322.0,86,2,1123.73,3,2,4,324,Premium Customers
United Kingdom,14243.0,9,17,6058.12,5,5,5,555,New Customers
United Kingdom,16396.0,476,1,137.8,1,1,1,111,Regular Customers
Nigeria,15702.0,476,1,86.72,1,1,1,111,Regular Customers
United Kingdom,15855.0,137,6,911.84,3,4,4,344,Premium Customers
United Kingdom,17471.0,475,1,321.65000000000003,1,2,2,122,Regular Customers
Spain,12450.0,156,5,579.7,3,4,3,343,Premium Customers
United Kingdom,17689.0,388,2,310.78,2,3,2,232,Regular Customers
United Kingdom,14767.0,474,1,280.61,1,1,2,112,Regular Customers
United Kingdom,16770.0,58,9,1492.78,4,5,4,454,Premium Customers
United Kingdom,14565.0,96,5,3270.76,3,4,5,345,Premium Customers
West Indies,18140.0,474,1,481.15,1,2,3,123,Regular Customers
United Kingdom,15683.0,117,2,440.44,3,2,3,323,Premium Customers
United Kingdom,14187.0,474,1,94.85,1,1,1,111,Regular Customers
United Kingdom,14321.0,11,7,1722.16,5,4,4,544,Premium Customers
United Kingdom,16314.0,390,3,1162.0,2,3,4,234,Regular Customers
United Kingdom,17649.0,138,3,1386.49,3,3,4,334,Premium Customers
United Kingdom,14342.0,21,5,451.23,4,4,3,443,Premium Customers
United Kingdom,18124.0,472,1,102.65,1,2,1,121,Regular Customers
France,12721.0,32,8,3133.84,4,4,5,445,Premium Customers
United Kingdom,14229.0,52,7,1372.19,4,4,4,444,Premium Customers
United Kingdom,13548.0,96,3,707.02,3,3,3,333,Premium Customers
United Kingdom,14787.0,471,1,110.65,1,1,1,111,Regular Customers
United Kingdom,16448.0,198,2,335.62,2,2,2,222,Premium Customers
United Kingdom,14268.0,471,1,338.95,1,1,2,112,Regular Customers
United Kingdom,16235.0,41,8,1437.16,4,5,4,454,Premium Customers
United Kingdom,14075.0,5,5,1196.9,5,4,4,544,Premium Customers
United Kingdom,16375.0,470,2,104.0,1,2,1,121,Regular Customers
United Kingdom,14482.0,18,10,1659.94,5,5,4,554,Premium Customers
United Kingdom,16288.0,470,1,39.5,1,1,1,111,Regular Customers
United Kingdom,14544.0,24,3,1814.87,4,3,4,434,Premium Customers
United Kingdom,13884.0,7,9,1573.88,5,5,4,554,Premium Customers
United Kingdom,14499.0,26,7,2031.44,4,4,5,445,Premium Customers
United Kingdom,16421.0,376,3,315.82,2,3,2,232,Regular Customers
United Kingdom,16870.0,469,1,385.56,1,2,2,122,Regular Customers
United Kingdom,17894.0,72,17,2002.88,3,5,5,355,Premium Customers
United Kingdom,15936.0,379,2,241.39,2,2,2,222,Regular Customers
United Kingdom,15074.0,105,3,1286.97,3,3,4,334,Premium Customers
United Kingdom,15166.0,468,1,154.41,1,1,1,111,Regular Customers
United Kingdom,13922.0,352,3,639.25,2,3,3,233,Regular Customers
United Kingdom,17384.0,19,3,293.35,5,3,2,532,Premium Customers
Denmark,12423.0,1,10,2179.29,5,5,5,555,Premium Customers
United Kingdom,14885.0,132,3,444.0,3,3,3,333,Premium Customers
United Kingdom,14433.0,466,1,235.85,1,1,2,112,Regular Customers
United Kingdom,17126.0,152,9,1686.34,3,5,4,354,Premium Customers
United Kingdom,13714.0,465,1,113.95,1,1,1,111,Regular Customers
France,12651.0,335,4,377.75,2,3,2,232,Regular Customers
France,12573.0,227,5,623.55,2,4,3,243,Premium Customers
United Kingdom,16819.0,465,2,112.45,1,3,1,131,Regular Customers
Netherlands,12761.0,465,1,559.95,1,1,3,113,Regular Customers
United Kingdom,17215.0,464,1,96.15,1,2,1,121,Regular Customers
United Kingdom,15574.0,178,6,738.5699999999999,3,4,3,343,Premium Customers
United Kingdom,15677.0,49,3,1118.78,4,3,4,434,Premium Customers
Austria,12414.0,217,4,418.53,2,3,2,232,Premium Customers
United Kingdom,16065.0,365,8,1827.98,2,5,4,254,Regular Customers
United Kingdom,18182.0,463,1,277.45,1,2,2,122,Regular Customers
United Kingdom,12831.0,262,3,315.15,2,3,2,232,Premium Customers
United Kingdom,14908.0,74,2,239.4,3,2,2,322,Premium Customers
United Kingdom,13992.0,30,3,203.6,4,3,2,432,Premium Customers
United Kingdom,15424.0,254,3,518.58,2,3,3,233,Premium Customers
United Kingdom,16872.0,463,1,29.7,1,2,1,121,Regular Customers
United Kingdom,16239.0,57,5,754.0,4,4,3,443,Premium Customers
Portugal,12808.0,37,5,721.75,4,4,3,443,Premium Customers
United Kingdom,16100.0,463,1,565.64,1,1,3,113,Regular Customers
United Kingdom,16029.0,66,22,2308.9500000000003,3,5,5,355,Premium Customers
United Kingdom,14009.0,198,3,912.11,2,3,4,234,Premium Customers
United Kingdom,15092.0,215,3,542.5600000000001,2,3,3,233,Premium Customers
United Kingdom,16289.0,462,1,136.31,1,1,1,111,Regular Customers
United Kingdom,14163.0,87,5,1200.32,3,4,4,344,Premium Customers
United Kingdom,14753.0,87,2,825.5500000000001,3,2,3,323,Premium Customers
Cyprus,13809.0,305,3,155.5,2,3,1,231,Regular Customers
United Kingdom,13506.0,316,5,1162.57,2,4,4,244,Regular Customers
United Kingdom,13032.0,52,9,1939.41,4,5,4,454,Premium Customers
United Kingdom,14318.0,460,1,144.1,1,1,1,111,Regular Customers
United Kingdom,13785.0,429,4,360.19,1,3,2,132,Regular Customers
United Kingdom,15543.0,288,2,206.81,2,2,2,222,Regular Customers
United Kingdom,13133.0,274,3,145.10000000000002,2,3,1,231,Regular Customers
United Kingdom,12859.0,459,1,462.9,1,1,3,113,Regular Customers
United Kingdom,16832.0,217,3,210.96,2,3,2,232,Premium Customers
United Kingdom,14968.0,30,2,377.39,4,2,2,422,Premium Customers
Germany,12605.0,376,3,1117.0,2,3,4,234,Regular Customers
United Kingdom,12819.0,458,1,335.28000000000003,1,1,2,112,Regular Customers
United Kingdom,13683.0,458,1,228.0,1,1,2,112,Regular Customers
United Kingdom,13076.0,458,1,135.4,1,1,1,111,Regular Customers
United Kingdom,12777.0,458,1,370.2,1,1,2,112,Regular Customers
United Kingdom,15752.0,40,9,3817.57,4,5,5,455,Premium Customers
United Kingdom,13005.0,174,4,645.33,3,3,3,333,Premium Customers
Germany,12635.0,90,4,2360.92,3,3,5,335,Premium Customers
United Kingdom,16972.0,383,2,555.4,2,3,3,233,Regular Customers
Japan,12770.0,457,1,204.0,1,1,2,112,Regular Customers
United Kingdom,14688.0,8,27,4872.6,5,5,5,555,New Customers
United Kingdom,13046.0,31,3,690.25,4,3,3,433,Premium Customers
Belgium,12460.0,456,1,236.95,1,1,2,112,Regular Customers
United Kingdom,16886.0,456,1,134.0,1,2,1,121,Regular Customers
United Kingdom,17456.0,365,2,832.87,2,3,3,233,Regular Customers
United Kingdom,18255.0,89,2,303.15,3,3,2,332,Premium Customers
United Kingdom,16095.0,456,1,447.05,1,1,3,113,Regular Customers
United Kingdom,17762.0,456,1,117.15,1,2,1,121,Regular Customers
United Kingdom,14444.0,456,1,78.96,1,1,1,111,Regular Customers
United Kingdom,17473.0,409,2,557.2,2,3,3,233,Regular Customers
United Kingdom,17366.0,432,2,774.62,1,3,3,133,Regular Customers
Netherlands,12760.0,456,1,317.8,1,1,2,112,Regular Customers
United Kingdom,14708.0,3,3,641.0699999999999,5,3,3,533,Premium Customers
United Kingdom,14445.0,456,1,221.65,1,1,2,112,Regular Customers
United Kingdom,14635.0,454,1,186.22,1,1,1,111,Regular Customers
United Kingdom,15992.0,4,3,848.75,5,3,3,533,Premium Customers
United Kingdom,16042.0,22,8,1959.15,4,5,5,455,Premium Customers
United Kingdom,16799.0,432,2,371.38,1,3,2,132,Regular Customers
United Kingdom,15006.0,51,2,626.53,4,2,3,423,Premium Customers
United Kingdom,15406.0,31,4,788.45,4,4,3,443,Premium Customers
United Kingdom,17383.0,4,2,194.64,5,3,1,531,Premium Customers
United Kingdom,17728.0,4,5,3682.18,5,4,5,545,Premium Customers
United Kingdom,13440.0,423,7,1181.85,1,4,4,144,Regular Customers
United Kingdom,13537.0,426,2,544.7,1,2,3,123,Regular Customers
United Kingdom,15107.0,334,6,395.65,2,4,2,242,Regular Customers
United Kingdom,13312.0,451,1,124.75,1,1,1,111,Regular Customers
United Kingdom,14363.0,402,2,214.72000000000003,2,2,2,222,Regular Customers
United Kingdom,16690.0,72,4,283.88,3,4,2,342,Premium Customers
United Kingdom,18136.0,63,5,1524.86,3,4,4,344,Premium Customers
United Kingdom,14381.0,52,2,625.9399999999999,4,2,3,423,Premium Customers
United Kingdom,14231.0,184,4,1103.17,3,3,4,334,Premium Customers
United Kingdom,15966.0,451,1,426.53,1,1,3,113,Regular Customers
Korea,12768.0,451,1,150.45000000000002,1,1,1,111,Regular Customers
United Kingdom,15906.0,20,10,1642.89,4,5,4,454,Premium Customers
United Kingdom,13784.0,113,8,415.16,3,4,2,342,Premium Customers
United Kingdom,17403.0,36,2,314.42,4,3,2,432,Premium Customers
United Kingdom,16005.0,12,10,2173.29,5,5,5,555,Premium Customers
United Kingdom,16522.0,436,2,346.6,1,2,2,122,Regular Customers
United Kingdom,15685.0,450,1,38.98,1,1,1,111,Regular Customers
United Kingdom,16080.0,82,4,568.76,3,4,3,343,Premium Customers
United Kingdom,16979.0,4,9,1866.52,5,5,4,554,Premium Customers
United Kingdom,16589.0,71,4,612.36,3,4,3,343,Premium Customers
United Kingdom,15301.0,51,16,5042.51,4,5,5,455,New Customers
United Kingdom,17392.0,307,3,474.22,2,3,3,233,Regular Customers
United Kingdom,13374.0,415,2,304.8,1,2,2,122,Regular Customers
United Kingdom,13424.0,450,1,555.77,1,1,3,113,Regular Customers
United Kingdom,16646.0,449,1,406.8,1,2,2,122,Regular Customers
United Kingdom,15962.0,449,1,280.98,1,1,2,112,Regular Customers
United Kingdom,15341.0,81,2,764.16,3,2,3,323,Premium Customers
United Kingdom,15748.0,40,3,185.51,4,3,1,431,Premium Customers
United Kingdom,15535.0,173,6,568.97,3,4,3,343,Premium Customers
United Kingdom,13398.0,192,2,497.17,2,2,3,223,Premium Customers
United Kingdom,16146.0,204,3,769.38,2,3,3,233,Premium Customers
United Kingdom,16371.0,449,1,120.0,1,1,1,111,Regular Customers
Spain,12554.0,449,1,347.6,1,1,2,112,Regular Customers
United Kingdom,17765.0,159,4,359.05,3,4,2,342,Premium Customers
United Kingdom,15026.0,80,5,900.1899999999999,3,4,4,344,Premium Customers
Portugal,12425.0,78,2,1446.13,3,2,4,324,Premium Customers
Spain,12543.0,448,1,656.8,1,1,3,113,Regular Customers
United Kingdom,18089.0,447,1,248.0,1,2,2,122,Regular Customers
United Kingdom,16983.0,13,11,2605.81,5,5,5,555,Premium Customers
United Kingdom,13701.0,447,1,161.0,1,1,1,111,Regular Customers
United Kingdom,13554.0,380,7,1176.15,2,4,4,244,Regular Customers
United Kingdom,13067.0,82,3,373.11,3,3,2,332,Premium Customers
United Kingdom,15519.0,383,2,344.61,2,2,2,222,Regular Customers
United Kingdom,14776.0,51,15,2184.3,4,5,5,455,Premium Customers
United Kingdom,17255.0,41,4,661.86,4,4,3,443,Premium Customers
United Kingdom,16264.0,438,2,701.78,1,2,3,123,Regular Customers
United Kingdom,15870.0,33,4,626.16,4,4,3,443,Premium Customers
United Kingdom,15599.0,27,3,1086.81,4,3,4,434,Premium Customers
United Kingdom,15462.0,94,4,614.4,3,4,3,343,Premium Customers
United Kingdom,17811.0,4,47,7082.06,5,5,5,555,New Customers
United Kingdom,13702.0,446,1,135.18,1,1,1,111,Regular Customers
United Kingdom,14212.0,446,1,136.0,1,1,1,111,Regular Customers
United Kingdom,17055.0,446,1,175.20000000000002,1,2,1,121,Regular Customers
United Kingdom,17167.0,380,3,758.46,2,3,3,233,Regular Customers
United Kingdom,14668.0,445,1,32.13,1,1,1,111,Regular Customers
United Kingdom,17834.0,415,2,329.17,1,3,2,132,Regular Customers
United Kingdom,17949.0,8,5,351.9,5,4,2,542,Premium Customers
United Kingdom,13375.0,89,2,1108.78,3,2,4,324,Premium Customers
United Kingdom,15473.0,445,1,70.80000000000001,1,1,1,111,Regular Customers
United Kingdom,13689.0,63,2,34.5,3,2,1,321,Premium Customers
United Kingdom,16465.0,421,2,542.54,1,2,3,123,Regular Customers
United Kingdom,14716.0,43,3,416.72,4,3,2,432,Premium Customers
United Kingdom,17480.0,78,2,882.23,3,3,4,334,Premium Customers
Brazil,12751.0,445,1,268.27,1,1,2,112,Regular Customers
United Kingdom,15041.0,170,2,260.95,3,2,2,322,Premium Customers
United Kingdom,14169.0,431,2,441.91,1,2,3,123,Regular Customers
United Kingdom,14761.0,59,3,418.07,4,3,2,432,Premium Customers
United Kingdom,16998.0,150,4,212.4,3,4,2,342,Premium Customers
United Kingdom,15728.0,380,2,544.6,2,2,3,223,Regular Customers
United Kingdom,14126.0,11,2,606.4300000000001,5,2,3,523,Premium Customers
United Kingdom,14866.0,11,8,890.48,5,5,4,554,Premium Customers
United Kingdom,17161.0,444,1,751.21,1,2,3,123,Regular Customers
Italy,12578.0,21,4,3454.7000000000003,4,3,5,435,Premium Customers
United Kingdom,17840.0,444,1,165.95,1,2,1,121,Regular Customers
United Kingdom,14570.0,281,3,356.95,2,3,2,232,Regular Customers
United Kingdom,15761.0,443,1,37.95,1,1,1,111,Regular Customers
United Kingdom,16857.0,443,1,271.2,1,2,2,122,Regular Customers
United Kingdom,13519.0,78,2,299.41,3,2,2,322,Premium Customers
United Kingdom,13264.0,443,1,657.0600000000001,1,1,3,113,Regular Customers
United Kingdom,18107.0,442,1,116.04,1,2,1,121,Regular Customers
United Kingdom,15140.0,52,8,2342.65,4,5,5,455,Premium Customers
United Kingdom,16856.0,15,3,342.59000000000003,5,3,2,532,Premium Customers
United Kingdom,18193.0,165,3,1019.06,3,3,4,334,Premium Customers
United Kingdom,15476.0,380,4,1315.91,2,4,4,244,Regular Customers
United Kingdom,16298.0,23,6,603.35,4,4,3,443,Premium Customers
United Kingdom,16546.0,291,5,1564.45,2,4,4,244,Regular Customers
United Kingdom,16261.0,17,6,909.71,5,4,4,544,Premium Customers
United Kingdom,16775.0,10,16,2132.09,5,5,5,555,Premium Customers
United Kingdom,14992.0,442,1,193.5,1,1,1,111,Regular Customers
United Kingdom,17134.0,107,3,360.95,3,3,2,332,Premium Customers
United Kingdom,13851.0,96,7,3097.1800000000003,3,4,5,345,Premium Customers
United Kingdom,16531.0,22,11,1894.88,4,5,4,454,Premium Customers
United Kingdom,14875.0,108,3,1465.66,3,3,4,334,Premium Customers
United Kingdom,17567.0,7,9,3282.17,5,5,5,555,Premium Customers
United Kingdom,16140.0,66,3,978.82,3,3,4,334,Premium Customers
Channel Islands,14934.0,82,5,2620.85,3,4,5,345,Premium Customers
United Kingdom,17396.0,149,5,723.75,3,4,3,343,Premium Customers
United Kingdom,14226.0,30,5,1829.49,4,4,4,444,Premium Customers
United Kingdom,17062.0,314,6,816.66,2,4,3,243,Regular Customers
United Kingdom,14094.0,440,1,234.37,1,1,2,112,Regular Customers
United Kingdom,14269.0,439,1,180.33,1,1,1,111,Regular Customers
United Kingdom,13118.0,20,9,2011.91,4,5,5,455,Premium Customers
United Kingdom,14806.0,75,2,162.6,3,2,1,321,Premium Customers
United Kingdom,13281.0,439,1,344.55,1,1,2,112,Regular Customers
United Kingdom,15469.0,50,3,571.0,4,3,3,433,Premium Customers
United Kingdom,17919.0,88,2,817.8,3,3,3,333,Premium Customers
United Kingdom,17315.0,2,41,6992.1900000000005,5,5,5,555,New Customers
United Kingdom,15616.0,438,1,233.76,1,1,2,112,Regular Customers
Finland,12348.0,249,4,312.36,2,3,2,232,Premium Customers
United Kingdom,16211.0,89,2,572.79,3,2,3,323,Premium Customers
United Kingdom,17524.0,361,3,469.1,2,3,3,233,Regular Customers
United Kingdom,17280.0,438,1,118.86,1,2,1,121,Regular Customers
United Kingdom,13139.0,16,8,4316.9,5,4,5,545,Premium Customers
United Kingdom,16362.0,32,6,851.57,4,4,3,443,Premium Customers
United Kingdom,13073.0,411,2,331.43,1,2,2,122,Regular Customers
United Kingdom,14423.0,218,2,162.05,2,2,1,221,Premium Customers
United Kingdom,16269.0,438,1,662.25,1,1,3,113,Regular Customers
United Kingdom,13970.0,386,2,359.35,2,2,2,222,Regular Customers
United Kingdom,17450.0,11,11,3554.16,5,5,5,555,Premium Customers
United Kingdom,15347.0,366,4,687.85,2,4,3,243,Regular Customers
United Kingdom,13386.0,414,2,531.86,1,2,3,123,Regular Customers
United Kingdom,14597.0,11,5,771.81,5,4,3,543,Premium Customers
United Kingdom,17007.0,51,7,847.11,4,4,3,443,Premium Customers
United Kingdom,16198.0,75,2,847.6410000000001,3,2,3,323,Premium Customers
United Kingdom,15871.0,437,1,6.7,1,1,1,111,Regular Customers
United Kingdom,13754.0,152,3,244.2,3,3,2,332,Premium Customers
United Kingdom,14410.0,92,11,2214.83,3,5,5,355,Premium Customers
United Kingdom,13927.0,75,2,652.04,3,2,3,323,Premium Customers
United Kingdom,16237.0,437,1,104.85,1,1,1,111,Regular Customers
United Kingdom,12964.0,437,1,92.49,1,1,1,111,Regular Customers
United Kingdom,13639.0,74,2,959.27,3,2,4,324,Premium Customers
United Kingdom,16148.0,437,1,218.5,1,1,2,112,Regular Customers
United Kingdom,12946.0,437,1,293.8,1,1,2,112,Regular Customers
United Kingdom,13804.0,31,9,2829.22,4,5,5,455,Premium Customers
United Kingdom,16783.0,437,1,376.05,1,2,2,122,Regular Customers
United Kingdom,14843.0,437,1,211.8,1,1,2,112,Regular Customers
United Kingdom,14891.0,148,4,1020.45,3,3,4,334,Premium Customers
United Kingdom,17257.0,437,1,68.35,1,2,1,121,Regular Customers
United Kingdom,14829.0,29,7,1349.63,4,4,4,444,Premium Customers
United Kingdom,14449.0,19,8,2040.81,5,4,5,545,Premium Customers
United Kingdom,14510.0,376,3,686.1899999999999,2,3,3,233,Regular Customers
United Kingdom,13257.0,436,1,81.95,1,1,1,111,Regular Customers
United Kingdom,16489.0,380,2,45.7,2,2,1,221,Regular Customers
United Kingdom,16490.0,436,1,205.41000000000005,1,1,2,112,Regular Customers
Sweden,12661.0,436,1,162.0,1,1,1,111,Regular Customers
United Kingdom,13556.0,429,2,186.9,1,2,1,121,Regular Customers
United Kingdom,14004.0,43,11,4122.06,4,5,5,455,Premium Customers
United Kingdom,13962.0,22,3,245.6,4,3,2,432,Premium Customers
United Kingdom,16368.0,2,3,554.1,5,3,3,533,Premium Customers
United Kingdom,14953.0,25,4,764.95,4,3,3,433,Premium Customers
United Kingdom,13966.0,435,1,263.3,1,1,2,112,Regular Customers
France,12562.0,8,9,3302.64,5,5,5,555,Premium Customers
United Kingdom,16214.0,171,4,1359.95,3,4,4,344,Premium Customers
United Kingdom,14742.0,435,1,507.25,1,1,3,113,Regular Customers
United Kingdom,15736.0,435,2,1324.64,1,2,4,124,Regular Customers
United Kingdom,16958.0,435,1,655.45,1,2,3,123,Regular Customers
United Kingdom,14800.0,48,17,5453.6,4,5,5,455,New Customers
United Kingdom,15960.0,374,4,303.45,2,4,2,242,Regular Customers
United Kingdom,13108.0,373,2,398.3,2,2,2,222,Regular Customers
Channel Islands,14568.0,435,1,838.6,1,1,3,113,Regular Customers
United Kingdom,15243.0,74,2,872.27,3,2,4,324,Premium Customers
United Kingdom,13763.0,63,2,443.1,3,2,3,323,Premium Customers
Switzerland,12457.0,86,3,1215.93,3,3,4,334,Premium Customers
United Kingdom,16044.0,435,1,307.94,1,1,2,112,Regular Customers
United Kingdom,14657.0,18,6,1238.69,5,4,4,544,Premium Customers
Austria,12817.0,281,3,570.98,2,3,3,233,Regular Customers
United Kingdom,17533.0,435,1,34.8,1,2,1,121,Regular Customers
United Kingdom,16306.0,214,7,987.92,2,4,4,244,Premium Customers
United Kingdom,14303.0,407,2,277.94,2,2,2,222,Regular Customers
United Kingdom,17521.0,30,5,1154.99,4,4,4,444,Premium Customers
United Kingdom,13002.0,318,3,387.18,2,3,2,232,Regular Customers
United Kingdom,15261.0,135,4,1335.95,3,4,4,344,Premium Customers
United Kingdom,17360.0,17,6,962.81,5,4,4,544,Premium Customers
United Kingdom,15276.0,66,4,509.85,3,4,3,343,Premium Customers
United Kingdom,15190.0,434,1,634.83,1,1,3,113,Regular Customers
United Kingdom,16606.0,404,2,293.91,2,3,2,232,Regular Customers
United Kingdom,13198.0,10,8,4478.49,5,4,5,545,Premium Customers
Germany,12652.0,331,2,797.53,2,2,3,223,Regular Customers
United Kingdom,18266.0,434,1,251.1,1,2,2,122,Regular Customers
United Kingdom,13380.0,433,1,62.4,1,1,1,111,Regular Customers
United Kingdom,17022.0,31,2,200.3,4,3,1,431,Premium Customers
United Kingdom,13674.0,433,1,183.88,1,1,1,111,Regular Customers
United Kingdom,18270.0,38,3,406.3,4,3,2,432,Premium Customers
United Kingdom,16848.0,53,4,1394.62,4,4,4,444,Premium Customers
United Kingdom,13014.0,11,10,3129.67,5,5,5,555,Premium Customers
United Kingdom,14254.0,433,1,553.33,1,1,3,113,Regular Customers
United Kingdom,15351.0,12,10,2909.2,5,5,5,555,Premium Customers
United Kingdom,13642.0,216,4,364.7,2,3,2,232,Premium Customers
United Kingdom,14310.0,433,1,492.1,1,1,3,113,Regular Customers
United Kingdom,15859.0,432,1,244.16,1,1,2,112,Regular Customers
United Kingdom,14392.0,432,1,206.7,1,1,2,112,Regular Customers
United Kingdom,14008.0,432,1,509.04,1,1,3,113,Regular Customers
United Kingdom,16407.0,13,12,2169.75,5,5,5,555,Premium Customers
United Kingdom,15143.0,226,2,465.68,2,2,3,223,Premium Customers
United Kingdom,13245.0,51,2,766.87,4,2,3,423,Premium Customers
United Kingdom,14462.0,66,12,1815.22,3,5,4,354,Premium Customers
United Kingdom,16312.0,432,1,158.4,1,1,1,111,Regular Customers
United Kingdom,14579.0,432,1,89.66,1,1,1,111,Regular Customers
United Kingdom,15579.0,69,5,846.48,3,4,3,343,Premium Customers
United Kingdom,13326.0,432,1,256.26,1,1,2,112,Regular Customers
United Kingdom,16817.0,3,13,2100.21,5,5,5,555,Premium Customers
United Kingdom,17375.0,199,4,577.61,2,4,3,243,Premium Customers
United Kingdom,15159.0,2,32,16738.420000000002,5,5,5,555,New Customers
United Kingdom,17621.0,21,6,1617.24,4,4,4,444,Premium Customers
United Kingdom,13367.0,432,1,359.4,1,1,2,112,Regular Customers
United Kingdom,16476.0,432,1,290.85,1,1,2,112,Regular Customers
United Kingdom,13441.0,92,2,516.56,3,2,3,323,Premium Customers
United Kingdom,18284.0,432,1,286.88,1,2,2,122,Regular Customers
United Kingdom,14065.0,389,3,720.92,2,3,3,233,Regular Customers
Sweden,12486.0,432,1,765.0,1,1,3,113,Regular Customers
United Kingdom,14353.0,215,3,356.6,2,3,2,232,Premium Customers
United Kingdom,15392.0,5,7,2404.75,5,4,5,545,Premium Customers
United Kingdom,13144.0,333,2,71.6,2,2,1,221,Regular Customers
United Kingdom,15730.0,66,5,1469.86,3,4,4,344,Premium Customers
United Kingdom,15778.0,431,1,282.45,1,1,2,112,Regular Customers
United Kingdom,15346.0,333,3,563.22,2,3,3,233,Regular Customers
United Kingdom,16061.0,431,1,29.75,1,1,1,111,Regular Customers
United Kingdom,13035.0,74,3,649.2,3,3,3,333,Premium Customers
United Kingdom,14314.0,107,2,203.28,3,2,2,322,Premium Customers
United Kingdom,13177.0,65,2,512.2,3,2,3,323,Premium Customers
United Kingdom,18244.0,431,1,265.84,1,2,2,122,Regular Customers
United Kingdom,13964.0,387,2,404.9,2,2,2,222,Regular Customers
United Kingdom,14470.0,12,3,482.39,5,3,3,533,Premium Customers
United Kingdom,14991.0,430,1,186.2,1,1,1,111,Regular Customers
United Kingdom,15490.0,430,1,202.9,1,1,2,112,Regular Customers
United Kingdom,14663.0,430,2,357.43,1,2,2,122,Regular Customers
United Kingdom,16348.0,32,8,1393.34,4,5,4,454,Premium Customers
Spain,17097.0,2,9,988.66,5,5,4,554,Premium Customers
United Kingdom,17657.0,430,1,126.0,1,2,1,121,Regular Customers
United Kingdom,13306.0,430,1,53.65,1,1,1,111,Regular Customers
United Kingdom,15782.0,10,4,1668.5800000000002,5,4,4,544,Premium Customers
United Kingdom,14350.0,274,3,792.52,2,3,3,233,Regular Customers
United Kingdom,16760.0,430,1,228.0,1,2,2,122,Regular Customers
United Kingdom,15857.0,19,2,300.78,5,2,2,522,Premium Customers
United Kingdom,15128.0,60,5,1546.72,3,4,4,344,Premium Customers
United Kingdom,13055.0,78,4,2099.29,3,3,5,335,Premium Customers
United Kingdom,13033.0,357,2,220.55,2,2,2,222,Regular Customers
Belgium,13022.0,430,1,50.3,1,1,1,111,Regular Customers
United Kingdom,15934.0,418,2,357.66,1,2,2,122,Regular Customers
United Kingdom,17429.0,128,5,1190.41,3,4,4,344,Premium Customers
United Kingdom,16437.0,381,2,301.25,2,2,2,222,Regular Customers
United Kingdom,13818.0,430,1,61.28,1,1,1,111,Regular Customers
United Kingdom,14810.0,41,13,2291.48,4,5,5,455,Premium Customers
United Kingdom,17045.0,113,4,499.29,3,4,3,343,Premium Customers
United Kingdom,17008.0,429,1,81.36,1,2,1,121,Regular Customers
United Kingdom,16149.0,5,3,356.46,5,3,2,532,Premium Customers
United Kingdom,15973.0,367,2,195.1,2,2,1,221,Regular Customers
United Kingdom,14339.0,243,2,470.47,2,2,3,223,Premium Customers
United Kingdom,13423.0,429,1,207.08,1,1,2,112,Regular Customers
United Kingdom,17525.0,360,3,641.1,2,3,3,233,Regular Customers
Greece,12511.0,429,1,2496.71,1,1,5,115,Regular Customers
United Kingdom,17249.0,429,1,68.03,1,2,1,121,Regular Customers
United Kingdom,14490.0,406,2,1180.79,2,2,4,224,Regular Customers
United Kingdom,14118.0,429,1,262.35,1,1,2,112,Regular Customers
United Kingdom,12903.0,429,1,785.85,1,1,3,113,Regular Customers
United Kingdom,13569.0,17,4,639.74,5,3,3,533,Premium Customers
United Kingdom,17354.0,51,3,415.36,4,3,2,432,Premium Customers
United Kingdom,14266.0,428,1,40.56,1,1,1,111,Regular Customers
Australia,12393.0,72,6,1877.7,3,4,4,344,Premium Customers
United Kingdom,16980.0,255,3,1122.93,2,3,4,234,Premium Customers
United Kingdom,16411.0,19,4,730.54,5,4,3,543,Premium Customers
United Kingdom,15314.0,199,3,669.08,2,3,3,233,Premium Customers
United Kingdom,16350.0,21,8,1814.11,4,5,4,454,Premium Customers
United Kingdom,15931.0,428,1,199.95,1,1,1,111,Regular Customers
United Kingdom,14358.0,389,2,400.06,2,2,2,222,Regular Customers
United Kingdom,16111.0,428,1,418.83,1,1,2,112,Regular Customers
United Kingdom,15598.0,53,2,521.07,4,2,3,423,Premium Customers
United Kingdom,17196.0,428,1,272.05,1,2,2,122,Regular Customers
United Kingdom,17864.0,13,5,798.99,5,4,3,543,Premium Customers
United Kingdom,15281.0,59,16,6846.21,4,5,5,455,New Customers
Portugal,12811.0,262,4,851.6,2,3,3,233,Premium Customers
United Kingdom,14904.0,2,4,1067.47,5,3,4,534,Premium Customers
United Kingdom,13406.0,427,1,105.0,1,1,1,111,Regular Customers
United Kingdom,14846.0,427,1,183.6,1,1,1,111,Regular Customers
United Kingdom,15708.0,41,9,3121.94,4,5,5,455,Premium Customers
United Kingdom,14127.0,123,6,1489.38,3,4,4,344,Premium Customers
United Kingdom,16579.0,426,1,224.7,1,1,2,112,Regular Customers
United Kingdom,17152.0,195,4,539.6,2,4,3,243,Premium Customers
United Kingdom,15177.0,426,1,401.75,1,1,2,112,Regular Customers
United Kingdom,15645.0,19,3,809.12,5,3,3,533,Premium Customers
United Kingdom,13083.0,4,3,245.88,5,3,2,532,Premium Customers
United Kingdom,14390.0,10,13,4618.13,5,5,5,555,Premium Customers
United Kingdom,15038.0,59,9,758.23,4,5,3,453,Premium Customers
United Kingdom,14571.0,425,1,111.7,1,1,1,111,Regular Customers
United Kingdom,17111.0,47,2,360.66,4,3,2,432,Premium Customers
United Kingdom,16122.0,73,6,545.82,3,4,3,343,Premium Customers
United Kingdom,13362.0,9,7,4718.77,5,4,5,545,Premium Customers
United Kingdom,15277.0,47,2,462.42,4,2,3,423,Premium Customers
United Kingdom,13747.0,425,1,50.4,1,1,1,111,Regular Customers
Portugal,12356.0,246,5,1939.43,2,4,4,244,Premium Customers
United Kingdom,14756.0,15,3,1739.28,5,3,4,534,Premium Customers
United Kingdom,15948.0,8,3,1462.29,5,3,4,534,Premium Customers
United Kingdom,14412.0,43,3,1136.89,4,3,4,434,Premium Customers
United Kingdom,17264.0,424,1,214.38,1,2,2,122,Regular Customers
Portugal,12797.0,366,2,435.43,2,2,3,223,Regular Customers
United Kingdom,16527.0,81,2,1035.19,3,2,4,324,Premium Customers
United Kingdom,14319.0,424,1,473.85,1,1,3,113,Regular Customers
United Kingdom,15834.0,70,6,2784.42,3,4,5,345,Premium Customers
United Kingdom,17004.0,46,4,1293.74,4,4,4,444,Premium Customers
United Kingdom,17273.0,424,1,141.12,1,2,1,121,Regular Customers
United Kingdom,15024.0,10,15,2948.68,5,5,5,555,Premium Customers
United Kingdom,13546.0,12,5,924.64,5,4,4,544,Premium Customers
United Kingdom,17710.0,424,1,200.36,1,2,1,121,Regular Customers
United Kingdom,13912.0,424,1,124.95,1,1,1,111,Regular Customers
United Kingdom,16281.0,72,2,489.9,3,2,3,323,Premium Customers
France,12655.0,424,1,181.7,1,1,1,111,Regular Customers
United Kingdom,13368.0,257,4,878.28,2,3,4,234,Premium Customers
United Kingdom,17094.0,322,2,354.5,2,3,2,232,Regular Customers
United Kingdom,14981.0,246,2,372.92,2,2,2,222,Premium Customers
United Kingdom,14746.0,416,2,80.7,1,2,1,121,Regular Customers
United Kingdom,17708.0,188,4,824.6800000000001,3,4,3,343,Premium Customers
United Kingdom,15208.0,1,6,527.07,5,4,3,543,Premium Customers
United Kingdom,17104.0,424,1,342.28,1,2,2,122,Regular Customers
United Kingdom,14240.0,30,3,1083.34,4,3,4,434,Premium Customers
United Kingdom,13968.0,423,1,78.3,1,1,1,111,Regular Customers
France,12553.0,8,12,3519.07,5,5,5,555,Premium Customers
United Kingdom,14263.0,423,1,322.93,1,1,2,112,Regular Customers
United Kingdom,16263.0,423,1,236.08,1,1,2,112,Regular Customers
USA,12467.0,423,1,132.8,1,1,1,111,Regular Customers
United Kingdom,17944.0,423,1,67.03999999999999,1,2,1,121,Regular Customers
Sweden,12629.0,386,2,635.72,2,2,3,223,Regular Customers
United Kingdom,16643.0,246,2,836.9100000000001,2,3,3,233,Premium Customers
United Kingdom,18239.0,219,6,1591.51,2,4,4,244,Premium Customers
United Kingdom,13792.0,66,3,286.25,3,3,2,332,Premium Customers
United Kingdom,16418.0,45,5,798.94,4,4,3,443,Premium Customers
United Kingdom,16238.0,423,1,63.66,1,1,1,111,Regular Customers
United Kingdom,15134.0,15,10,1484.45,5,5,4,554,Premium Customers
United Kingdom,15356.0,31,13,3183.57,4,5,5,455,Premium Customers
United Kingdom,17814.0,375,2,1308.4,2,3,4,234,Regular Customers
United Kingdom,17580.0,312,4,472.62,2,4,3,243,Regular Customers
United Kingdom,13832.0,19,2,336.01,5,2,2,522,Premium Customers
United Kingdom,16120.0,59,5,1065.27,4,4,4,444,Premium Customers
United Kingdom,17817.0,4,5,498.45,5,4,3,543,Premium Customers
United Kingdom,12900.0,422,1,268.08,1,1,2,112,Regular Customers
United Kingdom,15242.0,422,1,47.400000000000006,1,1,1,111,Regular Customers
United Kingdom,14696.0,4,8,2079.27,5,5,5,555,Premium Customers
United Kingdom,13194.0,136,2,247.9,3,2,2,322,Premium Customers
United Kingdom,14929.0,32,2,698.33,4,2,3,423,Premium Customers
Japan,12798.0,422,1,43.49,1,1,1,111,Regular Customers
United Kingdom,18090.0,422,1,220.65,1,2,2,122,Regular Customers
United Kingdom,17717.0,421,1,261.62,1,2,2,122,Regular Customers
United Kingdom,13395.0,185,3,879.57,3,3,4,334,Premium Customers
United Kingdom,16935.0,382,3,530.86,2,3,3,233,Regular Customers
United Kingdom,17629.0,6,10,1940.27,5,5,4,554,Premium Customers
United Kingdom,17796.0,40,7,1000.74,4,4,4,444,Premium Customers
United Kingdom,15735.0,421,1,293.78,1,1,2,112,Regular Customers
United Kingdom,17751.0,421,1,122.69,1,2,1,121,Regular Customers
United Kingdom,16991.0,421,1,1010.19,1,2,4,124,Regular Customers
United Kingdom,14975.0,57,2,218.35,4,2,2,422,Premium Customers
United Kingdom,15160.0,357,4,451.27,2,3,3,233,Regular Customers
United Kingdom,17823.0,421,2,380.45,1,3,2,132,Regular Customers
United Kingdom,15114.0,30,12,3168.2,4,5,5,455,Premium Customers
United Kingdom,15626.0,75,3,939.16,3,3,4,334,Premium Customers
France,12694.0,70,3,954.05,3,3,4,334,Premium Customers
United Kingdom,14088.0,10,14,17866.07,5,5,5,555,New Customers
United Kingdom,17510.0,25,2,461.34,4,3,3,433,Premium Customers
United Kingdom,18018.0,108,4,92.94,3,4,1,341,Premium Customers
United Kingdom,17202.0,421,1,160.65,1,2,1,121,Regular Customers
United Kingdom,17390.0,421,1,149.29999999999998,1,2,1,121,Regular Customers
United Kingdom,15181.0,66,4,363.0,3,4,2,342,Premium Customers
France,12691.0,58,5,777.8,4,4,3,443,Premium Customers
United Kingdom,15957.0,32,3,874.5,4,3,4,434,Premium Customers
Spain,12445.0,22,2,378.98,4,2,2,422,Premium Customers
United Kingdom,17687.0,421,1,381.68,1,2,2,122,Regular Customers
United Kingdom,13692.0,25,4,1414.25,4,3,4,434,Premium Customers
United Kingdom,17938.0,420,1,128.39,1,2,1,121,Regular Customers
United Kingdom,17316.0,420,1,124.45,1,2,1,121,Regular Customers
United Kingdom,14868.0,3,12,3836.26,5,5,5,555,Premium Customers
United Kingdom,16810.0,192,2,598.0400000000001,2,3,3,233,Premium Customers
United Kingdom,15688.0,419,1,172.67000000000002,1,1,1,111,Regular Customers
United Kingdom,16381.0,396,2,200.2,2,2,1,221,Regular Customers
United Kingdom,16676.0,34,6,1512.98,4,4,4,444,Premium Customers
United Kingdom,15772.0,418,1,224.08,1,1,2,112,Regular Customers
United Kingdom,15799.0,76,4,1202.97,3,4,4,344,Premium Customers
United Kingdom,14712.0,29,4,1262.73,4,3,4,434,Premium Customers
United Kingdom,17703.0,35,4,1071.44,4,4,4,444,Premium Customers
Switzerland,12376.0,418,1,112.55,1,1,1,111,Regular Customers
United Kingdom,13516.0,73,3,805.36,3,3,3,333,Premium Customers
United Kingdom,14741.0,12,7,1583.09,5,4,4,544,Premium Customers
United Kingdom,12939.0,335,3,244.08,2,3,2,232,Regular Customers
United Kingdom,16069.0,418,1,318.5,1,1,2,112,Regular Customers
Germany,12699.0,418,1,517.26,1,1,3,113,Regular Customers
United Kingdom,16996.0,30,9,1966.13,4,5,5,455,Premium Customers
United Kingdom,13387.0,417,1,169.04,1,1,1,111,Regular Customers
United Kingdom,16141.0,88,2,650.59,3,2,3,323,Premium Customers
United Kingdom,13079.0,4,6,419.18,5,4,2,542,Premium Customers
United Kingdom,17026.0,370,2,41.4,2,3,1,231,Regular Customers
United Kingdom,13088.0,417,1,134.26,1,1,1,111,Regular Customers
United Kingdom,15710.0,417,1,754.8,1,1,3,113,Regular Customers
United Kingdom,17655.0,11,9,1629.98,5,5,4,554,Premium Customers
United Kingdom,17219.0,32,2,250.88,4,3,2,432,Premium Customers
United Kingdom,14524.0,32,13,2377.9,4,5,5,455,Premium Customers
United Kingdom,15011.0,396,2,375.8,2,2,2,222,Regular Customers
United Kingdom,14585.0,50,5,692.42,4,4,3,443,Premium Customers
United Kingdom,14332.0,23,5,1584.05,4,4,4,444,Premium Customers
United Kingdom,17967.0,372,2,185.62,2,3,1,231,Regular Customers
United Kingdom,17397.0,22,3,897.63,4,3,4,434,Premium Customers
United Kingdom,13134.0,86,6,1794.79,3,4,4,344,Premium Customers
United Kingdom,13840.0,416,1,579.8000000000001,1,1,3,113,Regular Customers
United Kingdom,13981.0,416,1,260.59000000000003,1,1,2,112,Regular Customers
United Kingdom,15608.0,60,4,1442.11,3,4,4,344,Premium Customers
United Kingdom,14617.0,403,2,136.39,2,2,1,221,Regular Customers
United Kingdom,18066.0,75,3,1148.1,3,3,4,334,Premium Customers
United Kingdom,15377.0,383,4,734.85,2,4,3,243,Regular Customers
United Kingdom,16201.0,3,5,1947.17,5,4,4,544,Premium Customers
United Kingdom,16776.0,60,2,577.56,3,3,3,333,Premium Customers
United Kingdom,15501.0,405,2,322.0,2,2,2,222,Regular Customers
United Kingdom,16916.0,24,4,760.49,4,4,3,443,Premium Customers
United Kingdom,13703.0,415,1,281.76,1,1,2,112,Regular Customers
United Kingdom,16642.0,5,3,703.77,5,3,3,533,Premium Customers
United Kingdom,16903.0,29,3,932.3,4,3,4,434,Premium Customers
United Kingdom,15647.0,415,1,169.0,1,1,1,111,Regular Customers
United Kingdom,14612.0,415,1,322.90000000000003,1,1,2,112,Regular Customers
United Kingdom,17038.0,30,2,572.78,4,3,3,433,Premium Customers
Australia,12387.0,415,1,110.04,1,1,1,111,Regular Customers
United Kingdom,16590.0,401,2,366.2,2,3,2,232,Regular Customers
United Kingdom,17924.0,12,5,814.98,5,4,3,543,Premium Customers
United Kingdom,17483.0,65,4,495.58,3,4,3,343,Premium Customers
United Kingdom,13195.0,414,1,126.78,1,1,1,111,Regular Customers
United Kingdom,13836.0,399,2,449.03,2,2,3,223,Regular Customers
Australia,12400.0,414,1,205.25,1,1,2,112,Regular Customers
United Kingdom,15995.0,414,1,502.24,1,1,3,113,Regular Customers
United Kingdom,15257.0,283,2,118.95,2,2,1,221,Regular Customers
United Kingdom,14148.0,234,2,211.29,2,2,2,222,Premium Customers
United Kingdom,13936.0,180,3,897.92,3,3,4,334,Premium Customers
United Kingdom,18243.0,414,1,452.18,1,2,3,123,Regular Customers
United Kingdom,13166.0,283,2,683.01,2,2,3,223,Regular Customers
United Kingdom,14216.0,3,5,1289.25,5,4,4,544,Premium Customers
United Kingdom,13581.0,309,2,219.48,2,2,2,222,Regular Customers
United Kingdom,16540.0,414,1,205.75,1,1,2,112,Regular Customers
United Kingdom,12899.0,414,1,209.85,1,1,2,112,Regular Customers
United Kingdom,12973.0,414,1,70.05000000000001,1,1,1,111,Regular Customers
Spain,12419.0,386,2,274.31,2,2,2,222,Regular Customers
United Kingdom,16226.0,203,5,580.35,2,4,3,243,Premium Customers
United Kingdom,14945.0,414,1,179.4,1,1,1,111,Regular Customers
United Kingdom,13746.0,414,1,163.94,1,1,1,111,Regular Customers
United Kingdom,13106.0,133,2,248.9,3,2,2,322,Premium Customers
United Kingdom,18055.0,7,13,7486.09,5,5,5,555,New Customers
Netherlands,12787.0,10,4,736.78,5,3,3,533,Premium Customers
United Kingdom,16491.0,47,2,1372.74,4,2,4,424,Premium Customers
United Kingdom,14728.0,413,1,160.73000000000002,1,1,1,111,Regular Customers
United Kingdom,13165.0,46,3,400.64,4,3,2,432,Premium Customers
United Kingdom,13263.0,1,38,7692.08,5,5,5,555,New Customers
United Kingdom,16010.0,246,11,1694.86,2,5,4,254,Premium Customers
United Kingdom,17843.0,303,2,293.55,2,3,2,232,Regular Customers
United Kingdom,13241.0,412,1,104.03,1,1,1,111,Regular Customers
United Kingdom,16024.0,12,3,276.35,5,3,2,532,Premium Customers
United Kingdom,17407.0,412,1,419.4,1,2,2,122,Regular Customers
United Kingdom,16445.0,34,4,552.76,4,4,3,443,Premium Customers
United Kingdom,16373.0,382,2,300.99,2,2,2,222,Regular Customers
United Kingdom,17260.0,411,1,81.0,1,2,1,121,Regular Customers
United Kingdom,13574.0,411,1,322.7,1,1,2,112,Regular Customers
United Kingdom,17435.0,411,1,215.85,1,2,2,122,Regular Customers
United Kingdom,16920.0,411,1,209.7,1,2,2,122,Regular Customers
United Kingdom,13977.0,411,1,257.25,1,1,2,112,Regular Customers
United Kingdom,18110.0,20,2,358.48,4,3,2,432,Premium Customers
United Kingdom,18116.0,68,13,1662.26,3,5,4,354,Premium Customers
United Kingdom,15337.0,411,1,307.72,1,1,2,112,Regular Customers
United Kingdom,13898.0,326,2,643.2,2,2,3,223,Regular Customers
United Kingdom,13565.0,19,3,407.15,5,3,2,532,Premium Customers
United Kingdom,16904.0,4,19,3553.72,5,5,5,555,Premium Customers
United Kingdom,16726.0,26,7,1757.94,4,4,4,444,Premium Customers
United Kingdom,15065.0,38,5,2333.19,4,4,5,445,Premium Customers
United Kingdom,15174.0,323,2,434.22,2,2,3,223,Regular Customers
United Kingdom,14197.0,411,1,310.7,1,1,2,112,Regular Customers
United Kingdom,16193.0,237,2,581.66,2,2,3,223,Premium Customers
United Kingdom,17981.0,411,1,160.01999999999998,1,2,1,121,Regular Customers
United Kingdom,15294.0,411,1,199.55,1,1,1,111,Regular Customers
United Kingdom,15370.0,71,6,2660.16,3,4,5,345,Premium Customers
United Kingdom,14690.0,44,4,586.1800000000001,4,3,3,433,Premium Customers
Netherlands,12790.0,192,2,357.75,2,2,2,222,Premium Customers
United Kingdom,15646.0,158,5,656.0600000000001,3,4,3,343,Premium Customers
United Kingdom,14718.0,410,1,139.89999999999998,2,1,1,211,Regular Customers
United Kingdom,16241.0,10,16,3340.05,5,5,5,555,Premium Customers
United Kingdom,17070.0,114,2,409.57,3,3,2,332,Premium Customers
United Kingdom,17767.0,15,2,404.8,5,3,2,532,Premium Customers
Germany,12475.0,54,2,921.3,4,2,4,424,Premium Customers
Australia,12411.0,410,1,255.4,2,1,2,212,Regular Customers
United Kingdom,16863.0,31,3,750.45,4,3,3,433,Premium Customers
United Kingdom,14673.0,3,7,2611.86,5,4,5,545,Premium Customers
United Kingdom,16785.0,410,1,460.83,2,2,3,223,Regular Customers
United Kingdom,13363.0,18,3,1524.45,5,3,4,534,Premium Customers
United Kingdom,15620.0,57,4,1511.96,4,4,4,444,Premium Customers
United Kingdom,16962.0,410,1,241.09,2,2,2,222,Regular Customers
United Kingdom,14278.0,410,1,154.83,2,1,1,211,Regular Customers
United Kingdom,16034.0,196,5,689.02,2,4,3,243,Premium Customers
United Kingdom,13578.0,409,1,76.14,2,1,1,211,Regular Customers
United Kingdom,13274.0,409,1,273.85,2,1,2,212,Regular Customers
Netherlands,12775.0,17,7,1184.06,5,4,4,544,Premium Customers
United Kingdom,16757.0,319,2,264.18,2,3,2,232,Regular Customers
United Kingdom,15773.0,6,2,251.74,5,2,2,522,Premium Customers
United Kingdom,15536.0,409,1,228.49,2,1,2,212,Regular Customers
United Kingdom,14271.0,226,2,194.28,2,2,1,221,Premium Customers
Canada,15390.0,396,2,1216.66,2,2,4,224,Regular Customers
United Kingdom,16639.0,31,4,1383.68,4,4,4,444,Premium Customers
United Kingdom,15876.0,409,1,185.4,2,1,1,211,Regular Customers
Sweden,12537.0,409,1,602.99,2,1,3,213,Regular Customers
Italy,12505.0,409,1,583.8,2,1,3,213,Regular Customers
United Kingdom,14475.0,72,4,908.31,3,3,4,334,Premium Customers
Italy,12563.0,409,1,221.24,2,1,2,212,Regular Customers
Italy,12591.0,317,3,942.65,2,3,4,234,Regular Customers
United Kingdom,16188.0,45,5,1006.72,4,4,4,444,Premium Customers
United Kingdom,16433.0,28,2,320.92,4,2,2,422,Premium Customers
Bahrain,12353.0,204,2,347.06,2,2,2,222,Premium Customers
United Kingdom,13547.0,408,1,148.63,2,1,1,211,Regular Customers
United Kingdom,17000.0,396,2,312.70000000000005,2,3,2,232,Regular Customers
United Kingdom,14281.0,408,1,103.65,2,1,1,211,Regular Customers
United Kingdom,15328.0,408,1,67.64,2,1,1,211,Regular Customers
Portugal,12766.0,4,9,6806.28,5,5,5,555,Premium Customers
United Kingdom,15285.0,408,1,79.8,2,1,1,211,Regular Customers
United Kingdom,16343.0,16,3,460.22,5,3,3,533,Premium Customers
United Kingdom,16630.0,407,1,106.8,2,2,1,221,Regular Customers
United Kingdom,16183.0,67,4,846.21,3,4,3,343,Premium Customers
United Kingdom,13669.0,51,3,205.2,4,3,2,432,Premium Customers
United Kingdom,16265.0,9,12,4944.58,5,5,5,555,Premium Customers
United Kingdom,14294.0,407,1,358.34,2,1,2,212,Regular Customers
United Kingdom,14834.0,18,7,1560.28,5,4,4,544,Premium Customers
United Kingdom,16780.0,100,3,521.8,3,3,3,333,Premium Customers
United Kingdom,13780.0,7,3,611.4200000000001,5,3,3,533,Premium Customers
United Kingdom,17974.0,25,6,1542.78,4,4,4,444,Premium Customers
United Kingdom,16635.0,407,1,473.0,2,2,3,223,Regular Customers
United Kingdom,15170.0,407,1,81.15,2,1,1,211,Regular Customers
United Kingdom,17334.0,302,3,453.9,2,3,3,233,Regular Customers
United Kingdom,17934.0,59,2,635.58,4,3,3,433,Premium Customers
United Kingdom,17821.0,406,1,258.3,2,2,2,222,Regular Customers
United Kingdom,13282.0,18,4,907.99,5,3,4,534,Premium Customers
United Kingdom,13580.0,406,1,67.8,2,1,1,211,Regular Customers
United Kingdom,16058.0,406,1,62.7,2,1,1,211,Regular Customers
United Kingdom,12608.0,405,1,159.95,2,1,1,211,Regular Customers
Germany,12601.0,190,6,431.81,2,4,3,243,Premium Customers
United Kingdom,16724.0,405,1,147.35,2,2,1,221,Regular Customers
United Kingdom,18278.0,74,2,384.35,3,3,2,332,Premium Customers
United Kingdom,14848.0,405,1,166.32,2,1,1,211,Regular Customers
United Kingdom,17413.0,405,1,131.1,2,2,1,221,Regular Customers
United Kingdom,13833.0,159,2,439.31,3,2,3,323,Premium Customers
United Kingdom,15675.0,81,4,402.71,3,4,2,342,Premium Customers
Iceland,12347.0,2,8,3888.01,5,4,5,545,Premium Customers
United Kingdom,17951.0,40,4,526.98,4,4,3,443,Premium Customers
United Kingdom,14429.0,404,1,482.28,2,1,3,213,Regular Customers
United Kingdom,16876.0,404,1,127.51,2,2,1,221,Regular Customers
United Kingdom,14777.0,404,1,232.2,2,1,2,212,Regular Customers
United Kingdom,15729.0,213,3,192.55,2,3,1,231,Premium Customers
United Kingdom,18127.0,19,4,446.24,5,4,3,543,Premium Customers
Germany,12492.0,63,3,543.36,3,3,3,333,Premium Customers
United Kingdom,13359.0,64,2,770.26,3,2,3,323,Premium Customers
United Kingdom,13597.0,400,2,389.15,2,2,2,222,Regular Customers
United Kingdom,14206.0,239,3,1004.61,2,3,4,234,Premium Customers
United Kingdom,17121.0,403,1,255.04,2,2,2,222,Regular Customers
United Kingdom,13607.0,40,2,866.86,4,2,4,424,Premium Customers
United Kingdom,13937.0,169,2,786.9,3,2,3,323,Premium Customers
United Kingdom,13251.0,402,1,252.68,2,1,2,212,Regular Customers
United Kingdom,13453.0,166,3,624.89,3,3,3,333,Premium Customers
Spain,12413.0,67,4,652.15,3,3,3,333,Premium Customers
United Kingdom,16016.0,3,11,1655.15,5,5,4,554,Premium Customers
United Kingdom,13523.0,33,6,2622.92,4,4,5,445,Premium Customers
United Kingdom,14733.0,16,14,6418.2,5,5,5,555,New Customers
United Kingdom,17276.0,402,1,374.39,2,2,2,222,Regular Customers
United Kingdom,13310.0,28,5,1393.1,4,4,4,444,Premium Customers
United Kingdom,17363.0,395,3,407.76,2,3,2,232,Regular Customers
United Kingdom,12855.0,373,3,369.59,2,3,2,232,Regular Customers
United Kingdom,15458.0,25,2,351.72,4,2,2,422,Premium Customers
United Kingdom,13331.0,402,1,116.7,2,1,1,211,Regular Customers
Germany,12673.0,5,3,970.92,5,3,4,534,Premium Customers
United Kingdom,15915.0,402,1,286.26,2,1,2,212,Regular Customers
United Kingdom,16865.0,402,1,73.35,2,2,1,221,Regular Customers
United Kingdom,15336.0,402,1,185.0,2,1,1,211,Regular Customers
Portugal,12793.0,335,3,647.73,2,3,3,233,Regular Customers
United Kingdom,17420.0,50,6,823.9300000000001,4,4,3,443,Premium Customers
United Kingdom,14494.0,26,2,287.16,4,2,2,422,Premium Customers
United Kingdom,13500.0,23,4,1240.68,4,3,4,434,Premium Customers
United Kingdom,15233.0,401,1,59.400000000000006,2,1,1,211,Regular Customers
United Kingdom,13686.0,183,3,409.04,3,3,2,332,Premium Customers
United Kingdom,15158.0,45,2,126.48,4,2,1,421,Premium Customers
United Kingdom,17254.0,5,3,425.38,5,3,3,533,Premium Customers
United Kingdom,16542.0,54,2,257.32,4,2,2,422,Premium Customers
United Kingdom,16178.0,138,2,473.3,3,2,3,323,Premium Customers
Norway,15481.0,401,1,567.0,2,1,3,213,Regular Customers
United Kingdom,13034.0,55,3,708.97,4,3,3,433,Premium Customers
United Kingdom,13049.0,64,4,796.4399999999999,3,3,3,333,Premium Customers
United Kingdom,16712.0,18,12,2961.77,5,5,5,555,Premium Customers
United Kingdom,16050.0,174,3,223.28,3,3,2,332,Premium Customers
United Kingdom,13987.0,380,2,666.64,2,2,3,223,Regular Customers
United Kingdom,15724.0,201,3,310.85,2,3,2,232,Premium Customers
United Kingdom,14737.0,4,4,1560.25,5,3,4,534,Premium Customers
United Kingdom,15379.0,169,8,4241.21,3,5,5,355,Premium Customers
United Kingdom,17702.0,30,6,2207.11,4,4,5,445,Premium Customers
United Kingdom,12914.0,401,1,81.06,2,1,1,211,Regular Customers
United Kingdom,13258.0,12,5,657.13,5,4,3,543,Premium Customers
United Kingdom,14447.0,19,6,1658.93,5,4,4,544,Premium Customers
United Kingdom,17286.0,22,3,274.68,4,3,2,432,Premium Customers
United Kingdom,17977.0,29,2,839.3199999999999,4,3,3,433,Premium Customers
United Kingdom,13303.0,400,1,51.77,2,1,1,211,Regular Customers
United Kingdom,13660.0,400,1,187.79,2,1,1,211,Regular Customers
United Kingdom,13903.0,400,1,165.45000000000002,2,1,1,211,Regular Customers
United Kingdom,16228.0,385,3,579.95,2,3,3,233,Regular Customers
United Kingdom,13846.0,25,4,1159.99,4,3,4,434,Premium Customers
United Kingdom,13646.0,400,2,201.8,2,2,2,222,Regular Customers
United Kingdom,13996.0,386,2,690.7800000000001,2,2,3,223,Regular Customers
United Kingdom,15560.0,398,2,153.51999999999998,2,2,1,221,Regular Customers
United Kingdom,16640.0,398,1,179.4,2,2,1,221,Regular Customers
United Kingdom,18083.0,398,1,299.99,2,2,2,222,Regular Customers
United Kingdom,17033.0,86,4,780.1099999999999,3,4,3,343,Premium Customers
United Kingdom,16931.0,5,23,4658.3,5,5,5,555,New Customers
United Kingdom,14203.0,397,1,139.6,2,1,1,211,Regular Customers
United Kingdom,16559.0,397,1,151.15,2,1,1,211,Regular Customers
United Kingdom,16899.0,8,8,1101.45,5,5,4,554,Premium Customers
United Kingdom,15996.0,88,7,1042.56,3,4,4,344,Premium Customers
United Kingdom,12892.0,397,1,237.53,2,1,2,212,Regular Customers
United Kingdom,13138.0,22,7,1229.46,4,4,4,444,Premium Customers
United Kingdom,14927.0,397,1,308.2,2,1,2,212,Regular Customers
United Kingdom,14193.0,68,3,1078.05,3,3,4,334,Premium Customers
United Kingdom,13967.0,146,2,101.4,3,2,1,321,Premium Customers
United Kingdom,17084.0,35,3,3754.29,4,3,5,435,Premium Customers
United Kingdom,16420.0,396,1,33.0,2,1,1,211,Regular Customers
United Kingdom,13738.0,396,1,389.18,2,1,2,212,Regular Customers
United Kingdom,17548.0,234,4,686.26,2,4,3,243,Premium Customers
United Kingdom,18098.0,396,1,414.69,2,2,2,222,Regular Customers
United Kingdom,13691.0,396,1,204.83,2,1,2,212,Regular Customers
United Kingdom,17274.0,35,2,500.91,4,3,3,433,Premium Customers
United Kingdom,16223.0,375,2,913.5,2,2,4,224,Regular Customers
United Kingdom,17208.0,396,1,111.15,2,2,1,221,Regular Customers
United Kingdom,17467.0,395,1,42.900000000000006,2,2,1,221,Regular Customers
United Kingdom,17983.0,395,1,116.76,2,2,1,221,Regular Customers
United Kingdom,16740.0,395,1,191.46,2,2,1,221,Regular Customers
United Kingdom,17878.0,44,3,1148.64,4,3,4,434,Premium Customers
United Kingdom,14170.0,375,3,466.83,2,3,3,233,Regular Customers
United Kingdom,14899.0,395,1,997.39,2,1,4,214,Regular Customers
United Kingdom,14077.0,41,6,454.2,4,4,3,443,Premium Customers
United Kingdom,17374.0,219,3,213.21,2,3,2,232,Premium Customers
United Kingdom,13721.0,36,2,688.34,4,2,3,423,Premium Customers
United Kingdom,12927.0,395,1,180.36,2,1,1,211,Regular Customers
United Kingdom,13671.0,395,1,172.6,2,1,1,211,Regular Customers
United Kingdom,16358.0,1,5,2843.63,5,4,5,545,Premium Customers
United Kingdom,15131.0,395,1,53.94,2,1,1,211,Regular Customers
United Kingdom,14191.0,2,14,4390.1,5,5,5,555,Premium Customers
United Kingdom,17756.0,376,3,627.24,2,3,3,233,Regular Customers
United Kingdom,15001.0,394,2,110.71,2,2,1,221,Regular Customers
United Kingdom,15529.0,23,12,4392.19,4,5,5,455,Premium Customers
United Arab Emirates,12739.0,99,2,1208.89,3,2,4,324,Premium Customers
United Kingdom,15028.0,8,6,794.96,5,4,3,543,Premium Customers
United Kingdom,17288.0,9,10,1577.2,5,5,4,554,Premium Customers
United Kingdom,13915.0,394,1,70.80000000000001,2,1,1,211,Regular Customers
United Kingdom,17903.0,394,1,331.74,2,2,2,222,Regular Customers
United Kingdom,18280.0,278,2,401.15,2,3,2,232,Regular Customers
Israel,12666.0,394,1,600.62,2,1,3,213,Regular Customers
United Kingdom,16662.0,394,1,120.85,2,2,1,221,Regular Customers
United Kingdom,15138.0,394,1,408.53,2,1,2,212,Regular Customers
United Kingdom,17688.0,394,1,256.5,2,2,2,222,Regular Customers
United Kingdom,16824.0,16,3,602.84,5,3,3,533,Premium Customers
United Kingdom,17423.0,46,3,629.59,4,3,3,433,Premium Customers
United Kingdom,16284.0,31,3,965.64,4,3,4,434,Premium Customers
United Kingdom,13226.0,273,2,289.76,2,2,2,222,Regular Customers
United Kingdom,17558.0,393,1,44.52,2,2,1,221,Regular Customers
United Kingdom,17815.0,393,1,199.2,2,2,1,221,Regular Customers
United Kingdom,17980.0,166,4,403.92,3,4,2,342,Premium Customers
Netherlands,12803.0,393,1,874.41,2,1,4,214,Regular Customers
United Kingdom,18050.0,359,2,364.2,2,3,2,232,Regular Customers
United Kingdom,14600.0,306,2,684.8100000000001,2,2,3,223,Regular Customers
United Kingdom,18054.0,393,1,176.5,2,2,1,221,Regular Customers
United Kingdom,15468.0,51,2,1084.84,4,2,4,424,Premium Customers
United Kingdom,12868.0,186,8,1955.51,3,4,5,345,Premium Customers
Norway,12352.0,36,9,1461.99,4,5,4,454,Premium Customers
United Kingdom,18007.0,393,1,189.77,2,2,1,221,Regular Customers
United Kingdom,17772.0,11,3,267.15,5,3,2,532,Premium Customers
United Kingdom,14082.0,365,2,295.01,2,2,2,222,Regular Customers
United Kingdom,13309.0,7,6,1639.36,5,4,4,544,Premium Customers
United Kingdom,17210.0,393,1,244.16,2,2,2,222,Regular Customers
France,12734.0,353,3,301.95,2,3,2,232,Regular Customers
United Kingdom,17803.0,392,1,171.91,2,2,1,221,Regular Customers
United Kingdom,13961.0,392,1,364.05,2,1,2,212,Regular Customers
United Kingdom,14024.0,122,3,488.49,3,3,3,333,Premium Customers
United Kingdom,14052.0,20,2,339.06,4,2,2,422,Premium Customers
United Kingdom,16687.0,391,1,111.13,2,2,1,221,Regular Customers
United Kingdom,17495.0,8,3,638.72,5,3,3,533,Premium Customers
United Kingdom,15512.0,156,3,227.38,3,3,2,332,Premium Customers
United Kingdom,15269.0,24,3,818.9100000000001,4,3,3,433,Premium Customers
United Kingdom,13167.0,19,5,784.96,5,4,3,543,Premium Customers
United Kingdom,16074.0,390,1,102.35,2,1,1,211,Regular Customers
United Kingdom,14684.0,26,6,1353.53,4,4,4,444,Premium Customers
United Kingdom,17544.0,390,3,679.07,2,3,3,233,Regular Customers
United Kingdom,18221.0,22,6,1284.4,4,4,4,444,Premium Customers
United Kingdom,15726.0,390,1,199.91,2,1,1,211,Regular Customers
United Kingdom,14382.0,26,2,959.9,4,2,4,424,Premium Customers
United Kingdom,14784.0,26,3,375.36,4,3,2,432,Premium Customers
United Kingdom,17992.0,389,1,225.33,2,2,2,222,Regular Customers
United Kingdom,14526.0,389,1,242.75,2,1,2,212,Regular Customers
United Kingdom,13862.0,18,9,2478.69,5,5,5,555,Premium Customers
United Kingdom,12991.0,23,3,595.22,4,3,3,433,Premium Customers
United Kingdom,17106.0,389,1,358.18,2,2,2,222,Regular Customers
United Kingdom,13094.0,206,3,252.0,2,3,2,232,Premium Customers
United Kingdom,17633.0,31,7,1810.44,4,4,4,444,Premium Customers
United Kingdom,16399.0,19,3,504.19,5,3,3,533,Premium Customers
United Kingdom,17170.0,374,2,178.68,2,3,1,231,Regular Customers
United Kingdom,17284.0,60,7,2316.41,3,4,5,345,Premium Customers
United Kingdom,16602.0,36,2,683.66,4,3,3,433,Premium Customers
United Kingdom,14189.0,2,16,4402.54,5,5,5,555,Premium Customers
Switzerland,12357.0,33,2,6542.49,4,2,5,425,Premium Customers
France,12616.0,95,3,712.9,3,3,3,333,Premium Customers
United Kingdom,16083.0,101,4,1258.34,3,4,4,344,Premium Customers
United Kingdom,14675.0,16,2,778.38,5,2,3,523,Premium Customers
United Kingdom,15235.0,218,16,2490.96,2,5,5,255,Premium Customers
United Kingdom,17203.0,36,10,1306.58,4,5,4,454,Premium Customers
United Kingdom,15968.0,388,1,295.1,2,1,2,212,Regular Customers
United Kingdom,13624.0,388,1,262.77,2,1,2,212,Regular Customers
United Kingdom,13458.0,7,16,9408.67,5,5,5,555,New Customers
United Kingdom,13789.0,388,1,239.46,2,1,2,212,Regular Customers
United Kingdom,15161.0,388,1,119.92,2,1,1,211,Regular Customers
United Kingdom,15811.0,22,7,2895.46,4,4,5,445,Premium Customers
United Kingdom,13158.0,95,5,1500.62,3,4,4,344,Premium Customers
United Kingdom,14192.0,388,1,293.74,2,1,2,212,Regular Customers
United Kingdom,16829.0,157,2,400.37,3,3,2,332,Premium Customers
United Kingdom,18256.0,388,1,96.84,2,2,1,221,Regular Customers
United Kingdom,13237.0,388,1,589.1,2,1,3,213,Regular Customers
United Kingdom,14417.0,388,1,400.99,2,1,2,212,Regular Customers
United Kingdom,16386.0,29,3,853.84,4,3,4,434,Premium Customers
United Kingdom,16006.0,211,2,316.92,2,2,2,222,Premium Customers
United Kingdom,13549.0,26,8,881.45,4,4,4,444,Premium Customers
United Kingdom,12847.0,22,2,1072.38,4,2,4,424,Premium Customers
United Kingdom,14811.0,387,1,157.75,2,1,1,211,Regular Customers
United Kingdom,16224.0,57,5,1259.75,4,4,4,444,Premium Customers
United Kingdom,15515.0,387,1,91.65,2,1,1,211,Regular Customers
United Kingdom,17418.0,42,3,516.0400000000001,4,3,3,433,Premium Customers
United Kingdom,12890.0,24,2,643.38,4,2,3,423,Premium Customers
United Kingdom,18195.0,387,1,101.16,2,2,1,221,Regular Customers
United Kingdom,15649.0,387,1,523.4,2,1,3,213,Regular Customers
United Kingdom,17995.0,282,3,338.38,2,3,2,232,Regular Customers
United Kingdom,16250.0,261,3,501.64,2,3,3,233,Premium Customers
United Kingdom,14446.0,1,5,1054.85,5,4,4,544,Premium Customers
United Kingdom,14614.0,386,1,295.13,2,1,2,212,Regular Customers
United Kingdom,17355.0,386,1,153.09,2,2,1,221,Regular Customers
United Kingdom,16973.0,386,1,127.0,2,2,1,221,Regular Customers
United Kingdom,17659.0,17,14,2888.19,5,5,5,555,Premium Customers
United Kingdom,17089.0,386,1,128.45,2,2,1,221,Regular Customers
United Kingdom,18160.0,57,3,823.13,4,3,3,433,Premium Customers
United Kingdom,17193.0,36,8,1259.26,4,5,4,454,Premium Customers
United Kingdom,17868.0,386,1,207.25,2,2,2,222,Regular Customers
United Kingdom,17532.0,386,1,65.34,2,2,1,221,Regular Customers
Channel Islands,14932.0,366,2,298.83,2,2,2,222,Regular Customers
United Kingdom,17269.0,386,1,433.91,2,2,3,223,Regular Customers
United Kingdom,16936.0,26,2,532.5,4,3,3,433,Premium Customers
United Kingdom,16599.0,386,1,141.0,2,2,1,221,Regular Customers
United Kingdom,16885.0,15,4,476.55,5,4,3,543,Premium Customers
United Kingdom,16535.0,5,2,692.17,5,2,3,523,Premium Customers
United Kingdom,17433.0,88,2,505.21,3,3,3,333,Premium Customers
United Kingdom,17386.0,8,4,281.05,5,4,2,542,Premium Customers
United Kingdom,15846.0,385,1,107.01,2,1,1,211,Regular Customers
United Kingdom,13124.0,90,4,3520.45,3,3,5,335,Premium Customers
United Kingdom,16346.0,385,1,207.0,2,1,2,212,Regular Customers
United Kingdom,14616.0,285,2,89.28,2,2,1,221,Regular Customers
United Kingdom,17648.0,61,4,1609.47,3,4,4,344,Premium Customers
United Kingdom,17493.0,385,1,100.91,2,2,1,221,Regular Customers
United Kingdom,12967.0,358,3,1264.92,2,3,4,234,Regular Customers
United Kingdom,12887.0,384,1,194.7,2,1,1,211,Regular Customers
France,12728.0,71,5,736.92,3,4,3,343,Premium Customers
United Kingdom,12858.0,383,1,87.57,2,1,1,211,Regular Customers
United Kingdom,15155.0,383,1,259.57,2,1,2,212,Regular Customers
United Kingdom,16367.0,37,3,1239.01,4,3,4,434,Premium Customers
United Kingdom,17275.0,383,1,73.45,2,2,1,221,Regular Customers
United Kingdom,16501.0,383,1,898.23,2,1,4,214,Regular Customers
Sweden,12807.0,383,1,176.6,2,1,1,211,Regular Customers
United Kingdom,17036.0,383,1,114.55,2,2,1,221,Regular Customers
United Kingdom,15350.0,373,2,547.6,2,2,3,223,Regular Customers
United Kingdom,13550.0,383,1,321.55,2,1,2,212,Regular Customers
United Kingdom,15634.0,17,2,538.75,5,2,3,523,Premium Customers
United Kingdom,18084.0,383,1,50.25000000000001,2,2,1,221,Regular Customers
United Kingdom,18210.0,2,7,2038.73,5,4,5,545,Premium Customers
United Kingdom,17782.0,383,2,577.74,2,3,3,233,Regular Customers
United Kingdom,13086.0,383,1,397.03,2,1,2,212,Regular Customers
United Kingdom,14419.0,11,7,1228.79,5,4,4,544,Premium Customers
United Kingdom,16424.0,191,2,269.06,2,2,2,222,Premium Customers
United Kingdom,16252.0,383,1,251.14,2,1,2,212,Regular Customers
United Kingdom,15525.0,2,4,724.32,5,4,3,543,Premium Customers
United Kingdom,16765.0,382,1,338.75,2,2,2,222,Regular Customers
United Kingdom,14048.0,305,2,683.54,2,2,3,223,Regular Customers
United Kingdom,16812.0,361,4,1766.18,2,4,4,244,Regular Customers
United Kingdom,16209.0,89,5,949.58,3,4,4,344,Premium Customers
United Kingdom,13651.0,40,2,103.65,4,2,1,421,Premium Customers
United Kingdom,15986.0,30,2,312.42,4,2,2,422,Premium Customers
United Kingdom,16821.0,382,1,35.7,2,2,1,221,Regular Customers
United Kingdom,17458.0,15,2,504.98,5,3,3,533,Premium Customers
United Kingdom,17237.0,11,4,917.78,5,4,4,544,Premium Customers
United Kingdom,17872.0,382,1,160.27,2,2,1,221,Regular Customers
United Kingdom,18047.0,381,2,215.79,2,3,2,232,Regular Customers
United Kingdom,14987.0,381,1,4.75,2,1,1,211,Regular Customers
United Kingdom,14176.0,297,5,696.76,2,4,3,243,Regular Customers
United Kingdom,18118.0,11,29,5165.3,5,5,5,555,New Customers
United Kingdom,14252.0,381,1,130.99,2,1,1,211,Regular Customers
Australia,12434.0,85,3,864.48,3,3,4,334,Premium Customers
United Kingdom,17766.0,381,2,265.81,2,3,2,232,Regular Customers
United Kingdom,15864.0,67,4,347.4,3,4,2,342,Premium Customers
United Kingdom,13181.0,381,1,359.69,2,1,2,212,Regular Customers
United Kingdom,14972.0,128,2,83.77000000000001,3,2,1,321,Premium Customers
United Kingdom,16001.0,381,1,570.64,2,1,3,213,Regular Customers
United Kingdom,17598.0,381,1,318.18,2,2,2,222,Regular Customers
United Kingdom,13843.0,381,1,244.15,2,1,2,212,Regular Customers
United Kingdom,15951.0,9,3,812.72,5,3,3,533,Premium Customers
United Kingdom,16357.0,33,4,748.17,4,4,3,443,Premium Customers
United Kingdom,17744.0,4,7,1849.0,5,4,4,544,Premium Customers
United Kingdom,14458.0,381,1,171.25,2,1,1,211,Regular Customers
United Kingdom,18076.0,380,1,68.44999999999999,2,2,1,221,Regular Customers
United Kingdom,17601.0,239,2,302.22,2,3,2,232,Premium Customers
United Kingdom,15509.0,380,1,71.86,2,1,1,211,Regular Customers
United Kingdom,15902.0,380,1,107.85,2,1,1,211,Regular Customers
United Kingdom,16988.0,5,2,238.57,5,3,2,532,Premium Customers
United Kingdom,15987.0,12,6,601.71,5,4,3,543,Premium Customers
United Kingdom,16874.0,379,1,191.44,2,2,1,221,Regular Customers
United Kingdom,14721.0,379,1,100.57,2,1,1,211,Regular Customers
United Kingdom,15020.0,379,1,190.52,2,1,1,211,Regular Customers
United Kingdom,14487.0,27,7,1034.37,4,4,4,444,Premium Customers
United Kingdom,15495.0,379,1,226.6,2,1,2,212,Regular Customers
United Kingdom,17989.0,379,1,185.85,2,2,1,221,Regular Customers
United Kingdom,14443.0,54,5,1925.4,4,4,4,444,Premium Customers
United Kingdom,17882.0,379,2,230.26,2,3,2,232,Regular Customers
Belgium,12385.0,379,1,1359.1,2,1,4,214,Regular Customers
United Kingdom,18161.0,15,6,1452.98,5,4,4,544,Premium Customers
United Kingdom,15961.0,379,1,231.52,2,1,2,212,Regular Customers
United Kingdom,13626.0,253,2,488.89,2,2,3,223,Premium Customers
United Kingdom,14627.0,379,1,462.75,2,1,3,213,Regular Customers
United Kingdom,12961.0,379,1,198.07,2,1,1,211,Regular Customers
United Kingdom,17556.0,206,2,210.72000000000003,2,3,2,232,Premium Customers
United Kingdom,18031.0,379,1,418.59,2,2,2,222,Regular Customers
United Kingdom,17283.0,379,1,107.21,2,2,1,221,Regular Customers
United Kingdom,17516.0,15,6,809.4300000000001,5,4,3,543,Premium Customers
Spain,12538.0,29,2,448.2,4,2,3,423,Premium Customers
United Kingdom,17999.0,37,3,465.86,4,3,3,433,Premium Customers
United Kingdom,16262.0,378,1,690.5500000000001,2,1,3,213,Regular Customers
United Kingdom,15914.0,378,2,44.73,2,2,1,221,Regular Customers
United Kingdom,15212.0,241,2,128.67999999999998,2,2,1,221,Premium Customers
United Kingdom,15037.0,376,2,357.31,2,2,2,222,Regular Customers
United Kingdom,17607.0,376,1,308.31,2,2,2,222,Regular Customers
United Kingdom,15583.0,376,1,87.46,2,1,1,211,Regular Customers
United Kingdom,18003.0,376,1,221.15,2,2,2,222,Regular Customers
United Kingdom,16893.0,367,2,209.29,2,3,2,232,Regular Customers
United Kingdom,13254.0,376,1,51.41,2,1,1,211,Regular Customers
United Kingdom,12996.0,376,1,198.15,2,1,1,211,Regular Customers
Korea,12767.0,376,1,805.46,2,1,3,213,Regular Customers
United Kingdom,17722.0,96,5,2420.44,3,4,5,345,Premium Customers
United Kingdom,16545.0,165,2,218.7,3,2,2,322,Premium Customers
United Kingdom,15404.0,376,1,203.68,2,1,2,212,Regular Customers
United Kingdom,15540.0,11,2,425.04,5,2,3,523,Premium Customers
United Kingdom,17671.0,16,5,1509.29,5,4,4,544,Premium Customers
United Kingdom,18034.0,22,3,632.28,4,3,3,433,Premium Customers
United Kingdom,16413.0,57,2,486.38,4,2,3,423,Premium Customers
United Kingdom,16194.0,375,1,209.1,2,1,2,212,Regular Customers
United Kingdom,17912.0,310,6,258.67,2,4,2,242,Regular Customers
United Kingdom,16355.0,375,1,299.4,2,1,2,212,Regular Customers
Unspecified,12351.0,375,1,288.18,2,1,2,212,Regular Customers
United Kingdom,15828.0,375,1,845.57,2,1,3,213,Regular Customers
United Kingdom,17223.0,310,3,333.59000000000003,2,3,2,232,Regular Customers
United Kingdom,17468.0,10,3,194.8,5,3,1,531,Premium Customers
United Kingdom,13955.0,154,3,366.11,3,3,2,332,Premium Customers
United Kingdom,14414.0,92,8,1596.82,3,4,4,344,Premium Customers
United Kingdom,15939.0,90,12,2085.27,3,5,5,355,Premium Customers
United Kingdom,17826.0,374,1,125.39,2,2,1,221,Regular Customers
United Kingdom,15769.0,235,2,152.64,2,2,1,221,Premium Customers
United Kingdom,16473.0,165,4,443.88,3,4,3,343,Premium Customers
United Kingdom,17820.0,374,1,106.24,2,2,1,221,Regular Customers
United Kingdom,17281.0,374,1,70.80000000000001,2,2,1,221,Regular Customers
United Kingdom,16552.0,243,2,189.19000000000003,2,3,1,231,Premium Customers
United Kingdom,15922.0,373,1,208.1,2,1,2,212,Regular Customers
United Kingdom,14594.0,7,2,273.28,5,2,2,522,Premium Customers
United Kingdom,15165.0,373,1,362.7,2,1,2,212,Regular Customers
United Kingdom,16274.0,373,1,195.45,2,1,1,211,Regular Customers
United Kingdom,12947.0,144,5,1269.59,3,4,4,344,Premium Customers
United Kingdom,17855.0,373,1,199.02,2,2,1,221,Regular Customers
United Kingdom,16244.0,212,2,1475.05,2,2,4,224,Premium Customers
United Kingdom,14491.0,175,2,220.98,3,2,2,322,Premium Customers
United Kingdom,15923.0,373,1,78.3,2,1,1,211,Regular Customers
United Kingdom,16752.0,373,1,77.7,2,2,1,221,Regular Customers
United Kingdom,17964.0,32,2,326.25,4,3,2,432,Premium Customers
United Kingdom,17976.0,372,1,282.64,2,2,2,222,Regular Customers
United Kingdom,14775.0,58,3,879.42,4,3,4,434,Premium Customers
United Kingdom,13011.0,372,1,50.55,2,1,1,211,Regular Customers
United Kingdom,14576.0,372,1,35.400000000000006,2,1,1,211,Regular Customers
United Kingdom,14865.0,7,2,43.08,5,2,1,521,Premium Customers
Germany,12738.0,372,1,110.4,2,1,1,211,Regular Customers
France,12686.0,372,1,71.14,2,1,1,211,Regular Customers
United Kingdom,13370.0,372,1,604.75,2,1,3,213,Regular Customers
Germany,12427.0,22,3,425.62,4,3,3,433,Premium Customers
United Kingdom,17787.0,153,4,1630.29,3,4,4,344,Premium Customers
United Kingdom,17198.0,24,3,354.97,4,3,2,432,Premium Customers
United Kingdom,15545.0,54,2,229.37,4,2,2,422,Premium Customers
United Kingdom,18156.0,13,2,639.19,5,3,3,533,Premium Customers
United Kingdom,15880.0,369,1,292.18,2,1,2,212,Regular Customers
United Kingdom,16402.0,265,2,208.6,2,2,2,222,Regular Customers
United Kingdom,15894.0,253,2,250.3,2,2,2,222,Premium Customers
Japan,12763.0,369,1,320.08,2,1,2,212,Regular Customers
United Kingdom,17674.0,74,2,271.32,3,3,2,332,Premium Customers
United Kingdom,15899.0,369,1,43.5,2,1,1,211,Regular Customers
United Kingdom,15919.0,20,2,483.74,4,2,3,423,Premium Customers
United Kingdom,15304.0,61,5,242.6,3,4,2,342,Premium Customers
United Kingdom,15048.0,65,4,281.3,3,3,2,332,Premium Customers
United Kingdom,13030.0,11,2,514.84,5,2,3,523,Premium Customers
United Kingdom,15018.0,39,3,275.36,4,3,2,432,Premium Customers
United Kingdom,18119.0,368,1,140.09,2,2,1,221,Regular Customers
Australia,12386.0,367,1,215.7,2,1,2,212,Regular Customers
France,12441.0,367,1,155.55,2,1,1,211,Regular Customers
United Kingdom,18043.0,25,3,426.59,4,3,3,433,Premium Customers
United Kingdom,18269.0,366,1,168.6,2,2,1,221,Regular Customers
United Kingdom,12942.0,131,3,496.7,3,3,3,333,Premium Customers
United Kingdom,13369.0,366,1,198.38,2,1,1,211,Regular Customers
United Kingdom,15211.0,60,2,670.91,3,2,3,323,Premium Customers
United Kingdom,15881.0,312,4,216.19,2,4,2,242,Regular Customers
United Kingdom,14448.0,9,2,127.8,5,2,1,521,Premium Customers
Japan,12753.0,23,6,1988.77,4,4,5,445,Premium Customers
United Kingdom,17917.0,45,3,318.08,4,3,2,432,Premium Customers
United Kingdom,18004.0,362,1,112.37,2,2,1,221,Regular Customers
United Kingdom,16665.0,362,1,39.25,2,2,1,221,Regular Customers
United Kingdom,16927.0,276,2,139.85,2,3,1,231,Regular Customers
United Kingdom,17303.0,361,1,192.24,2,2,1,221,Regular Customers
United Kingdom,17890.0,323,2,508.57,2,3,3,233,Regular Customers
United Kingdom,14150.0,36,2,584.74,4,2,3,423,Premium Customers
United Kingdom,13496.0,11,2,563.63,5,2,3,523,Premium Customers
United Kingdom,13221.0,240,2,570.71,2,2,3,223,Premium Customers
United Kingdom,17551.0,359,1,281.84,2,2,2,222,Regular Customers
United Kingdom,17214.0,60,6,720.07,3,4,3,343,Premium Customers
United Kingdom,14373.0,358,1,10.2,2,1,1,211,Regular Customers
United Kingdom,18176.0,358,1,419.05,2,2,2,222,Regular Customers
United Kingdom,17857.0,358,1,5.5,2,2,1,221,Regular Customers
United Kingdom,16816.0,103,4,401.16,3,4,2,342,Premium Customers
United Kingdom,14985.0,198,2,263.34,2,2,2,222,Premium Customers
Spain,12551.0,358,1,168.0,2,1,1,211,Regular Customers
United Kingdom,15780.0,184,3,402.08,3,3,2,332,Premium Customers
United Kingdom,15204.0,357,1,157.5,2,1,1,211,Regular Customers
United Kingdom,12944.0,36,2,519.81,4,2,3,423,Premium Customers
United Kingdom,15460.0,354,1,167.16,2,1,1,211,Regular Customers
United Kingdom,16270.0,353,1,685.99,2,1,3,213,Regular Customers
Italy,12515.0,353,1,190.8,2,1,1,211,Regular Customers
Belgium,12383.0,185,5,1211.84,3,4,4,344,Premium Customers
Germany,13817.0,29,2,328.98,4,2,2,422,Premium Customers
Germany,12585.0,234,2,1212.95,2,2,4,224,Premium Customers
United Kingdom,15464.0,338,1,713.25,2,1,3,213,Regular Customers
United Kingdom,17634.0,36,9,1588.89,4,5,4,454,Premium Customers
France,12735.0,315,2,375.07,2,2,2,222,Regular Customers
United Kingdom,16567.0,194,2,561.4,2,3,3,233,Premium Customers
Germany,12501.0,337,1,1866.66,2,1,4,214,Regular Customers
United Kingdom,15139.0,240,2,169.84,2,2,1,221,Premium Customers
France,12489.0,336,1,191.43,2,1,1,211,Regular Customers
United Kingdom,18198.0,4,16,2018.14,5,5,5,555,Premium Customers
United Kingdom,14889.0,336,1,135.9,2,1,1,211,Regular Customers
United Kingdom,17114.0,6,8,434.67,5,5,3,553,Premium Customers
United Kingdom,17128.0,335,1,131.59,2,2,1,221,Regular Customers
United Kingdom,17800.0,37,9,952.36,4,5,4,454,Premium Customers
United Kingdom,18032.0,334,1,73.5,2,2,1,221,Regular Customers
United Kingdom,16850.0,334,1,317.29,2,2,2,222,Regular Customers
United Kingdom,16112.0,143,2,100.7,3,2,1,321,Premium Customers
France,12736.0,333,1,93.6,2,1,1,211,Regular Customers
United Kingdom,17569.0,332,1,242.6,2,2,2,222,Regular Customers
United Kingdom,14270.0,332,1,341.65000000000003,2,1,2,212,Regular Customers
United Kingdom,14587.0,19,9,1258.33,5,5,4,554,Premium Customers
United Kingdom,14185.0,331,1,12.75,2,1,1,211,Regular Customers
United Kingdom,13284.0,331,1,148.74,2,1,1,211,Regular Customers
United Kingdom,15835.0,44,4,802.09,4,4,3,443,Premium Customers
United Kingdom,15687.0,9,9,2344.23,5,5,5,555,Premium Customers
United Kingdom,13385.0,330,1,403.07,2,1,2,212,Regular Customers
United Kingdom,15213.0,319,2,328.35,2,2,2,222,Regular Customers
United Kingdom,15033.0,5,10,2287.15,5,5,5,555,Premium Customers
United Kingdom,17064.0,59,3,681.3000000000001,4,3,3,433,Premium Customers
Germany,12626.0,23,9,4945.49,4,5,5,455,Premium Customers
United Kingdom,14976.0,57,6,625.0600000000001,4,4,3,443,Premium Customers
United Kingdom,14242.0,235,2,219.25,2,2,2,222,Premium Customers
United Kingdom,15395.0,326,1,74.55000000000001,2,1,1,211,Regular Customers
United Kingdom,14428.0,7,5,764.04,5,4,3,543,Premium Customers
United Kingdom,15831.0,58,3,392.02,4,3,2,432,Premium Customers
United Kingdom,14779.0,281,3,187.55,2,3,1,231,Regular Customers
United Kingdom,16618.0,31,4,1561.08,4,4,4,444,Premium Customers
United Kingdom,17277.0,228,2,958.05,2,3,4,234,Premium Customers
United Kingdom,13742.0,17,12,1895.66,5,5,4,554,Premium Customers
United Kingdom,14368.0,320,1,105.2,2,1,1,211,Regular Customers
Germany,12559.0,320,1,301.41,2,1,2,212,Regular Customers
United Kingdom,14501.0,184,2,251.21,3,2,2,322,Premium Customers
United Kingdom,14782.0,320,1,110.1,2,1,1,211,Regular Customers
United Kingdom,15820.0,320,1,116.98,2,1,1,211,Regular Customers
United Kingdom,13396.0,29,2,936.69,4,2,4,424,Premium Customers
United Kingdom,16730.0,52,3,627.87,4,3,3,433,Premium Customers
United Kingdom,15052.0,319,1,127.83,2,1,1,211,Regular Customers
United Kingdom,16943.0,212,3,431.18,2,3,3,233,Premium Customers
United Kingdom,13837.0,212,2,221.59,2,2,2,222,Premium Customers
United Kingdom,17118.0,318,1,157.01999999999998,2,2,1,221,Regular Customers
United Kingdom,13098.0,1,27,9869.38,5,5,5,555,New Customers
United Kingdom,17786.0,85,2,226.78,3,3,2,332,Premium Customers
United Kingdom,16882.0,67,3,529.47,3,3,3,333,Premium Customers
Lebanon,12764.0,317,1,952.88,2,1,4,214,Regular Customers
United Kingdom,16949.0,4,6,674.72,5,4,3,543,Premium Customers
United Kingdom,18125.0,30,4,1024.07,4,4,4,444,Premium Customers
United Kingdom,13328.0,316,1,235.68,2,1,2,212,Regular Customers
France,12574.0,316,1,162.55,2,1,1,211,Regular Customers
United Kingdom,14659.0,9,9,2302.78,5,5,5,555,Premium Customers
United Kingdom,16897.0,299,2,154.23000000000002,2,3,1,231,Regular Customers
United Kingdom,15415.0,313,1,465.09,2,1,3,213,Regular Customers
United Kingdom,17431.0,313,1,357.4,2,2,2,222,Regular Customers
United Kingdom,14502.0,20,9,1917.98,4,5,4,454,Premium Customers
Germany,12528.0,9,6,1121.63,5,4,4,544,Premium Customers
United Kingdom,16403.0,312,1,177.5,2,1,1,211,Regular Customers
United Kingdom,17619.0,312,1,198.47,2,2,1,221,Regular Customers
United Kingdom,16745.0,87,17,4417.53,3,5,5,355,Premium Customers
United Kingdom,13494.0,312,1,296.1,2,1,2,212,Regular Customers
United Kingdom,12929.0,312,1,70.95,2,1,1,211,Regular Customers
United Kingdom,18202.0,200,3,1058.99,2,3,4,234,Premium Customers
United Kingdom,14457.0,311,1,68.64,2,1,1,211,Regular Customers
United Kingdom,15589.0,256,3,413.73,2,3,2,232,Premium Customers
United Kingdom,14411.0,311,1,539.4000000000001,2,1,3,213,Regular Customers
United Kingdom,15226.0,311,1,128.91,2,1,1,211,Regular Customers
United Kingdom,16378.0,247,3,362.95,2,3,2,232,Premium Customers
United Kingdom,13894.0,24,2,430.55,4,2,3,423,Premium Customers
United Kingdom,18250.0,310,1,270.62,2,2,2,222,Regular Customers
United Kingdom,14188.0,31,6,1763.86,4,4,4,444,Premium Customers
United Kingdom,17446.0,177,2,120.9,3,3,1,331,Premium Customers
Norway,12350.0,310,1,294.4,2,1,2,212,Regular Customers
United Kingdom,17337.0,151,4,1626.86,3,4,4,344,Premium Customers
United Kingdom,16405.0,302,2,74.85,2,2,1,221,Regular Customers
Spain,12502.0,96,5,1511.32,3,4,4,344,Premium Customers
United Kingdom,16030.0,310,1,312.85,2,1,2,212,Regular Customers
Belgium,12464.0,150,4,76.5,3,3,1,331,Premium Customers
United Kingdom,16997.0,288,2,117.0,2,3,1,231,Regular Customers
United Kingdom,17507.0,262,2,574.73,2,3,3,233,Premium Customers
Japan,12754.0,277,2,61.62,2,2,1,221,Regular Customers
United Kingdom,14778.0,127,2,691.0600000000001,3,2,3,323,Premium Customers
United Kingdom,17517.0,309,1,128.44,2,2,1,221,Regular Customers
United Kingdom,13725.0,50,7,1203.52,4,4,4,444,Premium Customers
United Kingdom,15090.0,308,1,263.12,2,1,2,212,Regular Customers
United Kingdom,14842.0,44,4,2250.64,4,3,5,435,Premium Customers
United Kingdom,17105.0,159,2,560.98,3,3,3,333,Premium Customers
United Kingdom,14438.0,306,1,131.9,2,1,1,211,Regular Customers
United Kingdom,15781.0,25,3,254.91,4,3,2,432,Premium Customers
United Kingdom,17302.0,15,5,1044.48,5,4,4,544,Premium Customers
United Kingdom,17613.0,23,14,3922.42,4,5,5,455,Premium Customers
United Kingdom,17162.0,29,10,1293.26,4,5,4,454,Premium Customers
United Kingdom,15407.0,34,4,652.74,4,4,3,443,Premium Customers
United Kingdom,17859.0,305,1,118.52,2,2,1,221,Regular Customers
United Kingdom,16951.0,135,3,1125.06,3,3,4,334,Premium Customers
United Kingdom,17881.0,304,1,133.35000000000002,2,2,1,221,Regular Customers
United Kingdom,15843.0,304,1,80.70000000000002,2,1,1,211,Regular Customers
United Kingdom,17537.0,30,2,777.16,4,3,3,433,Premium Customers
Belgium,12401.0,303,1,32.85,2,1,1,211,Regular Customers
Spain,12462.0,19,2,657.8,5,2,3,523,Premium Customers
Germany,12561.0,303,1,207.05,2,1,2,212,Regular Customers
United Kingdom,16425.0,302,1,157.4,2,1,1,211,Regular Customers
United Kingdom,16842.0,101,3,935.49,3,3,4,334,Premium Customers
United Kingdom,18159.0,301,1,257.25,2,2,2,222,Regular Customers
United Kingdom,13171.0,22,3,261.51,4,3,2,432,Premium Customers
United Kingdom,16084.0,299,1,397.58,2,1,2,212,Regular Customers
United Kingdom,15236.0,299,1,321.05,2,1,2,212,Regular Customers
United Kingdom,13475.0,191,4,1115.66,2,3,4,234,Premium Customers
United Kingdom,16738.0,298,1,3.75,2,2,1,221,Regular Customers
United Kingdom,13893.0,298,1,195.7,2,1,1,211,Regular Customers
United Kingdom,16431.0,213,3,547.68,2,3,3,233,Premium Customers
United Kingdom,14760.0,297,1,89.2,2,1,1,211,Regular Customers
United Kingdom,16509.0,297,1,169.50000000000003,2,1,1,211,Regular Customers
United Kingdom,14386.0,297,1,93.6,2,1,1,211,Regular Customers
Denmark,12372.0,72,3,938.34,3,3,4,334,Premium Customers
United Kingdom,16494.0,297,1,723.93,2,1,3,213,Regular Customers
United Kingdom,14959.0,64,4,609.54,3,3,3,333,Premium Customers
United Kingdom,17175.0,44,4,968.98,4,4,4,444,Premium Customers
Belgium,12362.0,3,10,4098.94,5,5,5,555,Premium Customers
United Kingdom,13718.0,246,2,242.4,2,2,2,222,Premium Customers
Germany,12654.0,11,5,499.33,5,4,3,543,Premium Customers
United Kingdom,18138.0,295,1,67.80000000000001,2,2,1,221,Regular Customers
United Kingdom,14371.0,295,1,100.5,2,1,1,211,Regular Customers
United Kingdom,12852.0,295,1,264.15000000000003,2,1,2,212,Regular Customers
United Kingdom,13489.0,105,3,175.44,3,3,1,331,Premium Customers
United Kingdom,13904.0,37,2,332.64,4,2,2,422,Premium Customers
United Kingdom,13932.0,295,1,195.8,2,1,1,211,Regular Customers
United Kingdom,13951.0,176,3,504.09,3,3,3,333,Premium Customers
United Kingdom,16566.0,15,5,287.28000000000003,5,4,2,542,Premium Customers
United Kingdom,14162.0,174,2,198.11,3,2,1,321,Premium Customers
United Kingdom,13301.0,104,4,507.74,3,3,3,333,Premium Customers
United Kingdom,14803.0,162,3,279.45,3,3,2,332,Premium Customers
United Kingdom,13744.0,95,2,916.26,3,2,4,324,Premium Customers
United Kingdom,12988.0,292,1,301.17,2,1,2,212,Regular Customers
France,12707.0,292,1,417.52,2,1,2,212,Regular Customers
United Kingdom,18155.0,75,3,351.46,3,3,2,332,Premium Customers
United Kingdom,15146.0,165,2,1164.52,3,2,4,324,Premium Customers
Cyprus,12365.0,291,1,307.94,2,1,2,212,Regular Customers
United Kingdom,13038.0,80,3,891.46,3,3,4,334,Premium Customers
United Kingdom,16349.0,291,1,12.65,2,1,1,211,Regular Customers
United Kingdom,18114.0,290,1,137.9,2,2,1,221,Regular Customers
United Kingdom,12845.0,269,2,54.79,2,2,1,221,Regular Customers
United Kingdom,16573.0,85,2,525.96,3,3,3,333,Premium Customers
United Kingdom,13184.0,15,10,1396.77,5,5,4,554,Premium Customers
United Kingdom,15397.0,290,1,94.0,2,1,1,211,Regular Customers
United Kingdom,16394.0,57,5,786.44,4,4,3,443,Premium Customers
United Kingdom,17711.0,11,2,369.8,5,3,2,532,Premium Customers
United Kingdom,13865.0,58,4,437.81,4,3,3,433,Premium Customers
United Kingdom,14289.0,9,6,508.06,5,4,3,543,Premium Customers
United Kingdom,13149.0,14,4,1210.68,5,3,4,534,Premium Customers
United Kingdom,15932.0,4,8,1591.41,5,5,4,554,Premium Customers
United Kingdom,15974.0,39,7,2880.81,4,4,5,445,Premium Customers
United Kingdom,17830.0,2,3,200.75,5,3,2,532,Premium Customers
Saudi Arabia,12565.0,289,1,145.92,2,1,1,211,Regular Customers
United Kingdom,14880.0,77,3,525.09,3,3,3,333,Premium Customers
United Kingdom,15121.0,50,2,399.07,4,2,2,422,Premium Customers
United Kingdom,17117.0,288,1,73.35,2,2,1,221,Regular Customers
United Kingdom,13751.0,288,1,75.60000000000001,2,1,1,211,Regular Customers
United Kingdom,13345.0,288,1,299.70000000000005,2,1,2,212,Regular Customers
United Kingdom,13973.0,287,1,186.75,2,1,1,211,Regular Customers
Switzerland,13493.0,287,1,14.85,2,1,1,211,Regular Customers
United Kingdom,13261.0,269,2,670.5,2,2,3,223,Regular Customers
United Kingdom,16598.0,286,1,145.05,2,2,1,221,Regular Customers
United Kingdom,13630.0,5,7,866.9399999999999,5,4,4,544,Premium Customers
United Kingdom,13636.0,37,5,720.83,4,4,3,443,Premium Customers
Czech Republic,12781.0,64,2,594.54,3,2,3,323,Premium Customers
United Kingdom,14036.0,285,1,451.25,2,1,3,213,Regular Customers
United Kingdom,13675.0,151,2,473.38,3,2,3,323,Premium Customers
United Kingdom,16667.0,68,2,469.98,3,3,3,333,Premium Customers
United Kingdom,16187.0,32,15,5428.56,4,5,5,455,New Customers
United Kingdom,16339.0,284,1,30.45,2,1,1,211,Regular Customers
France,12509.0,284,1,124.5,2,1,1,211,Regular Customers
United Kingdom,14046.0,284,1,47.71,2,1,1,211,Regular Customers
United Kingdom,16427.0,263,2,166.06,2,2,1,221,Regular Customers
United Kingdom,14056.0,1,23,5869.21,5,5,5,555,New Customers
United Kingdom,15656.0,45,4,569.4,4,4,3,443,Premium Customers
United Kingdom,17462.0,60,2,612.44,3,3,3,333,Premium Customers
United Kingdom,14620.0,206,2,318.54,2,2,2,222,Premium Customers
Finland,12428.0,26,8,4830.43,4,4,5,445,Premium Customers
United Kingdom,15676.0,19,3,2787.22,5,3,5,535,Premium Customers
France,12679.0,284,1,639.86,2,1,3,213,Regular Customers
United Kingdom,15319.0,284,1,145.0,2,1,1,211,Regular Customers
United Kingdom,16389.0,53,4,807.51,4,4,3,443,Premium Customers
United Kingdom,15733.0,283,1,112.4,2,1,1,211,Regular Customers
United Kingdom,16678.0,3,12,2564.91,5,5,5,555,Premium Customers
United Kingdom,12834.0,283,1,201.08,2,1,2,212,Regular Customers
United Kingdom,17770.0,199,3,286.57,2,3,2,232,Premium Customers
United Kingdom,15104.0,197,2,571.49,2,2,3,223,Premium Customers
United Kingdom,15643.0,192,3,433.9500000000001,2,3,3,233,Premium Customers
United Kingdom,16217.0,235,2,288.45000000000005,2,2,2,222,Premium Customers
United Kingdom,16957.0,239,2,376.84,2,3,2,232,Premium Customers
United Kingdom,15087.0,282,1,220.06,2,1,2,212,Regular Customers
United Kingdom,17856.0,233,2,131.0,2,3,1,231,Premium Customers
United Kingdom,15053.0,5,3,519.59,5,3,3,533,Premium Customers
United Kingdom,17652.0,25,12,4274.92,4,5,5,455,Premium Customers
Spain,12541.0,30,3,721.38,4,3,3,433,Premium Customers
United Kingdom,15220.0,52,6,1560.45,4,4,4,444,Premium Customers
United Kingdom,16449.0,198,2,606.54,2,2,3,223,Premium Customers
United Kingdom,14995.0,39,2,203.43,4,2,2,422,Premium Customers
Italy,12584.0,4,8,1100.6,5,4,4,544,Premium Customers
United Kingdom,17535.0,280,1,164.4,2,2,1,221,Regular Customers
United Kingdom,14903.0,21,5,2386.43,4,4,5,445,Premium Customers
United Kingdom,18211.0,26,5,515.0699999999999,4,4,3,443,Premium Customers
United Kingdom,14504.0,47,4,522.21,4,3,3,433,Premium Customers
United Kingdom,15554.0,278,1,130.4,2,1,1,211,Regular Customers
Germany,12614.0,278,1,218.15,2,1,2,212,Regular Customers
United Kingdom,13344.0,68,3,1684.29,3,3,4,334,Premium Customers
United Kingdom,16621.0,52,4,282.71000000000004,4,4,2,442,Premium Customers
United Kingdom,17381.0,152,5,632.31,3,4,3,343,Premium Customers
United Kingdom,14214.0,31,5,938.14,4,4,4,444,Premium Customers
United Kingdom,14012.0,278,1,328.8,2,1,2,212,Regular Customers
United Kingdom,17654.0,277,1,80.65,2,2,1,221,Regular Customers
United Kingdom,16517.0,277,1,154.75,2,1,1,211,Regular Customers
United Kingdom,15234.0,277,1,187.88,2,1,1,211,Regular Customers
United Kingdom,15806.0,46,3,671.22,4,3,3,433,Premium Customers
United Kingdom,14586.0,277,1,202.44,2,1,2,212,Regular Customers
United Kingdom,14407.0,107,5,981.53,3,4,4,344,Premium Customers
United Kingdom,13908.0,80,4,1948.9,3,3,4,334,Premium Customers
United Kingdom,14730.0,1,8,1469.07,5,5,4,554,Premium Customers
United Kingdom,14367.0,8,16,7225.19,5,5,5,555,New Customers
United Kingdom,16426.0,2,10,1640.4,5,5,4,554,Premium Customers
United Kingdom,16495.0,3,2,420.61,5,2,2,522,Premium Customers
United Kingdom,14336.0,17,4,1281.11,5,3,4,534,Premium Customers
United Kingdom,15206.0,10,4,420.3,5,4,2,542,Premium Customers
United Kingdom,12881.0,276,1,69.0,2,1,1,211,Regular Customers
United Kingdom,16572.0,127,3,855.5500000000001,3,3,4,334,Premium Customers
United Kingdom,14165.0,276,1,82.19,2,1,1,211,Regular Customers
United Kingdom,15632.0,16,8,2874.85,5,5,5,555,Premium Customers
United Kingdom,14297.0,18,4,1102.85,5,3,4,534,Premium Customers
United Kingdom,13899.0,16,2,337.52,5,2,2,522,Premium Customers
United Kingdom,15838.0,25,5,717.84,4,4,3,443,Premium Customers
United Kingdom,18183.0,227,2,512.87,2,3,3,233,Premium Customers
United Kingdom,15308.0,274,1,218.25,2,1,2,212,Regular Customers
United Kingdom,18086.0,274,1,101.34,2,2,1,221,Regular Customers
United Kingdom,16778.0,74,2,228.94,3,3,2,332,Premium Customers
United Kingdom,16808.0,99,2,222.97,3,3,2,332,Premium Customers
United Kingdom,16475.0,144,3,417.7,3,3,2,332,Premium Customers
United Kingdom,13265.0,53,5,1232.52,4,4,4,444,Premium Customers
Germany,12520.0,79,5,2061.56,3,4,5,345,Premium Customers
United Kingdom,15049.0,274,1,40.05,2,1,1,211,Regular Customers
United Kingdom,16766.0,273,2,989.0,2,3,4,234,Regular Customers
United Kingdom,16801.0,163,4,884.03,3,4,4,344,Premium Customers
United Kingdom,17164.0,33,7,2336.2,4,4,5,445,Premium Customers
United Kingdom,13043.0,273,1,139.7,2,1,1,211,Regular Customers
United Kingdom,14352.0,157,4,821.76,3,3,3,333,Premium Customers
United Kingdom,13956.0,5,5,671.39,5,4,3,543,Premium Customers
United Kingdom,13708.0,271,1,260.46,2,1,2,212,Regular Customers
United Kingdom,15671.0,26,6,1179.81,4,4,4,444,Premium Customers
United Kingdom,16871.0,22,6,2267.24,4,4,5,445,Premium Customers
United Kingdom,12901.0,10,15,1162.35,5,5,4,554,Premium Customers
Canada,15388.0,270,1,140.54,2,1,1,211,Regular Customers
United Kingdom,16804.0,23,3,445.84,4,3,3,433,Premium Customers
United Kingdom,13499.0,18,5,609.09,5,4,3,543,Premium Customers
United Kingdom,15047.0,270,1,329.7,2,1,2,212,Regular Customers
United Kingdom,15106.0,18,5,1235.45,5,4,4,544,Premium Customers
United Kingdom,13716.0,269,1,138.28,2,1,1,211,Regular Customers
United Kingdom,13121.0,269,1,260.36,2,1,2,212,Regular Customers
United Kingdom,16297.0,269,1,277.34000000000003,2,1,2,212,Regular Customers
United Kingdom,12994.0,4,3,782.52,5,3,3,533,Premium Customers
United Kingdom,16152.0,269,1,712.46,2,1,3,213,Regular Customers
United Kingdom,14636.0,36,2,609.85,4,2,3,423,Premium Customers
United Kingdom,13358.0,269,1,304.71000000000004,2,1,2,212,Regular Customers
Spain,12597.0,19,4,2544.07,5,3,5,535,Premium Customers
United Kingdom,12955.0,1,11,3260.26,5,5,5,555,Premium Customers
United Kingdom,13185.0,268,1,71.4,2,1,1,211,Regular Customers
United Kingdom,13216.0,268,1,10.5,2,1,1,211,Regular Customers
United Kingdom,13533.0,183,3,245.24,3,3,2,332,Premium Customers
United Kingdom,13268.0,18,10,2807.06,5,5,5,555,Premium Customers
United Kingdom,15433.0,214,2,533.3,2,2,3,223,Premium Customers
United Kingdom,16216.0,267,1,605.88,2,1,3,213,Regular Customers
United Kingdom,13631.0,100,5,332.5,3,4,2,342,Premium Customers
United Kingdom,15648.0,204,2,465.2000000000001,2,2,3,223,Premium Customers
United Kingdom,17725.0,16,11,2946.28,5,5,5,555,Premium Customers
United Kingdom,13072.0,267,1,177.15,2,1,1,211,Regular Customers
United Kingdom,16716.0,267,1,166.8,2,2,1,221,Regular Customers
United Kingdom,14059.0,267,1,132.6,2,1,1,211,Regular Customers
United Kingdom,16672.0,2,17,4005.3,5,5,5,555,Premium Customers
United Kingdom,14066.0,267,1,114.3,2,1,1,211,Regular Customers
United Kingdom,16626.0,1,16,2337.14,5,5,5,555,Premium Customers
United Kingdom,15019.0,267,1,225.86,2,1,2,212,Regular Customers
United Kingdom,14041.0,266,1,141.41,2,1,1,211,Regular Customers
United Kingdom,17060.0,266,1,50.400000000000006,2,2,1,221,Regular Customers
United Kingdom,16023.0,46,3,548.86,4,3,3,433,Premium Customers
United Kingdom,12878.0,236,2,839.09,2,2,3,223,Premium Customers
United Kingdom,14155.0,266,1,118.75,2,1,1,211,Regular Customers
United Kingdom,14633.0,266,1,235.4,2,1,2,212,Regular Customers
United Kingdom,15703.0,265,1,211.5,2,1,2,212,Regular Customers
United Kingdom,14071.0,4,8,992.03,5,4,4,544,Premium Customers
United Kingdom,17795.0,180,2,311.48,3,3,2,332,Premium Customers
United Kingdom,12902.0,265,1,87.78,2,1,1,211,Regular Customers
United Kingdom,14232.0,43,5,1630.66,4,4,4,444,Premium Customers
Belgium,12407.0,50,5,1085.01,4,4,4,444,Premium Customers
United Kingdom,16728.0,46,4,838.78,4,4,3,443,Premium Customers
United Kingdom,13592.0,36,3,159.51,4,3,1,431,Premium Customers
United Kingdom,15408.0,264,1,121.98,2,1,1,211,Regular Customers
United Kingdom,14223.0,92,3,736.5600000000001,3,3,3,333,Premium Customers
United Kingdom,13934.0,264,1,818.65,2,1,3,213,Regular Customers
United Kingdom,15669.0,40,4,437.0,4,4,3,443,Premium Customers
United Kingdom,18224.0,264,1,158.95000000000002,2,2,1,221,Regular Customers
United Kingdom,14245.0,220,2,1516.7,2,2,4,224,Premium Customers
United Kingdom,14632.0,263,1,79.94,2,1,1,211,Regular Customers
United Kingdom,15132.0,18,5,791.69,5,4,3,543,Premium Customers
United Kingdom,17272.0,46,3,1868.67,4,3,4,434,Premium Customers
United Kingdom,14711.0,10,11,1786.67,5,5,4,554,Premium Customers
United Kingdom,14377.0,191,2,155.25,2,2,1,221,Premium Customers
United Kingdom,15457.0,262,1,217.17,2,1,2,212,Regular Customers
United Kingdom,16721.0,262,1,292.47,2,2,2,222,Regular Customers
United Kingdom,17733.0,39,2,471.63,4,3,3,433,Premium Customers
United Kingdom,15449.0,26,3,903.26,4,3,4,434,Premium Customers
Austria,12818.0,262,1,267.6,2,1,2,212,Regular Customers
France,12604.0,79,2,236.18,3,2,2,322,Premium Customers
United Kingdom,13132.0,262,1,60.3,2,1,1,211,Regular Customers
United Kingdom,17486.0,261,1,376.97,2,2,2,222,Regular Customers
France,12564.0,261,1,336.15,2,1,2,212,Regular Customers
United Kingdom,15644.0,166,4,732.09,3,4,3,343,Premium Customers
United Kingdom,17250.0,4,2,282.62,5,3,2,532,Premium Customers
United Kingdom,13341.0,261,1,603.55,2,1,3,213,Premium Customers
United Kingdom,17698.0,261,1,154.95,2,2,1,221,Regular Customers
United Kingdom,14267.0,163,3,940.44,3,3,4,334,Premium Customers
United Kingdom,16022.0,260,1,532.28,2,1,3,213,Premium Customers
United Kingdom,16063.0,260,1,335.32,2,1,2,212,Premium Customers
United Kingdom,15178.0,260,1,40.5,2,1,1,211,Regular Customers
United Kingdom,14348.0,260,1,297.87,2,1,2,212,Premium Customers
United Kingdom,15815.0,64,3,522.48,3,3,3,333,Premium Customers
United Kingdom,17979.0,36,4,576.43,4,4,3,443,Premium Customers
Spain,12545.0,75,2,698.8,3,2,3,323,Premium Customers
United Kingdom,14536.0,260,1,76.0,2,1,1,211,Regular Customers
United Kingdom,17946.0,233,2,79.78,2,3,1,231,Premium Customers
United Kingdom,13743.0,3,7,805.1999999999999,5,4,3,543,Premium Customers
United Kingdom,17937.0,9,4,172.5,5,4,1,541,Premium Customers
United Kingdom,18273.0,2,2,102.0,5,3,1,531,Premium Customers
United Kingdom,14476.0,257,1,183.05,2,1,1,211,Premium Customers
United Kingdom,16245.0,24,3,1217.76,4,3,4,434,Premium Customers
France,12669.0,151,2,1319.92,3,2,4,324,Premium Customers
United Kingdom,15083.0,257,1,62.7,2,1,1,211,Premium Customers
United Kingdom,18010.0,257,1,61.6,2,2,1,221,Premium Customers
United Kingdom,15624.0,117,4,511.5,3,4,3,343,Premium Customers
United Kingdom,17874.0,185,6,527.07,3,4,3,343,Premium Customers
United Kingdom,17719.0,38,15,3669.72,4,5,5,455,Premium Customers
United Kingdom,17398.0,115,3,378.78,3,3,2,332,Premium Customers
United Kingdom,12888.0,214,2,187.92,2,2,1,221,Premium Customers
United Kingdom,13588.0,16,9,2331.81,5,5,5,555,Premium Customers
Switzerland,12456.0,44,3,1663.24,4,3,4,434,Premium Customers
United Kingdom,13720.0,117,4,685.8,3,3,3,333,Premium Customers
United Kingdom,17775.0,255,1,56.4,2,2,1,221,Premium Customers
United Kingdom,16657.0,10,4,756.46,5,4,3,543,Premium Customers
United Kingdom,15364.0,96,2,675.59,3,2,3,323,Premium Customers
United Kingdom,15832.0,254,1,821.49,2,1,3,213,Premium Customers
United Kingdom,15528.0,254,1,153.43,2,1,1,211,Premium Customers
United Kingdom,16398.0,154,2,972.95,3,2,4,324,Premium Customers
United Kingdom,17088.0,28,4,1651.61,4,4,4,444,Premium Customers
United Kingdom,13060.0,254,1,243.93,2,1,2,212,Premium Customers
United Kingdom,13918.0,50,2,565.1,4,2,3,423,Premium Customers
United Kingdom,14886.0,253,1,325.0,2,1,2,212,Premium Customers
United Kingdom,16609.0,15,7,4808.900000000001,5,4,5,545,Premium Customers
United Kingdom,18263.0,26,3,1042.4,4,3,4,434,Premium Customers
United Kingdom,17701.0,253,1,193.65,2,2,1,221,Premium Customers
Germany,12569.0,2,28,2704.69,5,5,5,555,New Customers
United Kingdom,16162.0,252,1,11.9,2,1,1,211,Premium Customers
United Kingdom,14023.0,7,2,540.77,5,2,3,523,Premium Customers
United Kingdom,16142.0,250,1,356.04,2,1,2,212,Premium Customers
United Kingdom,18185.0,249,1,214.25,2,2,2,222,Premium Customers
United Kingdom,15756.0,61,4,454.41,3,4,3,343,Premium Customers
United Kingdom,14747.0,249,1,176.95000000000002,2,1,1,211,Premium Customers
United Kingdom,14719.0,2,5,1450.89,5,4,4,544,Premium Customers
United Kingdom,15145.0,4,4,921.73,5,3,4,534,Premium Customers
United Kingdom,16696.0,135,4,462.3,3,4,3,343,Premium Customers
United Kingdom,17440.0,248,2,22.62,2,3,1,231,Premium Customers
United Kingdom,17140.0,247,1,115.42,2,2,1,221,Premium Customers
United Kingdom,14964.0,247,1,81.75,2,1,1,211,Premium Customers
United Kingdom,16031.0,92,2,434.05,3,2,3,323,Premium Customers
United Kingdom,17042.0,3,5,959.68,5,4,4,544,Premium Customers
United Kingdom,17906.0,247,1,55.95,2,2,1,221,Premium Customers
United Kingdom,13731.0,219,2,511.59,2,2,3,223,Premium Customers
United Kingdom,13950.0,11,4,437.66,5,3,3,533,Premium Customers
United Kingdom,14246.0,111,3,1293.0,3,3,4,334,Premium Customers
United Kingdom,18040.0,19,2,340.2,5,3,2,532,Premium Customers
United Kingdom,16837.0,31,9,2083.25,4,5,5,455,Premium Customers
United Kingdom,15119.0,246,1,162.8,2,1,1,211,Premium Customers
United Kingdom,12999.0,205,2,273.78,2,2,2,222,Premium Customers
United Kingdom,15775.0,245,1,87.9,2,1,1,211,Premium Customers
United Kingdom,17054.0,28,5,795.28,4,4,3,443,Premium Customers
United Kingdom,13606.0,29,2,148.43,4,2,1,421,Premium Customers
Belgium,12447.0,243,1,379.79,2,1,2,212,Premium Customers
United Kingdom,13570.0,243,1,211.64,2,1,2,212,Premium Customers
United Kingdom,13232.0,13,7,969.91,5,4,4,544,Premium Customers
United Kingdom,18129.0,243,1,99.8,2,2,1,221,Premium Customers
United Kingdom,15655.0,243,1,465.57,2,1,3,213,Premium Customers
United Kingdom,15214.0,2,8,1497.14,5,5,4,554,Premium Customers
United Kingdom,17574.0,243,1,155.8,2,2,1,221,Premium Customers
United Kingdom,15737.0,15,7,948.85,5,4,4,544,Premium Customers
Spain,12596.0,51,2,288.27,4,2,2,422,Premium Customers
United Kingdom,14273.0,51,4,559.97,4,3,3,433,Premium Customers
Unspecified,12363.0,110,2,484.5,3,2,3,323,Premium Customers
United Kingdom,15414.0,10,3,675.45,5,3,3,533,Premium Customers
United Kingdom,14111.0,96,2,63.3,3,2,1,321,Premium Customers
United Kingdom,17972.0,242,1,96.54,2,2,1,221,Premium Customers
Belgium,12463.0,53,4,1155.38,4,3,4,434,Premium Customers
United Kingdom,16729.0,38,21,6351.84,4,5,5,455,New Customers
United Kingdom,16697.0,241,1,50.85,2,2,1,221,Premium Customers
Channel Islands,14931.0,5,4,790.88,5,3,3,533,Premium Customers
United Kingdom,15230.0,239,2,429.6,2,2,3,223,Premium Customers
United Kingdom,16309.0,106,2,666.77,3,2,3,323,Premium Customers
United Kingdom,14262.0,8,8,2337.11,5,4,5,545,Premium Customers
United Kingdom,16097.0,240,1,110.4,2,1,1,211,Premium Customers
United Kingdom,13122.0,240,1,821.1,2,1,3,213,Premium Customers
United Kingdom,16966.0,45,2,116.05,4,3,1,431,Premium Customers
United Kingdom,15147.0,240,1,382.0,2,1,2,212,Premium Customers
United Kingdom,15813.0,208,2,728.86,2,2,3,223,Premium Customers
United Kingdom,17058.0,82,3,965.54,3,3,4,334,Premium Customers
United Kingdom,17704.0,169,2,729.99,3,3,3,333,Premium Customers
United Kingdom,15935.0,239,1,91.04,2,1,1,211,Premium Customers
United Kingdom,16249.0,53,5,1103.39,4,4,4,444,Premium Customers
United Kingdom,16806.0,103,4,607.16,3,4,3,343,Premium Customers
United Kingdom,13120.0,239,1,30.6,2,1,1,211,Premium Customers
Brazil,12769.0,239,1,869.4,2,1,4,214,Premium Customers
United Kingdom,14323.0,115,2,517.66,3,2,3,323,Premium Customers
United Kingdom,17367.0,238,1,148.61,2,2,1,221,Premium Customers
United Kingdom,18213.0,237,1,232.48,2,2,2,222,Premium Customers
United Kingdom,15172.0,9,5,1385.88,5,4,4,544,Premium Customers
United Kingdom,15745.0,19,4,928.54,5,4,4,544,Premium Customers
United Kingdom,17697.0,236,1,298.25,2,2,2,222,Premium Customers
United Kingdom,15491.0,95,6,2358.59,3,4,5,345,Premium Customers
United Kingdom,16617.0,236,1,79.1,2,2,1,221,Premium Customers
United Kingdom,15508.0,189,6,771.13,3,4,3,343,Premium Customers
United Kingdom,15594.0,16,5,1648.5,5,4,4,544,Premium Customers
United Kingdom,13376.0,99,3,834.3100000000001,3,3,3,333,Premium Customers
United Kingdom,16633.0,17,6,2259.55,5,4,5,545,Premium Customers
United Kingdom,15225.0,234,1,344.70000000000005,2,1,2,212,Premium Customers
United Kingdom,15436.0,12,3,911.15,5,3,4,534,Premium Customers
United Kingdom,18246.0,233,1,29.5,2,2,1,221,Premium Customers
United Kingdom,15517.0,233,1,246.72,2,1,2,212,Premium Customers
United Kingdom,17120.0,233,1,222.96,2,2,2,222,Premium Customers
France,12506.0,233,1,57.6,2,1,1,211,Premium Customers
United Kingdom,14759.0,5,3,1073.07,5,3,4,534,Premium Customers
Switzerland,13505.0,73,4,3042.26,3,3,5,335,Premium Customers
United Kingdom,13389.0,11,3,700.66,5,3,3,533,Premium Customers
Spain,12354.0,232,1,682.69,2,1,3,213,Premium Customers
United Kingdom,17061.0,74,7,1653.0,3,4,4,344,Premium Customers
United Kingdom,17630.0,170,2,219.4,3,3,2,332,Premium Customers
United Kingdom,16587.0,232,1,127.85,2,1,1,211,Premium Customers
Germany,12622.0,232,1,123.85,2,1,1,211,Premium Customers
United Kingdom,16750.0,45,5,414.13,4,4,2,442,Premium Customers
United Kingdom,17670.0,228,1,173.9,2,2,1,221,Premium Customers
European Community,15108.0,142,3,983.55,3,3,4,334,Premium Customers
United Kingdom,16942.0,13,9,1504.19,5,5,4,554,Premium Customers
United Kingdom,15237.0,2,4,1252.38,5,4,4,544,Premium Customers
United Kingdom,16965.0,227,1,117.4,2,2,1,221,Premium Customers
United Kingdom,15891.0,227,1,394.32,2,1,2,212,Premium Customers
United Kingdom,13637.0,52,3,735.05,4,3,3,433,Premium Customers
United Kingdom,16637.0,32,4,921.76,4,4,4,444,Premium Customers
United Kingdom,13229.0,226,1,123.15,2,1,1,211,Premium Customers
United Kingdom,14973.0,107,3,465.4,3,3,3,333,Premium Customers
United Kingdom,15952.0,34,4,670.0400000000001,4,4,3,443,Premium Customers
United Kingdom,17893.0,225,1,66.31,2,2,1,221,Premium Customers
United Kingdom,16370.0,82,4,977.21,3,4,4,344,Premium Customers
United Kingdom,15376.0,40,3,1081.01,4,3,4,434,Premium Customers
United Kingdom,16055.0,221,1,78.0,2,1,1,211,Premium Customers
United Kingdom,14149.0,221,1,421.12,2,1,2,212,Premium Customers
United Kingdom,17501.0,221,2,259.35,2,3,2,232,Premium Customers
France,12643.0,221,2,73.28,2,2,1,221,Premium Customers
United Kingdom,15582.0,25,3,663.0100000000001,4,3,3,433,Premium Customers
United Kingdom,16230.0,190,2,516.53,2,2,3,223,Premium Customers
United Kingdom,18146.0,141,2,160.35000000000002,3,3,1,331,Premium Customers
United Kingdom,12886.0,68,2,1059.36,3,2,4,324,Premium Customers
United Kingdom,13524.0,41,5,580.94,4,4,3,443,Premium Customers
United Kingdom,16610.0,219,1,75.66,2,2,1,221,Premium Customers
United Kingdom,17394.0,219,1,38.4,2,2,1,221,Premium Customers
United Kingdom,14948.0,23,6,927.11,4,4,4,444,Premium Customers
France,12593.0,109,3,382.1,3,3,2,332,Premium Customers
United Kingdom,14340.0,219,1,134.7,2,1,1,211,Premium Customers
United Kingdom,16457.0,218,1,161.56,2,1,1,211,Premium Customers
United Kingdom,17527.0,54,4,712.4200000000001,4,4,3,443,Premium Customers
United Kingdom,14697.0,218,2,96.56,2,2,1,221,Premium Customers
United Kingdom,17522.0,2,5,649.76,5,4,3,543,Premium Customers
United Kingdom,13867.0,31,3,709.54,4,3,3,433,Premium Customers
United Kingdom,14393.0,218,1,67.95,2,1,1,211,Premium Customers
United Kingdom,16319.0,218,1,404.4,2,1,2,212,Premium Customers
United Kingdom,17174.0,218,1,59.9,2,2,1,221,Premium Customers
United Kingdom,13365.0,34,2,1718.87,4,2,4,424,Premium Customers
United Kingdom,18227.0,218,1,30.0,2,2,1,221,Premium Customers
United Kingdom,18235.0,72,3,1477.78,3,3,4,334,Premium Customers
United Kingdom,13741.0,72,3,405.63,3,3,2,332,Premium Customers
Belgium,12394.0,217,1,331.18,2,1,2,212,Premium Customers
United Kingdom,15258.0,169,2,386.76,3,2,2,322,Premium Customers
United Kingdom,14005.0,10,5,1242.9,5,4,4,544,Premium Customers
United Kingdom,18142.0,216,1,134.4,2,2,1,221,Premium Customers
United Kingdom,17410.0,16,5,900.27,5,4,4,544,Premium Customers
France,12700.0,8,4,3888.64,5,3,5,535,Premium Customers
United Kingdom,13003.0,151,2,89.05000000000001,3,2,1,321,Premium Customers
Switzerland,13492.0,136,3,729.24,3,3,3,333,Premium Customers
United Kingdom,18120.0,214,1,75.35,2,2,1,221,Premium Customers
United Kingdom,17723.0,173,2,163.9,3,3,1,331,Premium Customers
United Kingdom,14397.0,3,16,994.82,5,5,4,554,Premium Customers
France,12684.0,8,6,1646.19,5,4,4,544,Premium Customers
United Kingdom,14288.0,213,1,306.0,2,1,2,212,Premium Customers
United Kingdom,15063.0,213,1,70.19999999999999,2,1,1,211,Premium Customers
United Kingdom,14591.0,15,4,876.86,5,3,4,534,Premium Customers
United Kingdom,13990.0,213,1,292.58,2,1,2,212,Premium Customers
United Kingdom,14691.0,31,5,1861.94,4,4,4,444,Premium Customers
United Kingdom,17489.0,59,2,361.52,4,3,2,432,Premium Customers
United Kingdom,13404.0,1,2,252.49,5,2,2,522,Premium Customers
United Kingdom,16644.0,178,2,813.88,3,3,3,333,Premium Customers
United Kingdom,14731.0,47,3,346.13,4,3,2,432,Premium Customers
United Kingdom,15187.0,2,12,1994.24,5,5,5,555,Premium Customers
United Kingdom,13235.0,212,1,870.57,2,1,4,214,Premium Customers
United Kingdom,14883.0,19,6,727.75,5,4,3,543,Premium Customers
United Kingdom,16116.0,212,1,446.98,2,1,3,213,Premium Customers
United Kingdom,14364.0,109,8,1022.95,3,4,4,344,Premium Customers
United Kingdom,16184.0,64,6,722.58,3,4,3,343,Premium Customers
United Kingdom,17932.0,29,3,1188.92,4,3,4,434,Premium Customers
Germany,12590.0,211,1,877.26,2,1,4,214,Premium Customers
United Kingdom,17658.0,26,2,200.22,4,3,1,431,Premium Customers
Portugal,12757.0,16,7,3181.5,5,4,5,545,Premium Customers
United Kingdom,17970.0,211,1,279.33,2,2,2,222,Premium Customers
United Kingdom,15907.0,4,3,757.32,5,3,3,533,Premium Customers
United Kingdom,14689.0,209,1,104.85,2,1,1,211,Premium Customers
United Kingdom,15440.0,55,3,307.18,4,3,2,432,Premium Customers
United Kingdom,16076.0,3,9,2002.96,5,5,5,555,Premium Customers
United Kingdom,15333.0,208,1,238.0,2,1,2,212,Premium Customers
United Kingdom,17263.0,208,1,63.44,2,2,1,221,Premium Customers
United Kingdom,16877.0,12,6,772.77,5,4,3,543,Premium Customers
France,12674.0,39,4,1289.54,4,3,4,434,Premium Customers
United Kingdom,12871.0,84,2,120.54,3,2,1,321,Premium Customers
United Kingdom,14888.0,207,1,369.2,2,1,2,212,Premium Customers
United Kingdom,13456.0,18,5,1180.12,5,4,4,544,Premium Customers
France,12690.0,206,1,265.11,2,1,2,212,Premium Customers
United Kingdom,16446.0,206,1,2.9,2,1,1,211,Premium Customers
United Kingdom,16818.0,11,11,3091.15,5,5,5,555,Premium Customers
United Kingdom,13572.0,206,1,590.9300000000001,2,1,3,213,Premium Customers
United Kingdom,15116.0,18,4,1092.68,5,3,4,534,Premium Customers
United Kingdom,13529.0,79,2,206.06,3,2,2,322,Premium Customers
France,12620.0,15,3,1100.14,5,3,4,534,Premium Customers
United Kingdom,16813.0,8,10,1385.57,5,5,4,554,Premium Customers
United Kingdom,16463.0,21,4,1295.48,4,4,4,444,Premium Customers
United Kingdom,13887.0,204,1,293.95,2,1,2,212,Premium Customers
United Kingdom,17166.0,39,2,206.34,4,3,2,432,Premium Customers
United Kingdom,17455.0,204,1,111.8,2,2,1,221,Premium Customers
United Kingdom,18150.0,32,3,566.58,4,3,3,433,Premium Customers
United Kingdom,16038.0,8,3,431.98,5,3,3,533,Premium Customers
United Kingdom,13972.0,71,2,174.35,3,2,1,321,Premium Customers
United Kingdom,13227.0,202,1,257.7,2,1,2,212,Premium Customers
United Kingdom,13657.0,11,2,321.0,5,2,2,522,Premium Customers
United Kingdom,14921.0,30,2,1255.23,4,2,4,424,Premium Customers
Germany,12710.0,97,3,909.82,3,3,4,334,Premium Customers
United Kingdom,15292.0,201,1,111.69,2,1,1,211,Premium Customers
United Kingdom,15705.0,201,1,19.5,2,1,1,211,Premium Customers
United Kingdom,13339.0,201,1,664.42,2,1,3,213,Premium Customers
United Kingdom,13885.0,189,2,390.2,3,2,2,322,Premium Customers
United Kingdom,13737.0,200,1,185.65,2,1,1,211,Premium Customers
United Kingdom,15042.0,199,1,46.68,2,1,1,211,Premium Customers
United Kingdom,16091.0,155,2,315.06,3,2,2,322,Premium Customers
United Kingdom,15804.0,1,13,3350.18,5,5,5,555,Premium Customers
United Kingdom,14287.0,8,2,159.35,5,2,1,521,Premium Customers
Poland,12815.0,148,2,687.66,3,2,3,323,Premium Customers
United Kingdom,14816.0,197,1,11.9,2,1,1,211,Premium Customers
United Kingdom,16624.0,81,2,439.49,3,3,3,333,Premium Customers
France,12493.0,166,2,332.91,3,2,2,322,Premium Customers
United Kingdom,18232.0,82,4,533.57,3,4,3,343,Premium Customers
United Kingdom,18073.0,114,11,707.6,3,5,3,353,Premium Customers
United Kingdom,14280.0,197,1,92.64,2,1,1,211,Premium Customers
United Kingdom,14823.0,180,3,217.18,3,3,2,332,Premium Customers
United Kingdom,15897.0,194,2,90.53,2,2,1,221,Premium Customers
United Kingdom,15925.0,194,1,168.9,2,1,1,211,Premium Customers
United Kingdom,16483.0,192,1,95.7,2,1,1,211,Premium Customers
United Kingdom,15163.0,18,2,278.77,5,2,2,522,Premium Customers
United Kingdom,18204.0,71,3,1655.2,3,3,4,334,Premium Customers
Germany,12473.0,54,3,2218.95,4,3,5,435,Premium Customers
United Kingdom,16969.0,39,3,522.2,4,3,3,433,Premium Customers
United Kingdom,13917.0,50,2,252.14,4,2,2,422,Premium Customers
United Kingdom,13062.0,191,1,65.69999999999999,2,1,1,211,Premium Customers
United Kingdom,16484.0,174,2,376.8,3,2,2,322,Premium Customers
United Kingdom,14453.0,190,1,109.98,2,1,1,211,Premium Customers
United Kingdom,17900.0,190,2,97.2,2,3,1,231,Premium Customers
United Kingdom,13437.0,14,7,2384.36,5,4,5,545,Premium Customers
Germany,12517.0,28,4,2176.85,4,3,5,435,Premium Customers
United Kingdom,14500.0,88,2,218.1,3,2,2,322,Premium Customers
United Kingdom,13248.0,125,2,434.21,3,2,3,323,Premium Customers
United Kingdom,16967.0,189,1,305.1,3,2,2,322,Premium Customers
United Kingdom,16659.0,189,1,20.4,3,2,1,321,Premium Customers
United Kingdom,16682.0,5,5,363.42,5,4,2,542,Premium Customers
United Kingdom,15453.0,2,7,1160.12,5,4,4,544,Premium Customers
United Kingdom,16963.0,187,1,110.55,3,2,1,321,Premium Customers
United Kingdom,13682.0,187,1,34.0,3,1,1,311,Premium Customers
Belgium,12449.0,22,4,2733.84,4,3,5,435,Premium Customers
United Kingdom,15349.0,158,2,357.46,3,2,2,322,Premium Customers
United Kingdom,16849.0,187,1,84.77,3,2,1,321,Premium Customers
France,12535.0,92,2,577.85,3,2,3,323,Premium Customers
United Kingdom,18248.0,123,2,599.84,3,3,3,333,Premium Customers
United Kingdom,15386.0,186,1,370.74,3,1,2,312,Premium Customers
United Kingdom,17252.0,117,2,294.31,3,3,2,332,Premium Customers
United Kingdom,14542.0,186,1,103.25,3,1,1,311,Premium Customers
United Kingdom,18072.0,186,1,247.44,3,2,2,322,Premium Customers
United Kingdom,17015.0,29,3,1743.84,4,3,4,434,Premium Customers
United Kingdom,17124.0,185,1,262.44,3,2,2,322,Premium Customers
Malta,17828.0,23,4,902.02,4,4,4,444,Premium Customers
United Kingdom,15743.0,16,4,565.76,5,4,3,543,Premium Customers
United Kingdom,14622.0,185,1,288.78000000000003,3,1,2,312,Premium Customers
United Kingdom,15609.0,184,1,268.78000000000003,3,1,2,312,Premium Customers
United Kingdom,14561.0,76,3,957.37,3,3,4,334,Premium Customers
United Kingdom,15238.0,29,3,747.23,4,3,3,433,Premium Customers
United Kingdom,14241.0,184,1,213.7,3,1,2,312,Premium Customers
United Kingdom,14132.0,2,11,2714.17,5,5,5,555,Premium Customers
United Kingdom,16113.0,183,1,110.15,3,1,1,311,Premium Customers
United Kingdom,16107.0,29,6,577.9000000000001,4,4,3,443,Premium Customers
United Kingdom,15679.0,24,4,690.98,4,4,3,443,Premium Customers
United Kingdom,16581.0,183,1,105.84,3,1,1,311,Premium Customers
United Kingdom,17234.0,183,1,114.04,3,2,1,321,Premium Customers
United Kingdom,15411.0,26,4,1022.2,4,4,4,444,Premium Customers
United Kingdom,14178.0,9,7,1446.49,5,4,4,544,Premium Customers
United Kingdom,17265.0,139,2,497.21,3,3,3,333,Premium Customers
United Kingdom,13517.0,60,3,1839.49,3,3,4,334,Premium Customers
United Kingdom,16342.0,75,4,193.96,3,4,1,341,Premium Customers
France,12732.0,180,1,178.26000000000002,3,1,1,311,Premium Customers
United Kingdom,15036.0,72,3,341.11,3,3,2,332,Premium Customers
United Kingdom,15069.0,179,1,825.48,3,1,3,313,Premium Customers
United Kingdom,14503.0,3,6,2664.66,5,4,5,545,Premium Customers
United Kingdom,13343.0,178,1,290.93,3,1,2,312,Premium Customers
France,12624.0,106,2,492.78,3,2,3,323,Premium Customers
United Kingdom,18165.0,177,1,177.66,3,2,1,321,Premium Customers
United Kingdom,16324.0,128,3,369.89,3,3,2,332,Premium Customers
United Kingdom,14222.0,177,1,576.5,3,1,3,313,Premium Customers
United Kingdom,15585.0,177,1,439.4,3,1,3,313,Premium Customers
Poland,12816.0,96,2,265.90000000000003,3,2,2,322,Premium Customers
United Kingdom,13826.0,176,1,102.3,3,1,1,311,Premium Customers
United Kingdom,13575.0,23,5,674.5699999999999,4,4,3,443,Premium Customers
United Kingdom,16852.0,10,2,70.96000000000001,5,3,1,531,Premium Customers
United Kingdom,15014.0,43,2,175.17000000000002,4,2,1,421,Premium Customers
United Kingdom,14765.0,29,3,159.76,4,3,1,431,Premium Customers
United Kingdom,16869.0,23,4,690.79,4,4,3,443,Premium Customers
United Kingdom,15909.0,174,1,191.94,3,1,1,311,Premium Customers
United Kingdom,13618.0,174,1,154.54,3,1,1,311,Premium Customers
United Kingdom,17879.0,174,1,154.67,3,2,1,321,Premium Customers
United Kingdom,17562.0,14,7,1078.82,5,4,4,544,Premium Customers
United Kingdom,15334.0,157,3,340.87,3,3,2,332,Premium Customers
United Kingdom,13568.0,173,1,169.2,3,1,1,311,Premium Customers
United Kingdom,16744.0,11,7,1034.02,5,4,4,544,Premium Customers
United Kingdom,15700.0,172,2,551.43,3,2,3,323,Premium Customers
Canada,17444.0,152,2,1789.94,3,3,4,334,Premium Customers
United Kingdom,15840.0,59,2,317.8,4,2,2,422,Premium Customers
United Kingdom,14808.0,40,7,1361.85,4,4,4,444,Premium Customers
United Kingdom,12904.0,18,2,338.21,5,2,2,522,Premium Customers
United Kingdom,15825.0,172,1,199.44,3,1,1,311,Premium Customers
Norway,12432.0,43,4,1909.68,4,3,4,434,Premium Customers
United Kingdom,15507.0,172,1,296.76,3,1,2,312,Premium Customers
United Kingdom,12930.0,78,2,389.61,3,2,2,322,Premium Customers
United Kingdom,14960.0,8,2,188.12,5,2,1,521,Premium Customers
Norway,12444.0,21,5,2382.56,4,4,5,445,Premium Customers
United Kingdom,15412.0,171,1,49.79,3,1,1,311,Premium Customers
United Kingdom,16114.0,171,1,135.75000000000003,3,1,1,311,Premium Customers
United Kingdom,13420.0,150,2,87.6,3,2,1,321,Premium Customers
United Kingdom,17877.0,170,1,158.01,3,2,1,321,Premium Customers
United Kingdom,16247.0,170,1,56.28,3,1,1,311,Premium Customers
United Kingdom,12919.0,8,6,1159.21,5,4,4,544,Premium Customers
United Kingdom,15130.0,170,1,330.11,3,1,2,312,Premium Customers
Finland,12704.0,7,8,1180.98,5,4,4,544,Premium Customers
United Kingdom,17370.0,73,4,398.22,3,4,2,342,Premium Customers
Belgium,12465.0,17,2,621.49,5,2,3,523,Premium Customers
Sweden,12697.0,29,3,676.71,4,3,3,433,Premium Customers
United Kingdom,14795.0,166,1,4.25,3,1,1,311,Premium Customers
Spain,12548.0,166,1,67.19999999999999,3,1,1,311,Premium Customers
United Kingdom,14351.0,165,1,51.0,3,1,1,311,Premium Customers
United Kingdom,17750.0,5,9,1109.66,5,5,4,554,Premium Customers
United Kingdom,17997.0,74,8,1264.1,3,5,4,354,Premium Customers
United Kingdom,14383.0,38,3,903.67,4,3,4,434,Premium Customers
United Kingdom,15537.0,163,1,86.02000000000001,3,1,1,311,Premium Customers
United Kingdom,17837.0,42,8,1086.58,4,5,4,454,Premium Customers
United Kingdom,15578.0,162,1,119.15,3,1,1,311,Premium Customers
United Kingdom,16498.0,161,2,93.02,3,2,1,321,Premium Customers
United Kingdom,17891.0,162,1,203.86,3,2,2,322,Premium Customers
United Kingdom,16866.0,141,3,108.24,3,3,1,331,Premium Customers
United Kingdom,13730.0,136,2,522.55,3,2,3,323,Premium Customers
United Kingdom,12922.0,161,1,377.3,3,1,2,312,Premium Customers
United Kingdom,16009.0,22,4,665.1600000000001,4,4,3,443,Premium Customers
United Kingdom,17939.0,160,1,99.14,3,2,1,321,Premium Customers
United Kingdom,17312.0,155,2,96.35,3,3,1,331,Premium Customers
United Kingdom,17899.0,159,1,94.34,3,2,1,321,Premium Customers
United Kingdom,17781.0,159,1,62.17,3,2,1,321,Premium Customers
United Kingdom,15007.0,159,1,146.96,3,1,1,311,Premium Customers
United Kingdom,18265.0,72,2,609.11,3,3,3,333,Premium Customers
United Kingdom,17024.0,45,3,95.85,4,3,1,431,Premium Customers
United Kingdom,14034.0,22,3,343.84,4,3,2,432,Premium Customers
United Kingdom,16616.0,15,2,420.52,5,3,2,532,Premium Customers
United Kingdom,16338.0,157,1,199.85,3,1,1,311,Premium Customers
United Kingdom,14002.0,134,2,368.6,3,2,2,322,Premium Customers
United Kingdom,16929.0,4,7,1211.81,5,4,4,544,Premium Customers
United Kingdom,17892.0,57,2,121.1,4,3,1,431,Premium Customers
United Kingdom,15505.0,53,5,1903.86,4,4,4,444,Premium Customers
United Kingdom,18013.0,155,2,129.81,3,3,1,331,Premium Customers
United Kingdom,13681.0,18,4,796.0300000000001,5,3,3,533,Premium Customers
United Kingdom,13486.0,78,3,999.55,3,3,4,334,Premium Customers
Switzerland,12461.0,155,1,419.08,3,1,2,312,Premium Customers
United Kingdom,18121.0,149,2,615.8,3,3,3,333,Premium Customers
United Kingdom,18024.0,153,1,67.63,3,2,1,321,Premium Customers
United Kingdom,15467.0,9,3,499.93,5,3,3,533,Premium Customers
United Kingdom,13678.0,152,1,72.56,3,1,1,311,Premium Customers
United Kingdom,15045.0,152,1,60.06,3,1,1,311,Premium Customers
United Kingdom,13058.0,25,3,261.45000000000005,4,3,2,432,Premium Customers
Spain,12556.0,50,2,513.66,4,2,3,423,Premium Customers
United Kingdom,13224.0,60,2,1807.92,3,2,4,324,Premium Customers
United Kingdom,18122.0,8,6,1609.62,5,4,4,544,Premium Customers
France,12722.0,115,2,726.1,3,2,3,323,Premium Customers
United Kingdom,17405.0,1,3,754.26,5,3,3,533,Premium Customers
United Kingdom,13311.0,4,2,408.8200000000001,5,2,2,522,Premium Customers
United Kingdom,15895.0,150,1,21.85,3,1,1,311,Premium Customers
United Kingdom,13667.0,149,1,252.2,3,1,2,312,Premium Customers
Finland,12405.0,149,1,1104.87,3,1,4,314,Premium Customers
United Kingdom,14862.0,26,2,727.62,4,2,3,423,Premium Customers
United Kingdom,16488.0,33,3,290.3,4,3,2,432,Premium Customers
United Kingdom,13933.0,109,2,576.99,3,2,3,323,Premium Customers
United Kingdom,15839.0,33,3,1022.21,4,3,4,434,Premium Customers
United Kingdom,13994.0,4,6,2002.19,5,4,5,545,Premium Customers
United Kingdom,17554.0,1,5,1220.91,5,4,4,544,Premium Customers
United Kingdom,15004.0,147,1,823.6,3,1,3,313,Premium Customers
United Kingdom,13507.0,3,4,1991.61,5,3,5,535,Premium Customers
United Kingdom,12833.0,145,1,307.03000000000003,3,1,2,312,Premium Customers
United Kingdom,16474.0,7,6,1681.25,5,4,4,544,Premium Customers
United Kingdom,16762.0,20,3,1110.34,4,3,4,434,Premium Customers
United Kingdom,13940.0,17,4,648.5600000000001,5,3,3,533,Premium Customers
United Kingdom,14029.0,63,2,315.66,3,2,2,322,Premium Customers
United Kingdom,14117.0,144,1,90.0,3,1,1,311,Premium Customers
United Kingdom,17779.0,21,3,494.86,4,3,3,433,Premium Customers
United Kingdom,13991.0,12,6,721.84,5,4,3,543,Premium Customers
United Kingdom,13827.0,58,3,237.65,4,3,2,432,Premium Customers
Germany,12560.0,5,2,1746.16,5,2,4,524,Premium Customers
United Kingdom,16764.0,4,13,2538.85,5,5,5,555,Premium Customers
United Kingdom,13629.0,143,1,281.01,3,1,2,312,Premium Customers
United Kingdom,18180.0,5,6,1637.38,5,4,4,544,Premium Customers
Germany,12521.0,143,1,499.03,3,1,3,313,Premium Customers
United Kingdom,17229.0,96,2,308.81,3,3,2,332,Premium Customers
United Kingdom,14456.0,5,9,2663.06,5,5,5,555,Premium Customers
United Kingdom,16464.0,20,3,1087.25,4,3,4,434,Premium Customers
United Kingdom,18143.0,117,2,895.8100000000001,3,3,4,334,Premium Customers
United Kingdom,14259.0,142,1,104.1,3,1,1,311,Premium Customers
United Kingdom,14517.0,33,2,192.55,4,2,1,421,Premium Customers
United Kingdom,15829.0,99,2,517.8199999999999,3,2,3,323,Premium Customers
United Kingdom,15232.0,113,2,358.06,3,2,2,322,Premium Customers
Norway,12438.0,14,2,1753.12,5,2,4,524,Premium Customers
Germany,12627.0,11,6,3675.3,5,4,5,545,Premium Customers
United Kingdom,13563.0,84,2,375.13,3,2,2,322,Premium Customers
United Kingdom,16305.0,139,1,361.22,3,1,2,312,Premium Customers
United Kingdom,17724.0,71,3,820.2,3,3,3,333,Premium Customers
United Kingdom,13116.0,138,1,291.29,3,1,2,312,Premium Customers
United Kingdom,14019.0,47,3,991.01,4,3,4,434,Premium Customers
United Kingdom,14100.0,138,1,144.25,3,1,1,311,Premium Customers
United Kingdom,16557.0,24,2,174.1,4,3,1,431,Premium Customers
United Kingdom,16364.0,12,2,467.64,5,2,3,523,Premium Customers
United Kingdom,17693.0,137,1,166.47,3,2,1,321,Premium Customers
United Kingdom,15618.0,33,4,739.951,4,4,3,443,Premium Customers
United Kingdom,13930.0,58,2,337.34,4,2,2,422,Premium Customers
United Kingdom,13379.0,26,3,521.36,4,3,3,433,Premium Customers
United Kingdom,14305.0,71,3,1811.16,3,3,4,334,Premium Customers
Belgium,12397.0,36,2,1720.01,4,2,4,424,Premium Customers
United Kingdom,14331.0,124,2,395.76,3,2,2,322,Premium Customers
United Kingdom,17870.0,2,11,1296.07,5,5,4,554,Premium Customers
United Kingdom,13925.0,93,4,411.1,3,3,2,332,Premium Customers
United Kingdom,18237.0,3,5,819.5699999999999,5,4,3,543,Premium Customers
Austria,12453.0,134,1,707.09,3,1,3,313,Premium Customers
United Kingdom,15746.0,134,1,182.96,3,1,1,311,Premium Customers
Unspecified,12743.0,134,2,418.93,3,2,2,322,Premium Customers
United Kingdom,15942.0,134,1,255.54,3,1,2,312,Premium Customers
United Kingdom,15120.0,134,1,244.4,3,1,2,312,Premium Customers
United Kingdom,14143.0,134,1,64.8,3,1,1,311,Premium Customers
United Kingdom,18081.0,36,3,290.58000000000004,4,3,2,432,Premium Customers
United Kingdom,14511.0,11,5,1173.41,5,4,4,544,Premium Customers
France,12716.0,4,2,912.91,5,2,4,524,Premium Customers
United Kingdom,15776.0,133,1,164.13,3,1,1,311,Premium Customers
United Kingdom,12981.0,30,2,372.22,4,2,2,422,Premium Customers
United Kingdom,13928.0,11,4,336.47,5,3,2,532,Premium Customers
United Kingdom,15438.0,131,1,137.13,3,1,1,311,Premium Customers
United Kingdom,17173.0,5,8,3226.9,5,5,5,555,Premium Customers
United Kingdom,17053.0,131,1,373.08,3,2,2,322,Premium Customers
Germany,12534.0,131,1,828.73,3,1,3,313,Premium Customers
United Kingdom,14567.0,57,2,1257.96,4,2,4,424,Premium Customers
Channel Islands,14937.0,57,2,1158.68,4,2,4,424,Premium Customers
United Kingdom,12828.0,3,6,961.96,5,4,4,544,Premium Customers
United Kingdom,15342.0,130,1,391.14,3,1,2,312,Premium Customers
United Kingdom,13075.0,130,1,477.21,3,1,3,313,Premium Customers
United Kingdom,17788.0,130,1,8.2,3,2,1,321,Premium Customers
United Kingdom,13850.0,129,1,1478.98,3,1,4,314,Premium Customers
United Kingdom,14076.0,129,1,101.72,3,1,1,311,Premium Customers
United Kingdom,17887.0,129,1,47.05,3,2,1,321,Premium Customers
United Kingdom,13186.0,40,3,1362.02,4,3,4,434,Premium Customers
Poland,12750.0,129,1,184.98,3,1,1,311,Premium Customers
United Kingdom,17656.0,73,5,1177.25,3,4,4,344,Premium Customers
United Kingdom,16102.0,42,3,1562.74,4,3,4,434,Premium Customers
United Kingdom,15089.0,10,6,1906.61,5,4,4,544,Premium Customers
France,12689.0,26,2,1020.21,4,2,4,424,Premium Customers
United Kingdom,14768.0,17,2,192.6,5,2,1,521,Premium Customers
United Kingdom,18099.0,127,1,160.36,3,2,1,321,Premium Customers
United Kingdom,15205.0,85,2,425.25,3,2,3,323,Premium Customers
United Kingdom,13218.0,127,1,56.76,3,1,1,311,Premium Customers
United Kingdom,17267.0,127,2,209.35,3,3,2,332,Premium Customers
United Kingdom,16302.0,127,1,233.22,3,1,2,312,Premium Customers
United Kingdom,14720.0,6,3,443.16,5,3,3,533,Premium Customers
United Kingdom,18282.0,8,2,113.13,5,3,1,531,Premium Customers
Italy,12610.0,23,4,1479.64,4,3,4,434,Premium Customers
United Kingdom,13200.0,22,3,607.27,4,3,3,433,Premium Customers
United Kingdom,14079.0,125,1,147.25,3,1,1,311,Premium Customers
United Kingdom,16066.0,17,5,1085.74,5,4,4,544,Premium Customers
United Kingdom,12885.0,63,3,977.22,3,3,4,334,Premium Customers
United Kingdom,13016.0,73,3,709.34,3,3,3,333,Premium Customers
United Kingdom,13355.0,122,1,516.0,3,1,3,313,Premium Customers
United Kingdom,13217.0,122,1,52.02,3,1,1,311,Premium Customers
Switzerland,12384.0,29,2,286.32,4,2,2,422,Premium Customers
France,12571.0,40,2,489.37,4,2,3,423,Premium Customers
United Kingdom,14116.0,20,5,1091.04,4,4,4,444,Premium Customers
United Kingdom,14495.0,51,2,123.8,4,2,1,421,Premium Customers
United Kingdom,17653.0,38,3,531.22,4,3,3,433,Premium Customers
United Kingdom,13645.0,120,1,30.6,3,1,1,311,Premium Customers
Norway,12381.0,5,5,1253.46,5,4,4,544,Premium Customers
United Kingdom,14406.0,119,1,106.25,3,1,1,311,Premium Customers
United Kingdom,14658.0,5,2,110.6,5,2,1,521,Premium Customers
United Kingdom,13621.0,117,1,209.85,3,1,2,312,Premium Customers
United Kingdom,16272.0,117,1,411.7,3,1,2,312,Premium Customers
United Kingdom,16902.0,116,1,1094.69,3,2,4,324,Premium Customers
United Kingdom,15706.0,65,3,714.16,3,3,3,333,Premium Customers
United Kingdom,15315.0,64,2,475.22,3,2,3,323,Premium Customers
United Kingdom,15653.0,116,1,48.0,3,1,1,311,Premium Customers
United Kingdom,13953.0,7,2,265.68,5,2,2,522,Premium Customers
United Kingdom,13159.0,9,4,1215.79,5,3,4,534,Premium Customers
United Kingdom,13189.0,19,2,167.28,5,2,1,521,Premium Customers
United Kingdom,17637.0,31,2,464.51,4,3,3,433,Premium Customers
Sweden,12641.0,115,1,128.9,3,1,1,311,Premium Customers
United Kingdom,13470.0,99,2,165.0,3,2,1,321,Premium Customers
United Kingdom,15541.0,114,1,85.13000000000001,3,1,1,311,Premium Customers
United Kingdom,16734.0,52,3,462.16,4,3,3,433,Premium Customers
United Kingdom,16706.0,37,3,398.1,4,3,2,432,Premium Customers
Israel,12688.0,114,1,2770.04,3,1,5,315,Premium Customers
France,12729.0,114,1,360.71,3,1,2,312,Premium Customers
United Kingdom,12962.0,7,2,240.89,5,2,2,522,Premium Customers
United Kingdom,13273.0,113,1,128.54,3,1,1,311,Premium Customers
United Kingdom,17736.0,9,2,215.59,5,3,2,532,Premium Customers
United Kingdom,15472.0,113,1,335.16,3,1,2,312,Premium Customers
France,12680.0,1,4,736.97,5,3,3,533,Premium Customers
United Kingdom,16582.0,113,1,50.1,3,1,1,311,Premium Customers
United Kingdom,17747.0,113,1,71.4,3,2,1,321,Premium Customers
France,12513.0,113,1,520.04,3,1,3,313,Premium Customers
United Kingdom,15396.0,113,1,204.28,3,1,2,312,Premium Customers
United Kingdom,16828.0,112,1,113.5,3,2,1,321,Premium Customers
United Kingdom,14772.0,112,1,126.51,3,1,1,311,Premium Customers
Belgium,12364.0,8,3,1106.28,5,3,4,534,Premium Customers
United Kingdom,12968.0,112,1,126.0,3,1,1,311,Premium Customers
United Kingdom,15701.0,2,4,1175.66,5,4,4,544,Premium Customers
Germany,12518.0,1,5,1750.09,5,4,4,544,Premium Customers
United Kingdom,14529.0,60,3,542.96,3,3,3,333,Premium Customers
United Kingdom,16536.0,110,1,356.17,3,1,2,312,Premium Customers
United Kingdom,15313.0,110,1,52.0,3,1,1,311,Premium Customers
United Kingdom,15801.0,46,3,997.85,4,3,4,434,Premium Customers
United Kingdom,14387.0,33,3,1458.25,4,3,4,434,Premium Customers
United Kingdom,17073.0,18,4,1143.02,5,4,4,544,Premium Customers
United Kingdom,18147.0,46,2,147.83999999999995,4,3,1,431,Premium Customers
United Kingdom,14523.0,108,1,160.91,3,1,1,311,Premium Customers
United Kingdom,14418.0,4,3,1517.64,5,3,4,534,Premium Customers
Germany,12642.0,25,3,743.77,4,3,3,433,Premium Customers
United Kingdom,16968.0,4,2,370.73,5,3,2,532,Premium Customers
United Kingdom,13411.0,107,1,203.6,3,1,2,312,Premium Customers
United Kingdom,13236.0,25,2,592.33,4,2,3,423,Premium Customers
United Kingdom,14196.0,107,1,73.72,3,1,1,311,Premium Customers
United Kingdom,15263.0,107,1,139.51,3,1,1,311,Premium Customers
United Kingdom,16093.0,107,1,17.0,3,1,1,311,Premium Customers
Canada,17844.0,107,1,51.56,3,2,1,321,Premium Customers
United Kingdom,14050.0,32,2,746.36,4,2,3,423,Premium Customers
United Kingdom,16429.0,106,1,4.95,3,1,1,311,Premium Customers
Sweden,12715.0,106,1,263.36,3,1,2,312,Premium Customers
United Kingdom,15663.0,106,1,124.1,3,1,1,311,Premium Customers
United Kingdom,18200.0,106,1,150.35,3,2,1,321,Premium Customers
United Kingdom,18167.0,23,3,1259.46,4,3,4,434,Premium Customers
United Kingdom,13644.0,16,4,1979.09,5,3,5,535,Premium Customers
United Kingdom,17451.0,1,7,1638.8,5,4,4,544,Premium Customers
Germany,13812.0,42,3,452.1,4,3,3,433,Premium Customers
United Kingdom,14141.0,3,4,902.38,5,3,4,534,Premium Customers
United Kingdom,17183.0,8,6,2326.41,5,4,5,545,Premium Customers
United Kingdom,14096.0,4,17,36019.84,5,5,5,555,New Customers
United Kingdom,15866.0,101,1,161.49,3,1,1,311,Premium Customers
United Kingdom,14660.0,87,2,256.24,3,2,2,322,Premium Customers
United Kingdom,13726.0,39,2,429.12,4,2,3,423,Premium Customers
United Kingdom,15690.0,4,2,201.48,5,2,2,522,Premium Customers
United Kingdom,17777.0,25,3,629.11,4,3,3,433,Premium Customers
Norway,12436.0,100,1,429.0100000000001,3,1,3,313,Premium Customers
United Kingdom,13147.0,43,2,237.6,4,2,2,422,Premium Customers
United Kingdom,18027.0,99,1,115.31,3,2,1,321,Premium Customers
Portugal,12794.0,53,2,795.51,4,2,3,423,Premium Customers
United Kingdom,12832.0,32,2,366.53,4,2,2,422,Premium Customers
United Kingdom,16989.0,7,3,110.54999999999998,5,3,1,531,Premium Customers
United Kingdom,16674.0,55,2,293.84000000000003,4,3,2,432,Premium Customers
Finland,12375.0,11,2,283.3,5,2,2,522,Premium Customers
United Kingdom,16173.0,16,6,1216.62,5,4,4,544,Premium Customers
United Kingdom,16761.0,97,1,195.9,3,2,1,321,Premium Customers
United Kingdom,14067.0,64,2,275.04,3,2,2,322,Premium Customers
United Kingdom,13808.0,6,5,1115.66,5,4,4,544,Premium Customers
Germany,14335.0,16,2,409.2,5,2,2,522,Premium Customers
United Kingdom,14965.0,96,1,461.64,3,1,3,313,Premium Customers
United Kingdom,15136.0,3,4,1234.5,5,3,4,534,Premium Customers
United Kingdom,16629.0,74,2,328.95,3,3,2,332,Premium Customers
United Kingdom,18261.0,43,2,314.29,4,3,2,432,Premium Customers
United Kingdom,15307.0,96,1,119.20000000000002,3,1,1,311,Premium Customers
United Kingdom,16820.0,96,1,415.94,3,2,2,322,Premium Customers
United Kingdom,13949.0,3,6,2119.84,5,4,5,545,Premium Customers
United Kingdom,14360.0,32,4,1722.63,4,3,4,434,Premium Customers
Germany,12526.0,1,3,1074.46,5,3,4,534,Premium Customers
United Kingdom,13130.0,94,1,64.0,3,1,1,311,Premium Customers
United Kingdom,13210.0,94,1,293.0,3,1,2,312,Premium Customers
United Kingdom,17481.0,4,4,1091.96,5,4,4,544,Premium Customers
France,12685.0,28,6,2437.65,4,4,5,445,Premium Customers
United Kingdom,17573.0,29,3,336.44,4,3,2,432,Premium Customers
United Kingdom,18222.0,93,1,333.87,3,2,2,322,Premium Customers
United Kingdom,13244.0,93,1,94.79,3,1,1,311,Premium Customers
United Kingdom,12879.0,45,3,220.66,4,3,2,432,Premium Customers
United Kingdom,16603.0,75,2,465.97,3,3,3,333,Premium Customers
United Kingdom,16910.0,4,8,1136.41,5,5,4,554,Premium Customers
United Kingdom,15035.0,90,1,227.29,3,1,2,312,Premium Customers
United Kingdom,13272.0,31,2,205.66000000000005,4,2,2,422,Premium Customers
United Kingdom,13372.0,90,1,290.04,3,1,2,312,Premium Customers
United Kingdom,14250.0,7,3,1823.13,5,3,4,534,Premium Customers
United Kingdom,16796.0,89,1,305.62,3,2,2,322,Premium Customers
United Kingdom,14432.0,10,6,2025.91,5,4,5,545,Premium Customers
United Kingdom,12883.0,25,4,527.87,4,3,3,433,Premium Customers
United Kingdom,12965.0,89,1,595.61,3,1,3,313,Premium Customers
United Kingdom,15533.0,19,3,504.42,5,3,3,533,Premium Customers
United Kingdom,18158.0,9,2,453.4,5,3,3,533,Premium Customers
United Kingdom,12884.0,88,1,107.25,3,1,1,311,Premium Customers
United Kingdom,16360.0,5,6,2929.14,5,4,5,545,Premium Customers
United Kingdom,13704.0,5,9,1817.8,5,5,4,554,Premium Customers
United Kingdom,14359.0,19,3,799.08,5,3,3,533,Premium Customers
United Kingdom,12940.0,55,2,515.62,4,2,3,423,Premium Customers
United Kingdom,15522.0,33,2,326.65,4,2,2,422,Premium Customers
United Kingdom,17037.0,88,1,1182.32,3,2,4,324,Premium Customers
United Kingdom,12822.0,71,2,743.28,3,2,3,323,Premium Customers
United Kingdom,15343.0,87,1,153.7,3,1,1,311,Premium Customers
United Kingdom,16959.0,87,1,117.35,3,2,1,321,Premium Customers
United Kingdom,12895.0,42,2,335.05,4,2,2,422,Premium Customers
United Kingdom,13860.0,1,5,1106.93,5,4,4,544,Premium Customers
Japan,12756.0,87,1,50.88,3,1,1,311,Premium Customers
United Kingdom,15933.0,21,3,1035.05,4,3,4,434,Premium Customers
United Kingdom,15103.0,31,2,573.46,4,2,3,423,Premium Customers
United Kingdom,15707.0,35,4,793.76,4,4,3,443,Premium Customers
United Kingdom,13430.0,19,2,574.25,5,2,3,523,Premium Customers
Germany,12566.0,86,1,222.13,3,1,2,312,Premium Customers
United Kingdom,13321.0,86,1,259.04,3,1,2,312,Premium Customers
United Kingdom,17333.0,86,1,479.13,3,2,3,323,Premium Customers
United Kingdom,13518.0,86,1,535.44,3,1,3,313,Premium Customers
United Kingdom,17434.0,2,7,2021.72,5,4,5,545,Premium Customers
United Kingdom,15511.0,12,5,530.9300000000001,5,4,3,543,Premium Customers
United Kingdom,16189.0,16,2,125.57999999999998,5,2,1,521,Premium Customers
United Kingdom,15417.0,85,1,508.8,3,1,3,313,Premium Customers
United Kingdom,14557.0,85,1,287.44,3,1,2,312,Premium Customers
United Kingdom,17144.0,1,2,537.1800000000001,5,3,3,533,Premium Customers
United Kingdom,16924.0,21,3,681.39,4,3,3,433,Premium Customers
United Kingdom,15099.0,84,1,238.7,3,1,2,312,Premium Customers
United Kingdom,13323.0,3,5,583.85,5,4,3,543,Premium Customers
United Kingdom,15975.0,84,1,371.01,3,1,2,312,Premium Customers
United Kingdom,16878.0,84,1,13.3,3,2,1,321,Premium Customers
United Kingdom,15947.0,83,1,349.64000000000004,3,1,2,312,Premium Customers
United Kingdom,13247.0,18,4,474.72,5,3,3,533,Premium Customers
United Kingdom,16689.0,76,2,293.52,3,3,2,332,Premium Customers
United Kingdom,16438.0,6,5,748.6,5,4,3,543,Premium Customers
United Kingdom,16460.0,28,3,726.0,4,3,3,433,Premium Customers
United Kingdom,13325.0,82,1,471.3,3,1,3,313,Premium Customers
France,12640.0,24,3,609.53,4,3,3,433,Premium Customers
United Kingdom,13774.0,82,1,314.15,3,1,2,312,Premium Customers
Germany,12497.0,82,1,20.4,3,1,1,311,Premium Customers
Norway,12752.0,81,1,854.12,3,1,4,314,Premium Customers
United Kingdom,15500.0,8,4,837.13,5,4,3,543,Premium Customers
United Kingdom,17557.0,14,3,525.01,5,3,3,533,Premium Customers
United Kingdom,14356.0,80,2,480.93,3,2,3,323,Premium Customers
United Kingdom,17628.0,81,1,75.75,3,2,1,321,Premium Customers
United Kingdom,16215.0,81,1,186.9,3,1,1,311,Premium Customers
United Kingdom,14164.0,81,1,374.4,3,1,2,312,Premium Customers
United Kingdom,17564.0,24,3,409.36,4,3,2,432,Premium Customers
United Kingdom,13356.0,80,1,548.59,3,1,3,313,Premium Customers
Belgium,12390.0,80,1,407.74,3,1,2,312,Premium Customers
United Kingdom,18228.0,57,2,760.0,4,3,3,433,Premium Customers
United Kingdom,17415.0,80,1,138.44,3,2,1,321,Premium Customers
United Kingdom,13350.0,16,2,652.77,5,2,3,523,Premium Customers
Spain,12550.0,79,1,748.88,3,1,3,313,Premium Customers
United Kingdom,16627.0,79,1,162.38,3,2,1,321,Premium Customers
United Kingdom,17475.0,79,1,194.37,3,2,1,321,Premium Customers
United Kingdom,14951.0,79,1,259.52,3,1,2,312,Premium Customers
United Kingdom,14780.0,55,2,400.88,4,2,2,422,Premium Customers
United Kingdom,15399.0,1,3,768.97,5,3,3,533,Premium Customers
United Kingdom,17466.0,10,2,531.88,5,3,3,533,Premium Customers
United Kingdom,16379.0,4,4,2006.68,5,4,5,545,Premium Customers
United Kingdom,15239.0,10,2,749.67,5,2,3,523,Premium Customers
United Kingdom,16213.0,79,1,82.5,3,1,1,311,Premium Customers
United Kingdom,14261.0,79,1,633.79,3,1,3,313,Premium Customers
France,12657.0,11,3,623.0,5,3,3,533,Premium Customers
United Kingdom,12936.0,17,3,911.9,5,3,4,534,Premium Customers
United Kingdom,16236.0,78,1,416.3,3,1,2,312,Premium Customers
United Kingdom,16669.0,24,3,1106.18,4,3,4,434,Premium Customers
United Kingdom,15398.0,16,2,1283.63,5,2,4,524,Premium Customers
United Kingdom,12906.0,12,5,1108.02,5,4,4,544,Premium Customers
United Kingdom,17079.0,78,1,118.8,3,2,1,321,Premium Customers
United Kingdom,14125.0,11,3,2376.73,5,3,5,535,Premium Customers
United Kingdom,12952.0,6,4,1058.26,5,3,4,534,Premium Customers
France,12579.0,78,1,329.12,3,1,2,312,Premium Customers
United Kingdom,13279.0,78,1,137.75,3,1,1,311,Premium Customers
Spain,12546.0,47,2,969.58,4,2,4,424,Premium Customers
United Kingdom,15744.0,78,1,6.959999999999999,3,1,1,311,Premium Customers
United Kingdom,13127.0,78,1,259.17,3,1,2,312,Premium Customers
United Kingdom,15763.0,32,2,602.87,4,2,3,423,Premium Customers
United Kingdom,15075.0,78,1,496.78,3,1,3,313,Premium Customers
United Kingdom,16240.0,24,2,2055.47,4,2,5,425,Premium Customers
United Kingdom,13336.0,77,1,752.8000000000001,3,1,3,313,Premium Customers
United Kingdom,14652.0,77,1,94.28,3,1,1,311,Premium Customers
United Kingdom,15762.0,65,2,482.95,3,2,3,323,Premium Customers
United Kingdom,15475.0,77,1,406.31,3,1,2,312,Premium Customers
France,12488.0,10,3,952.16,5,3,4,534,Premium Customers
United Kingdom,16169.0,8,4,1651.8200000000002,5,4,4,544,Premium Customers
United Kingdom,17506.0,76,1,302.2,3,2,2,322,Premium Customers
United Kingdom,16480.0,76,1,416.57,3,1,2,312,Premium Customers
United Kingdom,17498.0,76,1,235.74,3,2,2,322,Premium Customers
United Kingdom,17131.0,5,4,1839.12,5,4,4,544,Premium Customers
United Kingdom,13536.0,1,7,2451.61,5,4,5,545,Premium Customers
United Kingdom,17154.0,75,1,299.1,3,2,2,322,Premium Customers
United Kingdom,15429.0,27,2,321.68,4,2,2,422,Premium Customers
United Kingdom,16594.0,75,1,123.44,3,2,1,321,Premium Customers
United Kingdom,14757.0,75,1,395.5,3,1,2,312,Premium Customers
United Kingdom,13670.0,75,1,333.2,3,1,2,312,Premium Customers
Portugal,12783.0,2,4,1011.3,5,3,4,534,Premium Customers
United Kingdom,13429.0,11,4,816.69,5,3,3,533,Premium Customers
United Kingdom,13390.0,75,1,304.68,3,1,2,312,Premium Customers
United Kingdom,18205.0,36,2,408.86,4,3,2,432,Premium Customers
United Kingdom,15492.0,28,2,504.74,4,2,3,423,Premium Customers
United Kingdom,15344.0,32,2,187.79,4,2,1,421,Premium Customers
United Kingdom,13866.0,74,1,145.67000000000002,3,1,1,311,Premium Customers
United Kingdom,14473.0,74,1,95.28,3,1,1,311,Premium Customers
Germany,12612.0,74,1,654.0,3,1,3,313,Premium Customers
United Kingdom,16999.0,23,2,289.92,4,3,2,432,Premium Customers
United Kingdom,13314.0,2,3,666.69,5,3,3,533,Premium Customers
United Kingdom,17805.0,74,1,211.83,3,2,2,322,Premium Customers
United Kingdom,16181.0,73,1,163.94,3,1,1,311,Premium Customers
United Kingdom,15568.0,3,3,724.39,5,3,3,533,Premium Customers
United Kingdom,14109.0,73,1,144.2,3,1,1,311,Premium Customers
United Kingdom,16157.0,16,3,369.9500000000001,5,3,2,532,Premium Customers
United Kingdom,15348.0,72,1,158.04,3,1,1,311,Premium Customers
United Kingdom,13924.0,2,6,1544.05,5,4,4,544,Premium Customers
United Kingdom,14434.0,22,6,964.8,4,4,4,444,Premium Customers
United Kingdom,13061.0,72,1,200.31,3,1,1,311,Premium Customers
United Kingdom,16909.0,72,1,213.72,3,2,2,322,Premium Customers
United Kingdom,18192.0,72,1,698.82,3,2,3,323,Premium Customers
United Kingdom,17447.0,40,2,541.53,4,3,3,433,Premium Customers
United Kingdom,17427.0,72,1,100.8,3,2,1,321,Premium Customers
United Kingdom,15175.0,72,1,212.5,3,1,2,312,Premium Customers
United Kingdom,13960.0,21,2,230.22,4,2,2,422,Premium Customers
United Kingdom,17528.0,1,8,2755.06,5,5,5,555,Premium Customers
United Kingdom,16361.0,10,4,711.36,5,4,3,543,Premium Customers
United Kingdom,13886.0,71,1,218.56,3,1,2,312,Premium Customers
United Kingdom,13354.0,71,1,684.91,3,1,3,313,Premium Customers
United Kingdom,16653.0,16,2,1043.31,5,3,4,534,Premium Customers
United Kingdom,17306.0,11,3,109.92,5,3,1,531,Premium Customers
United Kingdom,13759.0,33,2,439.59,4,2,3,423,Premium Customers
United Kingdom,17813.0,14,5,1156.17,5,4,4,544,Premium Customers
France,12718.0,71,1,182.35,3,1,1,311,Premium Customers
United Kingdom,15949.0,17,2,349.6,5,2,2,522,Premium Customers
United Kingdom,13364.0,71,1,134.96,3,1,1,311,Premium Customers
United Kingdom,16268.0,71,2,495.2,3,2,3,323,Premium Customers
United Kingdom,15565.0,50,2,123.66,4,2,1,421,Premium Customers
United Kingdom,13954.0,2,2,307.82,5,2,2,522,Premium Customers
United Kingdom,15593.0,71,1,199.8,3,1,1,311,Premium Customers
United Kingdom,13095.0,71,1,60.48,3,1,1,311,Premium Customers
United Kingdom,13347.0,70,1,148.79999999999998,3,1,1,311,Premium Customers
United Kingdom,15185.0,70,1,139.92000000000002,3,1,1,311,Premium Customers
United Kingdom,16404.0,70,1,296.45,3,1,2,312,Premium Customers
United Kingdom,16613.0,70,1,586.79,3,2,3,323,Premium Customers
United Kingdom,16591.0,69,1,213.5,3,1,2,312,Premium Customers
United Kingdom,13558.0,6,4,550.57,5,3,3,533,Premium Customers
United Kingdom,16930.0,26,3,292.17,4,3,2,432,Premium Customers
United Kingdom,16533.0,19,3,896.97,5,3,4,534,Premium Customers
United Kingdom,18059.0,23,3,290.56,4,3,2,432,Premium Customers
United Kingdom,14488.0,68,1,706.18,3,1,3,313,Premium Customers
United Kingdom,16747.0,38,2,590.73,4,3,3,433,Premium Customers
United Kingdom,14333.0,68,1,188.2,3,1,1,311,Premium Customers
United Kingdom,17330.0,23,2,273.9,4,3,2,432,Premium Customers
United Kingdom,14815.0,37,2,737.22,4,2,3,423,Premium Customers
United Kingdom,15088.0,21,2,825.52,4,2,3,423,Premium Customers
United Kingdom,15930.0,67,1,393.63,3,1,2,312,Premium Customers
United Kingdom,13801.0,67,1,247.1,3,1,2,312,Premium Customers
United Kingdom,17014.0,8,3,484.98,5,3,3,533,Premium Customers
United Kingdom,14184.0,67,1,245.59,3,1,2,312,Premium Customers
United Kingdom,13351.0,66,1,323.94,3,1,2,312,Premium Customers
United Kingdom,15739.0,66,1,77.6,3,1,1,311,Premium Customers
Israel,12512.0,66,2,124.23,3,2,1,321,Premium Customers
United Kingdom,17957.0,66,1,96.25,3,2,1,321,Premium Customers
United Kingdom,16106.0,66,1,108.38,3,1,1,311,Premium Customers
United Kingdom,13483.0,66,1,140.34,3,1,1,311,Premium Customers
United Kingdom,16478.0,25,2,251.26,4,2,2,422,Premium Customers
United Kingdom,16020.0,17,3,707.01,5,3,3,533,Premium Customers
United Kingdom,16160.0,65,1,173.09999999999997,3,1,1,311,Premium Customers
United Kingdom,16803.0,65,1,332.3,3,2,2,322,Premium Customers
United Kingdom,13947.0,65,1,90.6,3,1,1,311,Premium Customers
United Kingdom,16758.0,65,1,207.86,3,2,2,322,Premium Customers
France,12719.0,5,2,498.55,5,2,3,523,Premium Customers
United Kingdom,14054.0,65,1,92.46,3,1,1,311,Premium Customers
France,12723.0,4,4,580.33,5,3,3,533,Premium Customers
United Kingdom,18033.0,65,1,71.82000000000001,3,2,1,321,Premium Customers
United Kingdom,13845.0,65,1,157.86,3,1,1,311,Premium Customers
Germany,12628.0,4,3,665.46,5,3,3,533,Premium Customers
United Kingdom,14317.0,65,1,375.58,3,1,2,312,Premium Customers
United Kingdom,16295.0,10,4,967.26,5,4,4,544,Premium Customers
United Kingdom,17295.0,29,3,400.12,4,3,2,432,Premium Customers
United Kingdom,13504.0,64,1,260.48,3,1,2,312,Premium Customers
United Kingdom,13422.0,64,1,2292.0,3,1,5,315,Premium Customers
United Kingdom,16432.0,64,1,111.0,3,1,1,311,Premium Customers
Germany,13816.0,24,2,420.42,4,2,2,422,Premium Customers
United Kingdom,14518.0,64,1,112.44,3,1,1,311,Premium Customers
United Kingdom,13882.0,3,5,686.34,5,4,3,543,Premium Customers
United Kingdom,15937.0,64,1,145.35,3,1,1,311,Premium Customers
United Kingdom,17453.0,18,2,457.47,5,3,3,533,Premium Customers
United Kingdom,15300.0,64,1,454.44,3,1,3,313,Premium Customers
United Kingdom,13348.0,64,1,233.76,3,1,2,312,Premium Customers
United Kingdom,14592.0,35,3,516.29,4,3,3,433,Premium Customers
United Kingdom,17030.0,64,1,115.95,3,2,1,321,Premium Customers
Cyprus,12420.0,64,1,380.3,3,1,2,312,Premium Customers
United Kingdom,14792.0,64,1,6.2,3,1,1,311,Premium Customers
United Kingdom,14138.0,2,2,965.88,5,2,4,524,Premium Customers
United Kingdom,15297.0,10,3,624.94,5,3,3,533,Premium Customers
United Kingdom,13876.0,64,1,98.8,3,1,1,311,Premium Customers
France,12740.0,64,1,344.8,3,1,2,312,Premium Customers
United Kingdom,17086.0,7,6,1307.9,5,4,4,544,Premium Customers
United Kingdom,13806.0,64,1,218.13,3,1,2,312,Premium Customers
United Kingdom,12856.0,8,6,1960.03,5,4,5,545,Premium Customers
United Kingdom,13419.0,64,1,221.06,3,1,2,312,Premium Customers
United Kingdom,17509.0,58,8,6083.64,4,5,5,455,Premium Customers
United Kingdom,16900.0,17,3,753.9,5,3,3,533,Premium Customers
United Kingdom,13755.0,4,9,1626.66,5,5,4,554,Premium Customers
United Kingdom,16248.0,62,1,152.94,3,1,1,311,Premium Customers
United Kingdom,15612.0,36,2,180.15,4,2,1,421,Premium Customers
United Kingdom,15787.0,26,3,752.5600000000001,4,3,3,433,Premium Customers
United Kingdom,13260.0,61,1,82.32000000000001,3,1,1,311,Premium Customers
United Kingdom,15821.0,44,2,396.86,4,2,2,422,Premium Customers
United Kingdom,18088.0,61,1,132.03,3,2,1,321,Premium Customers
United Kingdom,16685.0,61,1,227.82,3,2,2,322,Premium Customers
United Kingdom,13193.0,61,1,95.13,3,1,1,311,Premium Customers
United Kingdom,13212.0,20,3,527.48,4,3,3,433,Premium Customers
United Kingdom,14801.0,61,1,180.84,3,1,1,311,Premium Customers
United Kingdom,16380.0,61,1,142.79,3,1,1,311,Premium Customers
United Kingdom,15193.0,61,1,336.95,3,1,2,312,Premium Customers
United Kingdom,14027.0,61,1,104.82,3,1,1,311,Premium Customers
United Kingdom,16179.0,61,1,177.58,3,1,1,311,Premium Customers
United Kingdom,17425.0,61,1,655.97,3,2,3,323,Premium Customers
United Kingdom,18169.0,61,1,151.65,3,2,1,321,Premium Customers
United Kingdom,18126.0,61,1,192.67,3,2,1,321,Premium Customers
United Kingdom,16688.0,1,4,1000.88,5,4,4,544,Premium Customers
United Kingdom,16982.0,61,1,384.06,3,2,2,322,Premium Customers
United Kingdom,13352.0,60,1,316.17999999999995,3,1,2,312,Premium Customers
United Kingdom,15553.0,60,1,382.63,3,1,2,312,Premium Customers
USA,12607.0,60,1,1490.26,3,1,4,314,Premium Customers
United Kingdom,17459.0,43,2,551.99,4,3,3,433,Premium Customers
Portugal,12772.0,60,1,615.3199999999999,3,1,3,313,Premium Customers
United Kingdom,16561.0,6,2,494.12,5,3,3,533,Premium Customers
United Kingdom,14121.0,4,4,2370.56,5,3,5,535,Premium Customers
United Kingdom,17119.0,3,2,477.79,5,3,3,533,Premium Customers
United Kingdom,17620.0,60,1,47.44,3,2,1,321,Premium Customers
United Kingdom,12824.0,60,1,316.42,3,1,2,312,Premium Customers
United Kingdom,16171.0,59,1,73.2,4,1,1,411,Premium Customers
France,12536.0,59,1,3659.97,4,1,5,415,Premium Customers
United Kingdom,13690.0,59,1,81.60000000000001,4,1,1,411,Premium Customers
United Kingdom,14642.0,59,1,19.8,4,1,1,411,Premium Customers
France,12602.0,59,1,129.22,4,1,1,411,Premium Customers
United Kingdom,16753.0,58,1,198.92,4,2,1,421,Premium Customers
United Kingdom,17737.0,9,2,137.64,5,3,1,531,Premium Customers
Finland,12667.0,58,1,410.23,4,1,2,412,Premium Customers
Germany,12498.0,21,3,349.70000000000005,4,3,2,432,Premium Customers
United Kingdom,17279.0,58,1,25.43,4,2,1,421,Premium Customers
United Kingdom,14251.0,2,5,1796.82,5,4,4,544,Premium Customers
RSA,12446.0,58,1,734.36,4,1,3,413,Premium Customers
United Kingdom,14234.0,22,4,706.92,4,3,3,433,Premium Customers
United Kingdom,13853.0,57,1,547.3,4,1,3,413,Premium Customers
United Kingdom,16793.0,57,1,226.84,4,2,2,422,Premium Customers
United Kingdom,18130.0,15,3,941.16,5,3,4,534,Premium Customers
United Kingdom,17614.0,57,1,346.72,4,2,2,422,Premium Customers
United Kingdom,13858.0,57,1,182.67,4,1,1,411,Premium Customers
United Kingdom,14856.0,36,3,899.09,4,3,4,434,Premium Customers
United Kingdom,14089.0,57,1,111.05,4,1,1,411,Premium Customers
Germany,13810.0,29,2,609.16,4,2,3,423,Premium Customers
United Kingdom,13006.0,56,1,11.52,4,1,1,411,Premium Customers
United Kingdom,17986.0,56,1,20.8,4,2,1,421,Premium Customers
Spain,12454.0,56,1,66.4,4,1,1,411,Premium Customers
United Kingdom,14910.0,3,4,374.65,5,3,2,532,Premium Customers
United Kingdom,16243.0,34,2,227.4,4,2,2,422,Premium Customers
United Kingdom,14547.0,4,8,3315.76,5,4,5,545,Premium Customers
United Kingdom,16052.0,54,1,303.54,4,1,2,412,Premium Customers
United Kingdom,15113.0,10,3,1590.19,5,3,4,534,Premium Customers
United Kingdom,13685.0,3,4,20.92,5,3,1,531,Premium Customers
United Kingdom,17520.0,54,1,441.29,4,2,3,423,Premium Customers
United Kingdom,13923.0,54,1,317.63,4,1,2,412,Premium Customers
United Kingdom,15335.0,54,1,161.72,4,1,1,411,Premium Customers
United Kingdom,15066.0,53,1,701.79,4,1,3,413,Premium Customers
United Kingdom,17206.0,53,1,204.24,4,2,2,422,Premium Customers
United Kingdom,16363.0,53,1,75.36,4,1,1,411,Premium Customers
United Kingdom,14830.0,53,1,180.63,4,1,1,411,Premium Customers
United Kingdom,15355.0,29,2,189.3,4,2,1,421,Premium Customers
United Kingdom,14015.0,53,1,607.62,4,1,3,413,Premium Customers
United Kingdom,15327.0,53,1,125.1,4,1,1,411,Premium Customers
United Kingdom,14554.0,10,4,1863.18,5,3,4,534,Premium Customers
Italy,12611.0,52,1,924.52,4,1,4,414,Premium Customers
United Kingdom,14179.0,41,2,548.67,4,2,3,423,Premium Customers
United Kingdom,15604.0,52,1,216.39,4,1,2,412,Premium Customers
Germany,12572.0,9,2,650.87,5,2,3,523,Premium Customers
United Kingdom,16123.0,52,1,254.88,4,1,2,412,Premium Customers
United Kingdom,16851.0,4,3,322.29,5,3,2,532,Premium Customers
United Kingdom,17148.0,52,1,124.88,4,2,1,421,Premium Customers
United Kingdom,17549.0,24,2,16.439999999999998,4,3,1,431,Premium Customers
United Kingdom,17973.0,52,1,299.48,4,2,2,422,Premium Customers
United Kingdom,15610.0,52,1,112.46,4,1,1,411,Premium Customers
United Kingdom,15853.0,52,1,110.8,4,1,1,411,Premium Customers
United Kingdom,18019.0,52,1,28.5,4,2,1,421,Premium Customers
United Kingdom,14698.0,2,5,1049.07,5,4,4,544,Premium Customers
United Kingdom,16826.0,51,1,279.45,4,2,2,422,Premium Customers
United Kingdom,17824.0,51,1,235.84,4,2,2,422,Premium Customers
Germany,12522.0,39,2,152.72,4,2,1,421,Premium Customers
United Kingdom,16260.0,51,1,427.4500000000001,4,1,3,413,Premium Customers
United Kingdom,14638.0,51,1,269.6,4,1,2,412,Premium Customers
United Kingdom,14923.0,51,1,629.6,4,1,3,413,Premium Customers
United Kingdom,14477.0,51,1,83.2,4,1,1,411,Premium Customers
United Kingdom,17125.0,50,1,158.78,4,2,1,421,Premium Customers
United Kingdom,15836.0,50,1,49.97,4,1,1,411,Premium Customers
United Kingdom,16313.0,3,2,203.57,5,2,2,522,Premium Customers
United Kingdom,13460.0,29,2,183.44,4,2,1,421,Premium Customers
United Kingdom,15286.0,50,1,240.55,4,1,2,412,Premium Customers
United Kingdom,17832.0,50,1,148.53,4,2,1,421,Premium Customers
USA,12646.0,5,2,838.16,5,2,3,523,Premium Customers
United Kingdom,16015.0,4,3,566.85,5,3,3,533,Premium Customers
United Kingdom,16311.0,18,2,568.89,5,2,3,523,Premium Customers
United Kingdom,15740.0,49,1,126.8,4,1,1,411,Premium Customers
United Kingdom,15000.0,48,1,443.42,4,1,3,413,Premium Customers
United Kingdom,13471.0,1,4,2210.64,5,3,5,535,Premium Customers
United Kingdom,18005.0,4,2,163.02,5,3,1,531,Premium Customers
United Kingdom,15427.0,33,3,1254.35,4,3,4,434,Premium Customers
United Kingdom,17836.0,47,1,110.21,4,2,1,421,Premium Customers
United Kingdom,14629.0,4,2,564.91,5,2,3,523,Premium Customers
United Kingdom,15592.0,47,1,314.66,4,1,2,412,Premium Customers
United Kingdom,15516.0,45,3,53.93,4,3,1,431,Premium Customers
United Kingdom,14764.0,47,1,79.8,4,1,1,411,Premium Customers
United Kingdom,18240.0,46,1,125.58,4,2,1,421,Premium Customers
United Kingdom,15844.0,46,1,108.84,4,1,1,411,Premium Customers
United Kingdom,13176.0,46,1,337.43,4,1,2,412,Premium Customers
Switzerland,12398.0,46,1,1349.44,4,1,4,414,Premium Customers
United Kingdom,15345.0,46,1,230.39,4,1,2,412,Premium Customers
United Kingdom,16708.0,46,1,571.03,4,2,3,423,Premium Customers
United Kingdom,15963.0,20,2,434.36,4,2,3,423,Premium Customers
United Kingdom,18045.0,45,1,145.09,4,2,1,421,Premium Customers
United Kingdom,13182.0,45,1,121.18,4,1,1,411,Premium Customers
United Kingdom,13028.0,23,2,613.4399999999999,4,2,3,423,Premium Customers
United Kingdom,13978.0,15,2,132.53,5,2,1,521,Premium Customers
United Kingdom,16056.0,45,1,485.85,4,1,3,413,Premium Customers
Japan,12812.0,45,1,229.64,4,1,2,412,Premium Customers
United Kingdom,14539.0,16,2,500.32,5,2,3,523,Premium Customers
United Kingdom,17712.0,45,1,403.21,4,2,2,422,Premium Customers
United Kingdom,14102.0,5,5,563.48,5,4,3,543,Premium Customers
United Kingdom,15320.0,44,1,189.03,4,1,1,411,Premium Customers
Spain,12448.0,44,1,283.95,4,1,2,412,Premium Customers
United Kingdom,12827.0,6,3,430.15,5,3,3,533,Premium Customers
United Kingdom,15993.0,9,6,2248.68,5,4,5,545,Premium Customers
United Kingdom,17895.0,44,1,80.36,4,2,1,421,Premium Customers
Finland,12630.0,10,2,905.08,5,2,4,524,Premium Customers
United Kingdom,17684.0,44,1,201.01,4,2,2,422,Premium Customers
United Kingdom,14752.0,44,1,129.0,4,1,1,411,Premium Customers
United Kingdom,14971.0,35,3,808.7,4,3,3,433,Premium Customers
United Kingdom,16026.0,43,1,236.09,4,1,2,412,Premium Customers
United Kingdom,16513.0,5,4,874.59,5,4,4,544,Premium Customers
Norway,12430.0,43,1,168.6,4,1,1,411,Premium Customers
United Kingdom,14357.0,43,1,215.17,4,1,2,412,Premium Customers
United Kingdom,16855.0,24,2,285.8,4,3,2,432,Premium Customers
United Kingdom,18035.0,36,3,240.93,4,3,2,432,Premium Customers
United Kingdom,16164.0,17,3,678.54,5,3,3,533,Premium Customers
United Kingdom,14218.0,43,1,169.48000000000002,4,1,1,411,Premium Customers
United Kingdom,15096.0,43,1,206.89,4,1,2,412,Premium Customers
United Kingdom,18030.0,4,2,35.45,5,3,1,531,Premium Customers
United Kingdom,14416.0,22,2,189.5,4,2,1,421,Premium Customers
United Kingdom,17839.0,42,1,318.15,4,2,2,422,Premium Customers
United Kingdom,12912.0,8,4,735.66,5,3,3,533,Premium Customers
United Kingdom,14582.0,41,1,94.21,4,1,1,411,Premium Customers
United Kingdom,16079.0,17,3,98.34,5,3,1,531,Premium Customers
United Kingdom,17590.0,2,3,1200.19,5,3,4,534,Premium Customers
United Kingdom,15054.0,12,2,277.95,5,2,2,522,Premium Customers
United Kingdom,14158.0,40,1,397.38,4,1,2,412,Premium Customers
United Kingdom,16506.0,20,2,90.3,4,2,1,421,Premium Customers
United Kingdom,13822.0,6,2,454.8,5,2,3,523,Premium Customers
United Kingdom,18067.0,40,1,319.03,4,2,2,422,Premium Customers
United Kingdom,15444.0,9,2,1253.81,5,2,4,524,Premium Customers
Germany,12581.0,40,1,169.76,4,1,1,411,Premium Customers
United Kingdom,15360.0,40,1,427.93,4,1,3,413,Premium Customers
United Kingdom,15667.0,40,1,301.32,4,1,2,412,Premium Customers
Italy,12552.0,40,1,165.47,4,1,1,411,Premium Customers
United Kingdom,15977.0,17,2,633.32,5,2,3,523,Premium Customers
United Kingdom,13697.0,39,1,151.29999999999998,4,1,1,411,Premium Customers
United Kingdom,14345.0,39,1,108.98,4,1,1,411,Premium Customers
United Kingdom,17503.0,3,2,478.91,5,3,3,533,Premium Customers
France,12491.0,39,1,350.75,4,1,2,412,Premium Customers
United Kingdom,14485.0,39,1,144.35,4,1,1,411,Premium Customers
United Kingdom,13868.0,39,1,428.37,4,1,3,413,Premium Customers
United Kingdom,17668.0,1,2,145.25,5,3,1,531,Premium Customers
United Kingdom,16971.0,38,1,116.21,4,2,1,421,Premium Customers
United Kingdom,16352.0,18,2,494.44,5,2,3,523,Premium Customers
United Kingdom,15830.0,38,1,459.5,4,1,3,413,Premium Customers
United Kingdom,15275.0,38,1,473.29,4,1,3,413,Premium Customers
United Kingdom,16790.0,4,6,1485.38,5,4,4,544,Premium Customers
United Kingdom,15576.0,38,1,576.33,4,1,3,413,Premium Customers
United Kingdom,18105.0,38,1,103.53000000000002,4,2,1,421,Premium Customers
United Kingdom,18164.0,37,1,337.40000000000003,4,2,2,422,Premium Customers
United Kingdom,14974.0,37,1,79.99000000000001,4,1,1,411,Premium Customers
United Kingdom,17947.0,37,1,136.68,4,2,1,421,Premium Customers
United Kingdom,13318.0,1,3,379.54,5,3,2,532,Premium Customers
United Kingdom,18104.0,37,1,424.64,4,2,3,423,Premium Customers
United Kingdom,13271.0,37,1,211.49,4,1,2,412,Premium Customers
United Kingdom,17595.0,12,2,302.84000000000003,5,3,2,532,Premium Customers
United Kingdom,14528.0,37,1,234.84,4,1,2,412,Premium Customers
United Kingdom,16337.0,37,1,133.15,4,1,1,411,Premium Customers
United Kingdom,14098.0,37,1,147.35,4,1,1,411,Premium Customers
United Kingdom,16322.0,1,2,306.85,5,2,2,522,Premium Customers
United Kingdom,16914.0,36,1,113.86,4,2,1,421,Premium Customers
Spain,12544.0,36,1,284.9,4,1,2,412,Premium Customers
United Kingdom,13914.0,12,2,604.83,5,2,3,523,Premium Customers
United Kingdom,13467.0,11,2,860.01,5,2,4,524,Premium Customers
United Kingdom,17078.0,36,2,262.28,4,3,2,432,Premium Customers
United Kingdom,16671.0,36,1,81.75,4,2,1,421,Premium Customers
United Kingdom,13447.0,23,3,1026.69,4,3,4,434,Premium Customers
United Kingdom,15010.0,36,1,263.19,4,1,2,412,Premium Customers
United Kingdom,16318.0,35,1,304.75,4,1,2,412,Premium Customers
United Kingdom,13938.0,35,1,71.66,4,1,1,411,Premium Customers
United Kingdom,15017.0,34,1,115.63,4,1,1,411,Premium Customers
United Kingdom,12882.0,9,2,995.4,5,2,4,524,Premium Customers
United Kingdom,17387.0,20,2,591.82,4,3,3,433,Premium Customers
United Kingdom,13532.0,34,1,210.31,4,1,2,412,Premium Customers
United Kingdom,15156.0,1,3,762.39,5,3,3,533,Premium Customers
United Kingdom,14174.0,33,1,124.51,4,1,1,411,Premium Customers
United Kingdom,13040.0,9,2,676.99,5,2,3,523,Premium Customers
United Kingdom,15883.0,2,2,348.28,5,2,2,522,Premium Customers
United Kingdom,14664.0,20,2,566.59,4,2,3,423,Premium Customers
United Kingdom,15526.0,33,1,9.14,4,1,1,411,Premium Customers
United Kingdom,17831.0,33,1,35.400000000000006,4,2,1,421,Premium Customers
United Kingdom,17761.0,33,1,285.64,4,2,2,422,Premium Customers
United Kingdom,13673.0,19,2,297.79,5,2,2,522,Premium Customers
United Kingdom,14073.0,32,1,151.04,4,1,1,411,Premium Customers
United Kingdom,16070.0,22,2,852.15,4,2,3,423,Premium Customers
United Kingdom,13066.0,24,2,372.75,4,2,2,422,Premium Customers
United Kingdom,15330.0,32,1,29.76,4,1,1,411,Premium Customers
United Kingdom,14140.0,4,2,913.18,5,2,4,524,Premium Customers
United Kingdom,17313.0,31,1,210.6,4,2,2,422,Premium Customers
United Kingdom,18216.0,31,1,360.85,4,2,2,422,Premium Customers
United Kingdom,15153.0,31,1,251.82,4,1,2,412,Premium Customers
United Kingdom,16759.0,8,3,643.1,5,3,3,533,Premium Customers
United Kingdom,16751.0,31,1,216.02,4,2,2,422,Premium Customers
United Kingdom,12893.0,31,1,176.55,4,1,1,411,Premium Customers
United Kingdom,14836.0,10,3,102.45,5,3,1,531,Premium Customers
France,12532.0,30,1,297.33,4,1,2,412,Premium Customers
United Kingdom,16516.0,30,1,101.7,4,1,1,411,Premium Customers
United Kingdom,13522.0,30,1,125.8,4,1,1,411,Premium Customers
United Kingdom,14354.0,6,2,126.18,5,2,1,521,Premium Customers
United Kingdom,16953.0,30,1,20.8,4,2,1,421,Premium Customers
United Kingdom,18274.0,30,1,163.17,4,2,1,421,Premium Customers
United Kingdom,15450.0,30,1,388.94,4,1,2,412,Premium Customers
United Kingdom,15531.0,8,2,1677.6,5,2,4,524,Premium Customers
United Kingdom,17197.0,30,1,463.81,4,2,3,423,Premium Customers
United Kingdom,16025.0,30,1,423.16,4,1,2,412,Premium Customers
France,12659.0,30,1,45.6,4,1,1,411,Premium Customers
United Kingdom,17461.0,23,3,612.01,4,3,3,433,Premium Customers
United Kingdom,17791.0,30,1,106.1,4,2,1,421,Premium Customers
United Kingdom,15463.0,29,1,119.3,4,1,1,411,Premium Customers
France,12617.0,29,1,333.08,4,1,2,412,Premium Customers
United Kingdom,14863.0,29,1,266.76,4,1,2,412,Premium Customers
France,12508.0,26,2,397.88,4,2,2,422,Premium Customers
United Kingdom,17502.0,9,4,633.36,5,4,3,543,Premium Customers
United Kingdom,14789.0,29,1,169.2,4,1,1,411,Premium Customers
United Kingdom,18209.0,29,1,139.10000000000002,4,2,1,421,Premium Customers
United Kingdom,12985.0,1,2,1033.52,5,2,4,524,Premium Customers
United Kingdom,15557.0,29,1,276.26,4,1,2,412,Premium Customers
United Kingdom,15692.0,28,1,191.04,4,1,1,411,Premium Customers
United Kingdom,17052.0,28,1,350.08,4,2,2,422,Premium Customers
United Kingdom,18014.0,28,1,146.32,4,2,1,421,Premium Customers
United Kingdom,13732.0,28,1,491.86,4,1,3,413,Premium Customers
United Kingdom,14661.0,27,1,41.05,4,1,1,411,Premium Customers
United Kingdom,13170.0,27,1,101.97,4,1,1,411,Premium Customers
United Kingdom,15654.0,9,2,380.91,5,2,2,522,Premium Customers
United Kingdom,13146.0,26,1,228.91,4,1,2,412,Premium Customers
United Kingdom,13603.0,26,1,129.44,4,1,1,411,Premium Customers
United Kingdom,12938.0,26,1,100.22,4,1,1,411,Premium Customers
United Kingdom,15168.0,26,1,58.86,4,1,1,411,Premium Customers
United Kingdom,17538.0,26,1,92.66,4,2,1,421,Premium Customers
United Kingdom,18082.0,26,1,562.88,4,2,3,423,Premium Customers
United Kingdom,18117.0,26,1,220.67,4,2,2,422,Premium Customers
United Kingdom,17566.0,8,2,773.87,5,3,3,533,Premium Customers
United Kingdom,16207.0,25,1,310.38,4,1,2,412,Premium Customers
Portugal,12762.0,8,2,1211.3,5,2,4,524,Premium Customers
United Kingdom,17793.0,25,1,162.37,4,2,1,421,Premium Customers
United Kingdom,16504.0,25,1,451.84,4,1,3,413,Premium Customers
United Kingdom,15009.0,12,3,1159.28,5,3,4,534,Premium Customers
United Kingdom,16423.0,25,1,268.78,4,1,2,412,Premium Customers
United Kingdom,15419.0,25,1,84.74,4,1,1,411,Premium Customers
United Kingdom,15758.0,25,1,205.25,4,1,2,412,Premium Customers
United Kingdom,14666.0,24,1,175.35,4,1,1,411,Premium Customers
United Kingdom,17153.0,24,1,213.78,4,2,2,422,Premium Customers
United Kingdom,12950.0,8,2,284.2,5,2,2,522,Premium Customers
United Kingdom,15556.0,24,1,201.37,4,1,2,412,Premium Customers
United Kingdom,17357.0,24,2,331.04,4,3,2,432,Premium Customers
United Kingdom,13449.0,24,1,291.88,4,1,2,412,Premium Customers
United Kingdom,14385.0,9,3,202.11,5,3,2,532,Premium Customers
United Kingdom,13926.0,23,1,150.10000000000002,4,1,1,411,Premium Customers
United Kingdom,17835.0,3,3,279.54,5,3,2,532,Premium Customers
United Kingdom,15657.0,23,1,30.0,4,1,1,411,Premium Customers
United Kingdom,13160.0,22,1,75.89999999999999,4,1,1,411,Premium Customers
United Kingdom,17985.0,22,1,571.35,4,2,3,423,Premium Customers
United Kingdom,14362.0,22,1,138.75,4,1,1,411,Premium Customers
United Kingdom,13828.0,22,1,168.45,4,1,1,411,Premium Customers
United Kingdom,15435.0,22,1,109.94,4,1,1,411,Premium Customers
United Kingdom,14641.0,22,1,110.46,4,1,1,411,Premium Customers
Italy,12618.0,22,1,121.41,4,1,1,411,Premium Customers
United Kingdom,17904.0,21,1,91.62,4,2,1,421,Premium Customers
United Kingdom,17650.0,21,1,166.08,4,2,1,421,Premium Customers
Germany,12702.0,20,1,201.0,4,1,2,412,Premium Customers
United Kingdom,14881.0,20,1,221.2,4,1,2,412,Premium Customers
United Kingdom,17523.0,11,2,263.43,5,3,2,532,Premium Customers
United Kingdom,14950.0,19,1,243.5,5,1,2,512,Premium Customers
United Kingdom,14860.0,19,1,149.44,5,1,1,511,Premium Customers
United Kingdom,17636.0,19,1,285.56,5,2,2,522,Premium Customers
United Kingdom,13142.0,19,1,215.92,5,1,2,512,Premium Customers
United Kingdom,14300.0,19,1,43.2,5,1,1,511,Premium Customers
Germany,12658.0,19,1,535.4,5,1,3,513,Premium Customers
Portugal,12795.0,19,1,144.63,5,1,1,511,Premium Customers
United Kingdom,15567.0,19,1,59.7,5,1,1,511,Premium Customers
United Kingdom,12984.0,19,1,97.5,5,1,1,511,Premium Customers
United Kingdom,17253.0,18,1,113.01,5,2,1,521,Premium Customers
United Kingdom,18139.0,18,6,3112.86,5,4,5,545,Premium Customers
United Kingdom,15274.0,4,2,681.77,5,2,3,523,Premium Customers
United Kingdom,17010.0,18,1,171.96,5,2,1,521,Premium Customers
United Kingdom,17100.0,18,2,948.34,5,3,4,534,Premium Customers
United Kingdom,15699.0,18,1,201.0,5,1,2,512,Premium Customers
United Kingdom,16956.0,18,1,225.04,5,2,2,522,Premium Customers
United Kingdom,17600.0,18,1,115.68,5,2,1,521,Premium Customers
United Kingdom,15877.0,2,2,376.18,5,2,2,522,Premium Customers
United Kingdom,13322.0,17,1,199.48,5,1,1,511,Premium Customers
United Kingdom,17297.0,17,1,91.83,5,2,1,521,Premium Customers
United Kingdom,13986.0,17,1,186.06,5,1,1,511,Premium Customers
United Kingdom,18249.0,17,1,81.66,5,2,1,521,Premium Customers
United Kingdom,16376.0,9,2,721.59,5,2,3,523,Premium Customers
United Kingdom,16811.0,5,2,464.23,5,3,3,533,Premium Customers
Switzerland,12452.0,17,1,287.67,5,1,2,512,Premium Customers
United Kingdom,13638.0,16,1,97.14,5,1,1,511,Premium Customers
United Kingdom,16482.0,16,1,167.34,5,1,1,511,Premium Customers
United Kingdom,14785.0,15,1,39.48,5,1,1,511,Premium Customers
United Kingdom,15725.0,15,1,382.25,5,1,2,512,Premium Customers
United Kingdom,17247.0,15,1,205.99,5,2,2,522,Premium Customers
United Kingdom,17727.0,15,1,923.35,5,2,4,524,Premium Customers
United Kingdom,14703.0,15,1,318.17,5,1,2,512,Premium Customers
United Kingdom,17385.0,15,1,246.16,5,2,2,522,Premium Customers
United Kingdom,13525.0,15,1,90.0,5,1,1,511,Premium Customers
United Kingdom,17232.0,3,2,417.77,5,3,2,532,Premium Customers
United Kingdom,13332.0,14,1,338.4,5,1,2,512,Premium Customers
United Kingdom,14946.0,14,1,100.9,5,1,1,511,Premium Customers
United Kingdom,13596.0,6,2,586.91,5,2,3,523,Premium Customers
United Kingdom,17885.0,12,1,139.59,5,2,1,521,Premium Customers
United Kingdom,14093.0,12,1,411.9,5,1,2,512,Premium Customers
United Kingdom,15721.0,12,1,458.9,5,1,3,513,Premium Customers
United Kingdom,13844.0,11,1,345.12,5,1,2,512,Premium Customers
Germany,12479.0,11,1,426.35,5,1,3,513,Premium Customers
France,12660.0,11,1,203.7,5,1,2,512,Premium Customers
United Kingdom,17379.0,11,1,342.16,5,2,2,522,Premium Customers
United Kingdom,16800.0,11,1,817.98,5,2,3,523,Premium Customers
United Kingdom,17806.0,11,1,445.11,5,2,3,523,Premium Customers
United Kingdom,15621.0,4,3,202.01,5,3,2,532,Premium Customers
United Kingdom,13188.0,11,1,99.6,5,1,1,511,Premium Customers
United Kingdom,13349.0,11,1,197.32,5,1,1,511,Premium Customers
United Kingdom,15619.0,11,1,99.6,5,1,1,511,Premium Customers
United Kingdom,15148.0,11,1,301.29,5,1,2,512,Premium Customers
United Kingdom,14601.0,11,1,123.96,5,1,1,511,Premium Customers
United Kingdom,15783.0,11,1,165.62,5,1,1,511,Premium Customers
United Kingdom,16479.0,10,2,255.63,5,2,2,522,Premium Customers
United Kingdom,15790.0,10,1,143.43,5,1,1,511,Premium Customers
United Kingdom,13521.0,1,3,978.18,5,3,4,534,Premium Customers
United Kingdom,14349.0,10,1,125.0,5,1,1,511,Premium Customers
United Kingdom,12966.0,10,1,147.68,5,1,1,511,Premium Customers
United Kingdom,15060.0,8,4,268.75,5,3,2,532,Premium Customers
United Kingdom,17911.0,9,1,294.35,5,2,2,522,Premium Customers
United Kingdom,14804.0,9,1,224.82,5,1,2,512,Premium Customers
United Kingdom,15904.0,8,1,128.23,5,1,1,511,Premium Customers
United Kingdom,16789.0,8,1,80.8,5,2,1,521,Premium Customers
USA,12558.0,8,1,195.08,5,1,1,511,Premium Customers
United Kingdom,17942.0,8,1,1.9,5,2,1,521,Premium Customers
Finland,12587.0,8,1,104.0,5,1,1,511,Premium Customers
United Kingdom,13560.0,7,1,171.42000000000002,5,1,1,511,Premium Customers
United Kingdom,15539.0,7,1,478.46,5,1,3,513,Premium Customers
United Kingdom,13153.0,6,1,140.46,5,1,1,511,Premium Customers
United Kingdom,17936.0,5,1,327.53,5,2,2,522,Premium Customers
United Kingdom,18015.0,4,1,120.03,5,2,1,521,Premium Customers
United Kingdom,16597.0,4,1,44.24,5,2,1,521,Premium Customers
United Kingdom,13790.0,4,1,236.84,5,1,2,512,Premium Customers
Denmark,12367.0,4,1,138.3,5,1,1,511,Premium Customers
Greece,12478.0,4,1,479.59,5,1,3,513,Premium Customers
United Kingdom,15318.0,4,1,284.90000000000003,5,1,2,512,Premium Customers
United Kingdom,17914.0,4,1,230.68,5,2,2,522,Premium Customers
United Kingdom,16528.0,4,1,175.02,5,1,1,511,Premium Customers
Spain,12442.0,3,1,144.06,5,1,1,511,Premium Customers
France,12650.0,3,1,242.44000000000003,5,1,2,512,Premium Customers
United Kingdom,14578.0,3,1,111.51,5,1,1,511,Premium Customers
United Kingdom,14520.0,2,1,10.2,5,1,1,511,Premium Customers
United Kingdom,13436.0,2,1,113.54,5,1,1,511,Premium Customers
United Kingdom,15520.0,2,1,320.7,5,1,2,512,Premium Customers
United Kingdom,13298.0,1,1,90.0,5,1,1,511,Premium Customers
Germany,12713.0,1,1,722.85,5,1,3,513,Premium Customers
